-- MySQL dump 10.13  Distrib 5.7.27, for Linux (x86_64)
--
-- Host: localhost    Database: ulemc1
-- ------------------------------------------------------
-- Server version	5.7.27-0ubuntu0.16.04.1

/*!40101 SET @OLD_CHARACTER_SET_CLIENT=@@CHARACTER_SET_CLIENT */;
/*!40101 SET @OLD_CHARACTER_SET_RESULTS=@@CHARACTER_SET_RESULTS */;
/*!40101 SET @OLD_COLLATION_CONNECTION=@@COLLATION_CONNECTION */;
/*!40101 SET NAMES utf8 */;
/*!40103 SET @OLD_TIME_ZONE=@@TIME_ZONE */;
/*!40103 SET TIME_ZONE='+00:00' */;
/*!40014 SET @OLD_UNIQUE_CHECKS=@@UNIQUE_CHECKS, UNIQUE_CHECKS=0 */;
/*!40014 SET @OLD_FOREIGN_KEY_CHECKS=@@FOREIGN_KEY_CHECKS, FOREIGN_KEY_CHECKS=0 */;
/*!40101 SET @OLD_SQL_MODE=@@SQL_MODE, SQL_MODE='NO_AUTO_VALUE_ON_ZERO' */;
/*!40111 SET @OLD_SQL_NOTES=@@SQL_NOTES, SQL_NOTES=0 */;

--
-- Table structure for table `accessories`
--

DROP TABLE IF EXISTS `accessories`;
/*!40101 SET @saved_cs_client     = @@character_set_client */;
/*!40101 SET character_set_client = utf8 */;
CREATE TABLE `accessories` (
  `accessory_id` smallint(5) unsigned NOT NULL AUTO_INCREMENT,
  `accessory_name` varchar(85) NOT NULL,
  `accessory_quantity` smallint(5) unsigned DEFAULT NULL,
  `legacyid` char(16) DEFAULT NULL,
  PRIMARY KEY (`accessory_id`)
) ENGINE=InnoDB DEFAULT CHARSET=utf8;
/*!40101 SET character_set_client = @saved_cs_client */;

--
-- Dumping data for table `accessories`
--

LOCK TABLES `accessories` WRITE;
/*!40000 ALTER TABLE `accessories` DISABLE KEYS */;
/*!40000 ALTER TABLE `accessories` ENABLE KEYS */;
UNLOCK TABLES;

--
-- Table structure for table `account_activation`
--

DROP TABLE IF EXISTS `account_activation`;
/*!40101 SET @saved_cs_client     = @@character_set_client */;
/*!40101 SET character_set_client = utf8 */;
CREATE TABLE `account_activation` (
  `account_activation_id` mediumint(8) unsigned NOT NULL AUTO_INCREMENT,
  `user_id` mediumint(8) unsigned NOT NULL,
  `activation_code` varchar(30) NOT NULL,
  `date_created` datetime NOT NULL,
  PRIMARY KEY (`account_activation_id`),
  UNIQUE KEY `activation_code_2` (`activation_code`),
  KEY `activation_code` (`activation_code`),
  KEY `user_id` (`user_id`),
  CONSTRAINT `account_activation_ibfk_1` FOREIGN KEY (`user_id`) REFERENCES `users` (`user_id`) ON DELETE CASCADE
) ENGINE=InnoDB DEFAULT CHARSET=utf8;
/*!40101 SET character_set_client = @saved_cs_client */;

--
-- Dumping data for table `account_activation`
--

LOCK TABLES `account_activation` WRITE;
/*!40000 ALTER TABLE `account_activation` DISABLE KEYS */;
/*!40000 ALTER TABLE `account_activation` ENABLE KEYS */;
UNLOCK TABLES;

--
-- Table structure for table `announcement_groups`
--

DROP TABLE IF EXISTS `announcement_groups`;
/*!40101 SET @saved_cs_client     = @@character_set_client */;
/*!40101 SET character_set_client = utf8 */;
CREATE TABLE `announcement_groups` (
  `announcementid` mediumint(8) unsigned NOT NULL,
  `group_id` smallint(5) unsigned NOT NULL,
  PRIMARY KEY (`announcementid`,`group_id`),
  KEY `group_id` (`group_id`),
  CONSTRAINT `announcement_groups_ibfk_1` FOREIGN KEY (`announcementid`) REFERENCES `announcements` (`announcementid`) ON DELETE CASCADE,
  CONSTRAINT `announcement_groups_ibfk_2` FOREIGN KEY (`group_id`) REFERENCES `groups` (`group_id`) ON DELETE CASCADE
) ENGINE=InnoDB DEFAULT CHARSET=utf8;
/*!40101 SET character_set_client = @saved_cs_client */;

--
-- Dumping data for table `announcement_groups`
--

LOCK TABLES `announcement_groups` WRITE;
/*!40000 ALTER TABLE `announcement_groups` DISABLE KEYS */;
INSERT INTO `announcement_groups` VALUES (5,2);
/*!40000 ALTER TABLE `announcement_groups` ENABLE KEYS */;
UNLOCK TABLES;

--
-- Table structure for table `announcement_resources`
--

DROP TABLE IF EXISTS `announcement_resources`;
/*!40101 SET @saved_cs_client     = @@character_set_client */;
/*!40101 SET character_set_client = utf8 */;
CREATE TABLE `announcement_resources` (
  `announcementid` mediumint(8) unsigned NOT NULL,
  `resource_id` smallint(5) unsigned NOT NULL,
  PRIMARY KEY (`announcementid`,`resource_id`),
  KEY `resource_id` (`resource_id`),
  CONSTRAINT `announcement_resources_ibfk_1` FOREIGN KEY (`announcementid`) REFERENCES `announcements` (`announcementid`) ON DELETE CASCADE,
  CONSTRAINT `announcement_resources_ibfk_2` FOREIGN KEY (`resource_id`) REFERENCES `resources` (`resource_id`) ON DELETE CASCADE
) ENGINE=InnoDB DEFAULT CHARSET=utf8;
/*!40101 SET character_set_client = @saved_cs_client */;

--
-- Dumping data for table `announcement_resources`
--

LOCK TABLES `announcement_resources` WRITE;
/*!40000 ALTER TABLE `announcement_resources` DISABLE KEYS */;
/*!40000 ALTER TABLE `announcement_resources` ENABLE KEYS */;
UNLOCK TABLES;

--
-- Table structure for table `announcements`
--

DROP TABLE IF EXISTS `announcements`;
/*!40101 SET @saved_cs_client     = @@character_set_client */;
/*!40101 SET character_set_client = utf8 */;
CREATE TABLE `announcements` (
  `announcementid` mediumint(8) unsigned NOT NULL AUTO_INCREMENT,
  `announcement_text` text NOT NULL,
  `priority` mediumint(8) DEFAULT NULL,
  `start_date` datetime DEFAULT NULL,
  `end_date` datetime DEFAULT NULL,
  `display_page` tinyint(1) unsigned NOT NULL DEFAULT '1',
  PRIMARY KEY (`announcementid`),
  KEY `start_date` (`start_date`),
  KEY `end_date` (`end_date`),
  KEY `display_page` (`display_page`)
) ENGINE=InnoDB AUTO_INCREMENT=6 DEFAULT CHARSET=utf8;
/*!40101 SET character_set_client = @saved_cs_client */;

--
-- Dumping data for table `announcements`
--

LOCK TABLES `announcements` WRITE;
/*!40000 ALTER TABLE `announcements` DISABLE KEYS */;
INSERT INTO `announcements` VALUES (5,'Welcome to UL Suwon LAB\'s Scheduler!\n\nIf there are any questions in regards to the Scheduler, Please Contact CY Choi at cy.choi@ul.com',NULL,NULL,NULL,1);
/*!40000 ALTER TABLE `announcements` ENABLE KEYS */;
UNLOCK TABLES;

--
-- Table structure for table `blackout_instances`
--

DROP TABLE IF EXISTS `blackout_instances`;
/*!40101 SET @saved_cs_client     = @@character_set_client */;
/*!40101 SET character_set_client = utf8 */;
CREATE TABLE `blackout_instances` (
  `blackout_instance_id` int(10) unsigned NOT NULL AUTO_INCREMENT,
  `start_date` datetime NOT NULL,
  `end_date` datetime NOT NULL,
  `blackout_series_id` int(10) unsigned NOT NULL,
  PRIMARY KEY (`blackout_instance_id`),
  KEY `start_date` (`start_date`),
  KEY `end_date` (`end_date`),
  KEY `blackout_series_id` (`blackout_series_id`),
  CONSTRAINT `blackout_instances_ibfk_1` FOREIGN KEY (`blackout_series_id`) REFERENCES `blackout_series` (`blackout_series_id`) ON DELETE CASCADE
) ENGINE=InnoDB AUTO_INCREMENT=8 DEFAULT CHARSET=utf8;
/*!40101 SET character_set_client = @saved_cs_client */;

--
-- Dumping data for table `blackout_instances`
--

LOCK TABLES `blackout_instances` WRITE;
/*!40000 ALTER TABLE `blackout_instances` DISABLE KEYS */;
INSERT INTO `blackout_instances` VALUES (1,'2019-10-12 07:00:00','2019-10-12 15:00:00',1),(7,'2019-11-19 08:00:00','2019-11-19 12:00:00',3);
/*!40000 ALTER TABLE `blackout_instances` ENABLE KEYS */;
UNLOCK TABLES;

--
-- Table structure for table `blackout_series`
--

DROP TABLE IF EXISTS `blackout_series`;
/*!40101 SET @saved_cs_client     = @@character_set_client */;
/*!40101 SET character_set_client = utf8 */;
CREATE TABLE `blackout_series` (
  `blackout_series_id` int(10) unsigned NOT NULL AUTO_INCREMENT,
  `date_created` datetime NOT NULL,
  `last_modified` datetime DEFAULT NULL,
  `title` varchar(85) NOT NULL,
  `description` text,
  `owner_id` mediumint(8) unsigned NOT NULL,
  `legacyid` char(16) DEFAULT NULL,
  `repeat_type` varchar(10) DEFAULT NULL,
  `repeat_options` varchar(255) DEFAULT NULL,
  PRIMARY KEY (`blackout_series_id`)
) ENGINE=InnoDB AUTO_INCREMENT=4 DEFAULT CHARSET=utf8;
/*!40101 SET character_set_client = @saved_cs_client */;

--
-- Dumping data for table `blackout_series`
--

LOCK TABLES `blackout_series` WRITE;
/*!40000 ALTER TABLE `blackout_series` DISABLE KEYS */;
INSERT INTO `blackout_series` VALUES (1,'2019-10-10 13:41:34',NULL,'Calibration',NULL,310,NULL,'none',''),(3,'2019-10-15 09:07:41',NULL,'Holiday',NULL,284,NULL,'none','');
/*!40000 ALTER TABLE `blackout_series` ENABLE KEYS */;
UNLOCK TABLES;

--
-- Table structure for table `blackout_series_resources`
--

DROP TABLE IF EXISTS `blackout_series_resources`;
/*!40101 SET @saved_cs_client     = @@character_set_client */;
/*!40101 SET character_set_client = utf8 */;
CREATE TABLE `blackout_series_resources` (
  `blackout_series_id` int(10) unsigned NOT NULL,
  `resource_id` smallint(5) unsigned NOT NULL,
  PRIMARY KEY (`blackout_series_id`,`resource_id`),
  KEY `resource_id` (`resource_id`),
  CONSTRAINT `blackout_series_resources_ibfk_1` FOREIGN KEY (`blackout_series_id`) REFERENCES `blackout_series` (`blackout_series_id`) ON DELETE CASCADE,
  CONSTRAINT `blackout_series_resources_ibfk_2` FOREIGN KEY (`resource_id`) REFERENCES `resources` (`resource_id`) ON DELETE CASCADE
) ENGINE=InnoDB DEFAULT CHARSET=utf8;
/*!40101 SET character_set_client = @saved_cs_client */;

--
-- Dumping data for table `blackout_series_resources`
--

LOCK TABLES `blackout_series_resources` WRITE;
/*!40000 ALTER TABLE `blackout_series_resources` DISABLE KEYS */;
INSERT INTO `blackout_series_resources` VALUES (1,370),(3,686);
/*!40000 ALTER TABLE `blackout_series_resources` ENABLE KEYS */;
UNLOCK TABLES;

--
-- Table structure for table `credit_log`
--

DROP TABLE IF EXISTS `credit_log`;
/*!40101 SET @saved_cs_client     = @@character_set_client */;
/*!40101 SET character_set_client = utf8 */;
CREATE TABLE `credit_log` (
  `credit_log_id` int(10) unsigned NOT NULL AUTO_INCREMENT,
  `user_id` mediumint(8) unsigned NOT NULL,
  `original_credit_count` decimal(7,2) DEFAULT NULL,
  `credit_count` decimal(7,2) DEFAULT NULL,
  `credit_note` varchar(1000) DEFAULT NULL,
  `date_created` datetime NOT NULL,
  PRIMARY KEY (`credit_log_id`)
) ENGINE=InnoDB DEFAULT CHARSET=utf8;
/*!40101 SET character_set_client = @saved_cs_client */;

--
-- Dumping data for table `credit_log`
--

LOCK TABLES `credit_log` WRITE;
/*!40000 ALTER TABLE `credit_log` DISABLE KEYS */;
/*!40000 ALTER TABLE `credit_log` ENABLE KEYS */;
UNLOCK TABLES;

--
-- Table structure for table `custom_attribute_entities`
--

DROP TABLE IF EXISTS `custom_attribute_entities`;
/*!40101 SET @saved_cs_client     = @@character_set_client */;
/*!40101 SET character_set_client = utf8 */;
CREATE TABLE `custom_attribute_entities` (
  `custom_attribute_id` mediumint(8) unsigned NOT NULL,
  `entity_id` mediumint(8) unsigned NOT NULL,
  PRIMARY KEY (`custom_attribute_id`,`entity_id`),
  CONSTRAINT `custom_attribute_entities_ibfk_1` FOREIGN KEY (`custom_attribute_id`) REFERENCES `custom_attributes` (`custom_attribute_id`) ON DELETE CASCADE
) ENGINE=InnoDB DEFAULT CHARSET=utf8;
/*!40101 SET character_set_client = @saved_cs_client */;

--
-- Dumping data for table `custom_attribute_entities`
--

LOCK TABLES `custom_attribute_entities` WRITE;
/*!40000 ALTER TABLE `custom_attribute_entities` DISABLE KEYS */;
/*!40000 ALTER TABLE `custom_attribute_entities` ENABLE KEYS */;
UNLOCK TABLES;

--
-- Table structure for table `custom_attribute_values`
--

DROP TABLE IF EXISTS `custom_attribute_values`;
/*!40101 SET @saved_cs_client     = @@character_set_client */;
/*!40101 SET character_set_client = utf8 */;
CREATE TABLE `custom_attribute_values` (
  `custom_attribute_value_id` int(8) unsigned NOT NULL AUTO_INCREMENT,
  `custom_attribute_id` mediumint(8) unsigned NOT NULL,
  `attribute_value` text NOT NULL,
  `entity_id` mediumint(8) unsigned NOT NULL,
  `attribute_category` tinyint(2) unsigned NOT NULL,
  PRIMARY KEY (`custom_attribute_value_id`),
  KEY `custom_attribute_id` (`custom_attribute_id`),
  KEY `entity_id` (`entity_id`),
  KEY `attribute_category` (`attribute_category`)
) ENGINE=InnoDB AUTO_INCREMENT=224 DEFAULT CHARSET=utf8;
/*!40101 SET character_set_client = @saved_cs_client */;

--
-- Dumping data for table `custom_attribute_values`
--

LOCK TABLES `custom_attribute_values` WRITE;
/*!40000 ALTER TABLE `custom_attribute_values` DISABLE KEYS */;
/*!40000 ALTER TABLE `custom_attribute_values` ENABLE KEYS */;
UNLOCK TABLES;

--
-- Table structure for table `custom_attributes`
--

DROP TABLE IF EXISTS `custom_attributes`;
/*!40101 SET @saved_cs_client     = @@character_set_client */;
/*!40101 SET character_set_client = utf8 */;
CREATE TABLE `custom_attributes` (
  `custom_attribute_id` mediumint(8) unsigned NOT NULL AUTO_INCREMENT,
  `display_label` varchar(50) NOT NULL,
  `display_type` tinyint(2) unsigned NOT NULL,
  `attribute_category` tinyint(2) unsigned NOT NULL,
  `validation_regex` varchar(50) DEFAULT NULL,
  `is_required` tinyint(1) unsigned NOT NULL,
  `possible_values` text,
  `sort_order` tinyint(2) unsigned DEFAULT NULL,
  `admin_only` tinyint(1) unsigned DEFAULT NULL,
  `secondary_category` tinyint(2) unsigned DEFAULT NULL,
  `secondary_entity_ids` varchar(2000) DEFAULT NULL,
  `is_private` tinyint(1) unsigned DEFAULT NULL,
  `entity_id` mediumint(8) unsigned DEFAULT NULL,
  PRIMARY KEY (`custom_attribute_id`),
  KEY `attribute_category` (`attribute_category`),
  KEY `display_label` (`display_label`)
) ENGINE=InnoDB AUTO_INCREMENT=10 DEFAULT CHARSET=utf8;
/*!40101 SET character_set_client = @saved_cs_client */;

--
-- Dumping data for table `custom_attributes`
--

LOCK TABLES `custom_attributes` WRITE;
/*!40000 ALTER TABLE `custom_attributes` DISABLE KEYS */;
/*!40000 ALTER TABLE `custom_attributes` ENABLE KEYS */;
UNLOCK TABLES;

--
-- Table structure for table `custom_time_blocks`
--

DROP TABLE IF EXISTS `custom_time_blocks`;
/*!40101 SET @saved_cs_client     = @@character_set_client */;
/*!40101 SET character_set_client = utf8 */;
CREATE TABLE `custom_time_blocks` (
  `custom_time_block_id` smallint(5) unsigned NOT NULL AUTO_INCREMENT,
  `start_time` datetime NOT NULL,
  `end_time` datetime NOT NULL,
  `layout_id` mediumint(8) unsigned NOT NULL,
  PRIMARY KEY (`custom_time_block_id`),
  KEY `layout_id` (`layout_id`),
  CONSTRAINT `custom_time_blocks_ibfk_1` FOREIGN KEY (`layout_id`) REFERENCES `layouts` (`layout_id`) ON DELETE CASCADE ON UPDATE CASCADE
) ENGINE=InnoDB DEFAULT CHARSET=utf8;
/*!40101 SET character_set_client = @saved_cs_client */;

--
-- Dumping data for table `custom_time_blocks`
--

LOCK TABLES `custom_time_blocks` WRITE;
/*!40000 ALTER TABLE `custom_time_blocks` DISABLE KEYS */;
/*!40000 ALTER TABLE `custom_time_blocks` ENABLE KEYS */;
UNLOCK TABLES;

--
-- Table structure for table `dbversion`
--

DROP TABLE IF EXISTS `dbversion`;
/*!40101 SET @saved_cs_client     = @@character_set_client */;
/*!40101 SET character_set_client = utf8 */;
CREATE TABLE `dbversion` (
  `version_number` double unsigned NOT NULL DEFAULT '0',
  `version_date` timestamp NOT NULL DEFAULT CURRENT_TIMESTAMP
) ENGINE=InnoDB DEFAULT CHARSET=utf8;
/*!40101 SET character_set_client = @saved_cs_client */;

--
-- Dumping data for table `dbversion`
--

LOCK TABLES `dbversion` WRITE;
/*!40000 ALTER TABLE `dbversion` DISABLE KEYS */;
INSERT INTO `dbversion` VALUES (2.1,'2019-07-16 11:24:47'),(2.2,'2019-07-16 11:24:47'),(2.3,'2019-07-16 11:24:48'),(2.4,'2019-07-16 11:24:48'),(2.5,'2019-07-16 11:24:48'),(2.6,'2019-07-16 11:24:48'),(2.7,'2019-07-16 11:24:50');
/*!40000 ALTER TABLE `dbversion` ENABLE KEYS */;
UNLOCK TABLES;

--
-- Table structure for table `group_resource_permissions`
--

DROP TABLE IF EXISTS `group_resource_permissions`;
/*!40101 SET @saved_cs_client     = @@character_set_client */;
/*!40101 SET character_set_client = utf8 */;
CREATE TABLE `group_resource_permissions` (
  `group_id` smallint(5) unsigned NOT NULL,
  `resource_id` smallint(5) unsigned NOT NULL,
  `permission_type` tinyint(3) unsigned NOT NULL DEFAULT '0',
  PRIMARY KEY (`group_id`,`resource_id`),
  KEY `group_id` (`group_id`),
  KEY `resource_id` (`resource_id`),
  KEY `group_id_2` (`group_id`),
  KEY `resource_id_2` (`resource_id`),
  CONSTRAINT `group_resource_permissions_ibfk_1` FOREIGN KEY (`group_id`) REFERENCES `groups` (`group_id`) ON DELETE CASCADE ON UPDATE CASCADE,
  CONSTRAINT `group_resource_permissions_ibfk_2` FOREIGN KEY (`resource_id`) REFERENCES `resources` (`resource_id`) ON DELETE CASCADE ON UPDATE CASCADE
) ENGINE=InnoDB DEFAULT CHARSET=utf8;
/*!40101 SET character_set_client = @saved_cs_client */;

--
-- Dumping data for table `group_resource_permissions`
--

LOCK TABLES `group_resource_permissions` WRITE;
/*!40000 ALTER TABLE `group_resource_permissions` DISABLE KEYS */;
INSERT INTO `group_resource_permissions` VALUES (1,56,0),(1,57,0),(1,58,0),(1,59,0),(1,60,0),(1,61,0),(1,62,0),(1,63,0),(1,64,0),(1,65,0),(1,66,0),(1,67,0),(1,68,0),(1,69,0),(1,70,0),(1,71,0),(1,72,0),(1,73,0),(1,74,0),(1,75,0),(1,76,0),(1,77,0),(1,78,0),(1,79,0),(1,80,0),(1,81,0),(1,82,0),(1,83,0),(1,84,0),(1,85,0),(1,86,0),(1,87,0),(1,88,0),(1,89,0),(1,90,0),(1,91,0),(1,92,0),(1,93,0),(1,94,0),(1,95,0),(1,96,0),(1,97,0),(1,98,0),(1,99,0),(1,100,0),(1,101,0),(1,102,0),(1,103,0),(1,104,0),(1,161,0),(1,162,0),(1,163,0),(1,164,0),(1,165,0),(1,166,0),(1,167,0),(1,168,0),(1,169,0),(1,170,0),(1,171,0),(1,172,0),(1,173,0),(1,174,0),(1,175,0),(1,176,0),(1,177,0),(1,178,0),(1,179,0),(1,180,0),(1,181,0),(1,182,0),(1,183,0),(1,184,0),(1,185,0),(1,186,0),(1,187,0),(1,188,0),(1,226,0),(1,227,0),(1,228,0),(1,229,0),(1,230,0),(1,231,0),(1,232,0),(1,233,0),(1,234,0),(1,235,0),(1,236,0),(1,237,0),(1,238,0),(1,239,0),(1,240,0),(1,241,0),(1,242,0),(1,243,0),(1,244,0),(1,245,0),(1,246,0),(1,247,0),(1,248,0),(1,249,0),(1,250,0),(1,251,0),(1,252,0),(1,253,0),(1,254,0),(1,255,0),(1,256,0),(1,260,0),(1,261,0),(1,262,0),(1,263,0),(1,266,0),(1,267,0),(1,268,0),(1,269,0),(1,270,0),(1,271,0),(1,272,0),(1,273,0),(1,274,0),(1,275,0),(1,276,0),(1,277,0),(1,278,0),(1,279,0),(1,280,0),(1,281,0),(1,282,0),(1,283,0),(1,284,0),(1,286,0),(1,287,0),(1,288,0),(1,289,0),(1,290,0),(1,291,0),(1,292,0),(1,293,0),(1,294,0),(1,295,0),(1,296,0),(1,297,0),(1,298,0),(1,299,0),(1,300,0),(1,301,0),(1,302,0),(1,303,0),(1,304,0),(1,305,0),(1,306,0),(1,307,0),(1,308,0),(1,309,0),(1,310,0),(1,311,0),(1,312,0),(1,313,0),(1,314,0),(1,315,0),(1,316,0),(1,317,0),(1,318,0),(1,319,0),(1,320,0),(1,321,0),(1,322,0),(1,323,0),(1,324,0),(1,325,0),(1,327,0),(1,328,0),(1,329,0),(1,330,0),(1,331,0),(1,332,0),(1,333,0),(1,334,0),(1,335,0),(1,336,0),(1,337,0),(1,338,0),(1,339,0),(1,340,0),(1,341,0),(1,342,0),(1,343,0),(1,344,0),(1,345,0),(1,346,0),(1,347,0),(1,348,0),(1,349,0),(1,350,0),(1,351,0),(1,352,0),(1,353,0),(1,354,0),(1,355,0),(1,356,0),(1,357,0),(1,358,0),(1,359,0),(1,360,0),(1,361,0),(1,362,0),(1,363,0),(1,364,0),(1,365,0),(1,369,0),(1,370,0),(1,371,0),(1,372,0),(1,373,0),(1,374,0),(1,375,0),(1,376,0),(1,377,0),(1,378,0),(1,379,0),(1,380,0),(1,381,0),(1,382,0),(1,383,0),(1,384,0),(1,385,0),(1,386,0),(1,387,0),(1,388,0),(1,389,0),(1,390,0),(1,391,0),(1,392,0),(1,393,0),(1,394,0),(1,395,0),(1,396,0),(1,397,0),(1,398,0),(1,399,0),(1,400,0),(1,401,0),(1,402,0),(1,403,0),(1,404,0),(1,405,0),(1,406,0),(1,407,0),(1,408,0),(1,409,0),(1,410,0),(1,411,0),(1,412,0),(1,413,0),(1,414,0),(1,415,0),(1,416,0),(1,417,0),(1,418,0),(1,419,0),(1,420,0),(1,421,0),(1,422,0),(1,423,0),(1,424,0),(1,425,0),(1,426,0),(1,427,0),(1,428,0),(1,429,0),(1,440,0),(1,441,0),(1,442,0),(1,443,0),(1,444,0),(1,445,0),(1,446,0),(1,447,0),(1,448,0),(1,449,0),(1,450,0),(1,451,0),(1,452,0),(1,453,0),(1,454,0),(1,455,0),(1,456,0),(1,457,0),(1,458,0),(1,459,0),(1,460,0),(1,461,0),(1,462,0),(1,463,0),(1,464,0),(1,465,0),(1,466,0),(1,467,0),(1,468,0),(1,469,0),(1,470,0),(1,471,0),(1,472,0),(1,473,0),(1,474,0),(1,475,0),(1,476,0),(1,477,0),(1,478,0),(1,479,0),(1,480,0),(1,481,0),(1,482,0),(1,483,0),(1,484,0),(1,485,0),(1,486,0),(1,487,0),(1,488,0),(1,489,0),(1,490,0),(1,491,0),(1,492,0),(1,493,0),(1,494,0),(1,495,0),(1,496,0),(1,497,0),(1,498,0),(1,499,0),(1,501,0),(1,502,0),(1,503,0),(1,504,0),(1,505,0),(1,506,0),(1,507,0),(1,508,0),(1,509,0),(1,510,0),(1,511,0),(1,512,0),(1,513,0),(1,514,0),(1,515,0),(1,516,0),(1,517,0),(1,518,0),(1,519,0),(1,520,0),(1,521,0),(1,522,0),(1,523,0),(1,524,0),(1,525,0),(1,526,0),(1,527,0),(1,528,0),(1,529,0),(1,530,0),(1,531,0),(1,532,0),(1,533,0),(1,534,0),(1,535,0),(1,536,0),(1,537,0),(1,538,0),(1,539,0),(1,540,0),(1,541,0),(1,542,0),(1,543,0),(1,544,0),(1,545,0),(1,546,0),(1,547,0),(1,548,0),(1,549,0),(1,550,0),(1,551,0),(1,552,0),(1,553,0),(1,554,0),(1,555,0),(1,556,0),(1,557,0),(1,558,0),(1,559,0),(1,560,0),(1,561,0),(1,562,0),(1,563,0),(1,564,0),(1,565,0),(1,566,0),(1,567,0),(1,568,0),(1,569,0),(1,570,0),(1,571,0),(1,572,0),(1,573,0),(1,574,0),(1,575,0),(1,576,0),(1,577,0),(1,578,0),(1,579,0),(1,580,0),(1,581,0),(1,582,0),(1,583,0),(1,584,0),(1,585,0),(1,586,0),(1,587,0),(1,588,0),(1,589,0),(1,590,0),(1,591,0),(1,592,0),(1,593,0),(1,594,0),(1,595,0),(1,596,0),(1,597,0),(1,598,0),(1,599,0),(1,600,0),(1,601,0),(1,602,0),(1,603,0),(1,604,0),(1,605,0),(1,606,0),(1,607,0),(1,608,0),(1,609,0),(1,610,0),(1,611,0),(1,612,0),(1,613,0),(1,614,0),(1,615,0),(1,616,0),(1,617,0),(1,618,0),(1,619,0),(1,620,0),(1,621,0),(1,622,0),(1,623,0),(1,624,0),(1,625,0),(1,626,0),(1,627,0),(1,628,0),(1,629,0),(1,630,0),(1,631,0),(1,632,0),(1,633,0),(1,634,0),(1,635,0),(1,636,0),(1,637,0),(1,638,0),(1,639,0),(1,640,0),(1,641,0),(1,642,0),(1,643,0),(1,644,0),(1,645,0),(1,646,0),(1,647,0),(1,648,0),(1,649,0),(1,650,0),(1,651,0),(1,652,0),(1,653,0),(1,654,0),(1,655,0),(1,656,0),(1,657,0),(1,658,0),(1,659,0),(1,660,0),(1,661,0),(1,662,0),(1,663,0),(1,664,0),(1,666,0),(1,667,0),(1,668,0),(1,669,0),(1,670,0),(1,671,0),(1,672,0),(1,673,0),(1,674,0),(1,675,0),(1,677,0),(1,678,0),(1,680,0),(1,681,0),(1,682,0),(1,683,0),(1,684,0),(1,686,0),(1,687,0),(1,688,0),(1,689,0),(1,690,0),(1,691,0),(1,692,0),(1,693,0),(1,694,0),(1,695,0),(1,696,0),(1,697,0),(1,698,0),(1,699,0),(1,700,0),(1,701,0),(1,702,0),(1,703,0),(1,704,0),(1,705,0),(1,706,0),(1,707,0),(1,708,0),(1,709,0),(1,710,0),(1,711,0),(1,712,0),(1,713,0),(1,714,0),(1,715,0),(1,716,0),(1,717,0),(1,718,0),(1,719,0),(1,720,0),(1,721,0),(1,722,0),(1,723,0),(1,724,0),(1,725,0),(1,726,0),(1,727,0),(1,728,0),(1,729,0),(1,730,0),(1,731,0),(1,732,0),(1,733,0),(1,734,0),(1,735,0),(1,736,0),(1,737,0),(1,738,0),(1,748,0),(1,749,0),(1,750,0),(1,752,0),(1,753,0),(1,754,0),(1,755,0),(1,756,0),(1,757,0),(1,759,0),(1,760,0),(1,761,0),(1,762,0),(1,765,0),(1,766,0),(1,767,0),(1,769,0),(1,770,0),(1,772,0),(1,773,0),(1,774,0),(1,775,0),(1,776,0),(1,777,0),(1,778,0),(1,779,0),(1,780,0),(1,781,0),(1,782,0),(1,783,0),(1,784,0),(1,785,0),(1,786,0),(2,63,1),(2,64,1),(2,65,1),(2,66,1),(2,67,1),(2,68,1),(2,69,1),(2,70,1),(2,71,1),(2,72,1),(2,73,1),(2,74,1),(2,75,1),(2,76,1),(2,77,1),(2,78,1),(2,79,1),(2,80,1),(2,81,1),(2,82,1),(2,83,1),(2,84,1),(2,85,1),(2,748,1),(2,749,1),(2,752,1),(2,753,1),(2,755,1),(2,756,1),(2,761,1),(2,762,1),(2,765,1),(2,766,1),(2,767,1),(2,769,1),(2,770,1),(2,772,1),(2,773,1),(2,774,1),(2,775,1),(2,776,1),(3,63,0),(3,64,0),(3,65,0),(3,66,0),(3,67,0),(3,68,0),(3,69,0),(3,70,0),(3,71,0),(3,72,0),(3,73,0),(3,74,0),(3,75,0),(3,76,0),(3,77,0),(3,78,0),(3,79,0),(3,80,0),(3,81,0),(3,82,0),(3,83,0),(3,84,0),(3,85,0),(3,748,0),(3,749,0),(3,752,0),(3,753,0),(3,755,0),(3,756,0),(3,761,0),(3,762,0),(3,765,0),(3,766,0),(3,767,0),(3,769,0),(3,770,0),(3,772,0),(3,773,0),(3,774,0),(3,775,0),(3,776,0),(6,56,1),(6,57,1),(6,58,1),(6,59,1),(6,60,1),(6,61,1),(6,86,1),(6,87,1),(6,88,1),(6,750,1),(6,754,1),(6,757,1),(6,759,1),(6,760,1),(6,777,1),(6,780,1),(6,781,1),(6,782,1),(6,783,1),(6,784,1),(6,785,1),(7,56,0),(7,57,0),(7,58,0),(7,59,0),(7,60,0),(7,61,0),(7,86,0),(7,87,0),(7,88,0),(7,750,0),(7,754,0),(7,757,0),(7,759,0),(7,760,0),(7,777,0),(7,780,0),(7,781,0),(7,782,0),(7,783,0),(7,784,0),(7,785,0),(8,63,0),(8,64,0),(8,65,0),(8,66,0),(8,67,0),(8,68,0),(8,69,0),(8,70,0),(8,71,0),(8,72,0),(8,73,0),(8,74,0),(8,75,0),(8,76,0),(8,77,0),(8,78,0),(8,79,0),(8,80,0),(8,81,0),(8,82,0),(8,83,0),(8,84,0),(8,85,0),(8,748,0),(8,749,0),(8,752,0),(8,753,0),(8,755,0),(8,756,0),(8,761,0),(8,762,0),(8,765,0),(8,766,0),(8,767,0),(8,769,0),(8,770,0),(8,772,0),(8,773,0),(8,774,0),(8,775,0),(8,776,0),(9,56,0),(9,57,0),(9,58,0),(9,59,0),(9,60,0),(9,61,0),(9,86,0),(9,87,0),(9,88,0),(9,750,0),(9,754,0),(9,757,0),(9,759,0),(9,760,0),(9,777,0),(9,780,0),(9,781,0),(9,782,0),(9,783,0),(9,784,0),(9,785,0),(10,89,1),(10,90,1),(10,91,1),(10,92,1),(10,93,1),(10,94,1),(10,95,1),(10,96,1),(10,97,1),(10,98,1),(10,99,1),(10,100,1),(10,101,1),(10,102,1),(10,103,1),(10,104,1),(10,708,1),(10,709,1),(10,710,1),(10,711,1),(10,712,1),(10,713,1),(10,714,1),(10,715,1),(10,723,1),(10,724,1),(10,725,1),(10,726,1),(10,727,1),(10,728,1),(10,729,1),(10,730,1),(10,731,1),(10,732,1),(10,733,1),(10,734,1),(10,735,1),(10,736,1),(10,737,1),(10,738,1),(11,89,0),(11,90,0),(11,91,0),(11,92,0),(11,93,0),(11,94,0),(11,95,0),(11,96,0),(11,97,0),(11,98,0),(11,99,0),(11,100,0),(11,101,0),(11,102,0),(11,103,0),(11,104,0),(11,708,0),(11,709,0),(11,710,0),(11,711,0),(11,712,0),(11,713,0),(11,714,0),(11,715,0),(11,723,0),(11,724,0),(11,725,0),(11,726,0),(11,727,0),(11,728,0),(11,729,0),(11,730,0),(11,731,0),(11,732,0),(11,733,0),(11,734,0),(11,735,0),(11,736,0),(11,737,0),(11,738,0),(12,89,0),(12,90,0),(12,91,0),(12,92,0),(12,93,0),(12,94,0),(12,95,0),(12,96,0),(12,97,0),(12,98,0),(12,99,0),(12,100,0),(12,101,0),(12,102,0),(12,103,0),(12,104,0),(12,708,0),(12,709,0),(12,710,0),(12,711,0),(12,712,0),(12,713,0),(12,714,0),(12,715,0),(12,723,0),(12,724,0),(12,725,0),(12,726,0),(12,727,0),(12,728,0),(12,729,0),(12,730,0),(12,731,0),(12,732,0),(12,733,0),(12,734,0),(12,735,0),(12,736,0),(12,737,0),(12,738,0),(15,306,1),(15,307,1),(15,308,1),(15,309,1),(15,310,1),(15,311,1),(15,312,1),(15,313,1),(15,314,1),(15,315,1),(15,316,1),(15,317,1),(15,716,1),(15,717,1),(15,718,1),(15,719,1),(15,720,1),(15,721,1),(15,722,1),(16,306,0),(16,307,0),(16,308,0),(16,309,0),(16,310,0),(16,311,0),(16,312,0),(16,313,0),(16,314,0),(16,315,0),(16,316,0),(16,317,0),(16,716,0),(16,717,0),(16,718,0),(16,719,0),(16,720,0),(16,721,0),(16,722,0),(17,306,0),(17,307,0),(17,308,0),(17,309,0),(17,310,0),(17,311,0),(17,312,0),(17,313,0),(17,314,0),(17,315,0),(17,316,0),(17,317,0),(17,716,0),(17,717,0),(17,718,0),(17,719,0),(17,720,0),(17,721,0),(17,722,0),(18,161,1),(18,162,1),(18,163,1),(18,164,1),(18,165,1),(18,166,1),(18,167,1),(18,168,1),(18,169,1),(18,170,1),(18,171,1),(18,172,1),(18,173,1),(18,174,1),(18,175,1),(18,176,1),(18,177,1),(18,178,1),(18,179,1),(18,180,1),(18,181,1),(18,182,1),(18,183,1),(18,184,1),(18,185,1),(18,186,1),(18,187,1),(18,188,1),(18,410,1),(18,470,1),(18,471,1),(18,472,1),(18,473,1),(18,474,1),(18,475,1),(18,476,1),(18,477,1),(18,478,1),(18,479,1),(18,480,1),(18,481,1),(18,482,1),(18,483,1),(18,484,1),(18,485,1),(18,486,1),(18,487,1),(18,488,1),(18,489,1),(18,490,1),(18,491,1),(18,492,1),(18,493,1),(18,494,1),(18,495,1),(19,161,0),(19,162,0),(19,163,0),(19,164,0),(19,165,0),(19,166,0),(19,167,0),(19,168,0),(19,169,0),(19,170,0),(19,171,0),(19,172,0),(19,173,0),(19,174,0),(19,175,0),(19,176,0),(19,177,0),(19,178,0),(19,179,0),(19,180,0),(19,181,0),(19,182,0),(19,183,0),(19,184,0),(19,185,0),(19,186,0),(19,187,0),(19,188,0),(19,410,0),(19,470,0),(19,471,0),(19,472,0),(19,473,0),(19,474,0),(19,475,0),(19,476,0),(19,477,0),(19,478,0),(19,479,0),(19,480,0),(19,481,0),(19,482,0),(19,483,0),(19,484,0),(19,485,0),(19,486,0),(19,487,0),(19,488,0),(19,489,0),(19,490,0),(19,491,0),(19,492,0),(19,493,0),(19,494,0),(19,495,0),(20,161,0),(20,162,0),(20,163,0),(20,164,0),(20,165,0),(20,166,0),(20,167,0),(20,168,0),(20,169,0),(20,170,0),(20,171,0),(20,172,0),(20,173,0),(20,174,0),(20,175,0),(20,176,0),(20,177,0),(20,178,0),(20,179,0),(20,180,0),(20,181,0),(20,182,0),(20,183,0),(20,184,0),(20,185,0),(20,186,0),(20,187,0),(20,188,0),(20,410,0),(20,470,0),(20,471,0),(20,472,0),(20,473,0),(20,474,0),(20,475,0),(20,476,0),(20,477,0),(20,478,0),(20,479,0),(20,480,0),(20,481,0),(20,482,0),(20,483,0),(20,484,0),(20,485,0),(20,486,0),(20,487,0),(20,488,0),(20,489,0),(20,490,0),(20,491,0),(20,492,0),(20,493,0),(20,494,0),(20,495,0),(21,263,1),(21,266,1),(21,267,1),(21,268,1),(21,269,1),(21,270,1),(21,271,1),(21,272,1),(21,273,1),(21,274,1),(21,275,1),(21,276,1),(21,277,1),(21,278,1),(21,279,1),(21,280,1),(21,281,1),(21,282,1),(21,283,1),(21,284,1),(21,286,1),(21,287,1),(21,288,1),(21,289,1),(21,496,1),(21,497,1),(21,498,1),(21,501,1),(21,503,1),(21,504,1),(21,505,1),(21,506,1),(21,507,1),(21,508,1),(21,509,1),(21,510,1),(21,512,1),(21,513,1),(21,514,1),(21,516,1),(21,517,1),(21,518,1),(21,519,1),(21,520,1),(21,521,1),(21,522,1),(21,523,1),(21,524,1),(21,525,1),(21,526,1),(21,527,1),(21,528,1),(21,529,1),(21,530,1),(21,531,1),(21,532,1),(21,533,1),(21,534,1),(21,535,1),(21,536,1),(21,537,1),(21,538,1),(21,539,1),(21,540,1),(21,550,1),(21,551,1),(21,553,1),(21,555,1),(21,557,1),(21,778,1),(22,263,0),(22,266,0),(22,267,0),(22,268,0),(22,269,0),(22,270,0),(22,271,0),(22,272,0),(22,273,0),(22,274,0),(22,275,0),(22,276,0),(22,277,0),(22,278,0),(22,279,0),(22,280,0),(22,281,0),(22,282,0),(22,283,0),(22,284,0),(22,286,0),(22,287,0),(22,288,0),(22,289,0),(22,496,0),(22,497,0),(22,498,0),(22,501,0),(22,503,0),(22,504,0),(22,505,0),(22,506,0),(22,507,0),(22,508,0),(22,509,0),(22,510,0),(22,512,0),(22,513,0),(22,514,0),(22,516,0),(22,517,0),(22,518,0),(22,519,0),(22,520,0),(22,521,0),(22,522,0),(22,523,0),(22,524,0),(22,525,0),(22,526,0),(22,527,0),(22,528,0),(22,529,0),(22,530,0),(22,531,0),(22,532,0),(22,533,0),(22,534,0),(22,535,0),(22,536,0),(22,537,0),(22,538,0),(22,539,0),(22,540,0),(22,550,0),(22,551,0),(22,553,0),(22,555,0),(22,557,0),(22,778,0),(23,263,0),(23,266,0),(23,267,0),(23,268,0),(23,269,0),(23,270,0),(23,271,0),(23,272,0),(23,273,0),(23,274,0),(23,275,0),(23,276,0),(23,277,0),(23,278,0),(23,279,0),(23,280,0),(23,281,0),(23,282,0),(23,283,0),(23,284,0),(23,286,0),(23,287,0),(23,288,0),(23,289,0),(23,496,0),(23,497,0),(23,498,0),(23,501,0),(23,503,0),(23,504,0),(23,505,0),(23,506,0),(23,507,0),(23,508,0),(23,509,0),(23,510,0),(23,512,0),(23,513,0),(23,514,0),(23,516,0),(23,517,0),(23,518,0),(23,519,0),(23,520,0),(23,521,0),(23,522,0),(23,523,0),(23,524,0),(23,525,0),(23,526,0),(23,527,0),(23,528,0),(23,529,0),(23,530,0),(23,531,0),(23,532,0),(23,533,0),(23,534,0),(23,535,0),(23,536,0),(23,537,0),(23,538,0),(23,539,0),(23,540,0),(23,550,0),(23,551,0),(23,553,0),(23,555,0),(23,557,0),(23,778,0),(24,226,1),(24,227,1),(24,228,1),(24,229,1),(24,230,1),(24,231,1),(24,232,1),(24,233,1),(24,234,1),(24,235,1),(24,236,1),(24,237,1),(24,238,1),(24,239,1),(24,240,1),(24,241,1),(24,242,1),(24,243,1),(24,244,1),(24,245,1),(24,246,1),(24,247,1),(24,248,1),(24,249,1),(24,250,1),(24,251,1),(24,252,1),(24,253,1),(24,254,1),(24,255,1),(24,256,1),(24,260,1),(24,261,1),(24,262,1),(24,559,1),(24,560,1),(24,561,1),(24,562,1),(24,563,1),(24,564,1),(24,565,1),(24,566,1),(24,567,1),(24,568,1),(24,569,1),(24,570,1),(24,571,1),(24,572,1),(24,573,1),(24,574,1),(24,575,1),(24,576,1),(24,577,1),(24,578,1),(24,579,1),(24,580,1),(24,581,1),(24,582,1),(24,583,1),(24,584,1),(24,585,1),(24,586,1),(24,587,1),(24,588,1),(24,589,1),(24,590,1),(24,591,1),(24,592,1),(24,593,1),(24,594,1),(24,595,1),(24,596,1),(24,597,1),(24,598,1),(24,599,1),(24,600,1),(24,601,1),(25,226,0),(25,227,0),(25,228,0),(25,229,0),(25,230,0),(25,231,0),(25,232,0),(25,233,0),(25,234,0),(25,235,0),(25,236,0),(25,237,0),(25,238,0),(25,239,0),(25,240,0),(25,241,0),(25,242,0),(25,243,0),(25,244,0),(25,245,0),(25,246,0),(25,247,0),(25,248,0),(25,249,0),(25,250,0),(25,251,0),(25,252,0),(25,253,0),(25,254,0),(25,255,0),(25,256,0),(25,260,0),(25,261,0),(25,262,0),(25,559,0),(25,560,0),(25,561,0),(25,562,0),(25,563,0),(25,564,0),(25,565,0),(25,566,0),(25,567,0),(25,568,0),(25,569,0),(25,570,0),(25,571,0),(25,572,0),(25,573,0),(25,574,0),(25,575,0),(25,576,0),(25,577,0),(25,578,0),(25,579,0),(25,580,0),(25,581,0),(25,582,0),(25,583,0),(25,584,0),(25,585,0),(25,586,0),(25,587,0),(25,588,0),(25,589,0),(25,590,0),(25,591,0),(25,592,0),(25,593,0),(25,594,0),(25,595,0),(25,596,0),(25,597,0),(25,598,0),(25,599,0),(25,600,0),(25,601,0),(26,226,0),(26,227,0),(26,228,0),(26,229,0),(26,230,0),(26,231,0),(26,232,0),(26,233,0),(26,234,0),(26,235,0),(26,236,0),(26,237,0),(26,238,0),(26,239,0),(26,240,0),(26,241,0),(26,242,0),(26,243,0),(26,244,0),(26,245,0),(26,246,0),(26,247,0),(26,248,0),(26,249,0),(26,250,0),(26,251,0),(26,252,0),(26,253,0),(26,254,0),(26,255,0),(26,256,0),(26,260,0),(26,261,0),(26,262,0),(26,559,0),(26,560,0),(26,561,0),(26,562,0),(26,563,0),(26,564,0),(26,565,0),(26,566,0),(26,567,0),(26,568,0),(26,569,0),(26,570,0),(26,571,0),(26,572,0),(26,573,0),(26,574,0),(26,575,0),(26,576,0),(26,577,0),(26,578,0),(26,579,0),(26,580,0),(26,581,0),(26,582,0),(26,583,0),(26,584,0),(26,585,0),(26,586,0),(26,587,0),(26,588,0),(26,589,0),(26,590,0),(26,591,0),(26,592,0),(26,593,0),(26,594,0),(26,595,0),(26,596,0),(26,597,0),(26,598,0),(26,599,0),(26,600,0),(26,601,0),(27,290,1),(27,291,1),(27,292,1),(27,293,1),(27,294,1),(27,295,1),(27,296,1),(27,297,1),(27,298,1),(27,299,1),(27,300,1),(27,301,1),(27,302,1),(27,303,1),(27,304,1),(27,305,1),(27,621,1),(27,622,1),(27,623,1),(27,624,1),(27,625,1),(27,626,1),(27,628,1),(27,629,1),(27,630,1),(27,632,1),(27,633,1),(27,634,1),(27,635,1),(27,636,1),(27,637,1),(27,639,1),(27,640,1),(27,641,1),(27,643,1),(27,644,1),(28,290,0),(28,291,0),(28,292,0),(28,293,0),(28,294,0),(28,295,0),(28,296,0),(28,297,0),(28,298,0),(28,299,0),(28,300,0),(28,301,0),(28,302,0),(28,303,0),(28,304,0),(28,305,0),(28,621,0),(28,622,0),(28,623,0),(28,624,0),(28,625,0),(28,626,0),(28,628,0),(28,629,0),(28,630,0),(28,632,0),(28,633,0),(28,634,0),(28,635,0),(28,636,0),(28,637,0),(28,639,0),(28,640,0),(28,641,0),(28,643,0),(28,644,0),(29,290,0),(29,291,0),(29,292,0),(29,293,0),(29,294,0),(29,295,0),(29,296,0),(29,297,0),(29,298,0),(29,299,0),(29,300,0),(29,301,0),(29,302,0),(29,303,0),(29,304,0),(29,305,0),(29,621,0),(29,622,0),(29,623,0),(29,624,0),(29,625,0),(29,626,0),(29,628,0),(29,629,0),(29,630,0),(29,632,0),(29,633,0),(29,634,0),(29,635,0),(29,636,0),(29,637,0),(29,639,0),(29,640,0),(29,641,0),(29,643,0),(29,644,0),(30,348,1),(30,349,1),(30,350,1),(30,351,1),(30,352,1),(30,353,1),(30,354,1),(30,355,1),(30,356,1),(30,357,1),(30,358,1),(30,359,1),(30,360,1),(30,361,1),(30,362,1),(30,363,1),(30,364,1),(30,365,1),(30,369,1),(30,370,1),(30,371,1),(30,372,1),(30,373,1),(30,374,1),(30,375,1),(30,376,1),(30,377,1),(30,378,1),(30,379,1),(30,380,1),(30,381,1),(30,382,1),(30,383,1),(30,384,1),(30,657,1),(30,662,1),(30,663,1),(30,668,1),(30,670,1),(30,671,1),(30,677,1),(30,678,1),(30,680,1),(30,681,1),(30,682,1),(30,683,1),(30,684,1),(30,686,1),(30,687,1),(30,688,1),(30,689,1),(30,690,1),(30,691,1),(30,692,1),(30,693,1),(30,694,1),(30,695,1),(30,696,1),(30,697,1),(30,698,1),(30,699,1),(30,700,1),(30,701,1),(30,702,1),(30,703,1),(30,704,1),(30,705,1),(30,706,1),(30,707,1),(31,348,0),(31,349,0),(31,350,0),(31,351,0),(31,352,0),(31,353,0),(31,354,0),(31,355,0),(31,356,0),(31,357,0),(31,358,0),(31,359,0),(31,360,0),(31,361,0),(31,362,0),(31,363,0),(31,364,0),(31,365,0),(31,369,0),(31,370,0),(31,371,0),(31,372,0),(31,373,0),(31,374,0),(31,375,0),(31,376,0),(31,377,0),(31,378,0),(31,379,0),(31,380,0),(31,381,0),(31,382,0),(31,383,0),(31,384,0),(31,657,0),(31,662,0),(31,663,0),(31,668,0),(31,670,0),(31,671,0),(31,677,0),(31,678,0),(31,680,0),(31,681,0),(31,682,0),(31,683,0),(31,684,0),(31,686,0),(31,687,0),(31,688,0),(31,689,0),(31,690,0),(31,691,0),(31,692,0),(31,693,0),(31,694,0),(31,695,0),(31,696,0),(31,697,0),(31,698,0),(31,699,0),(31,700,0),(31,701,0),(31,702,0),(31,703,0),(31,704,0),(31,705,0),(31,706,0),(31,707,0),(32,348,0),(32,349,0),(32,350,0),(32,351,0),(32,352,0),(32,353,0),(32,354,0),(32,355,0),(32,356,0),(32,357,0),(32,358,0),(32,359,0),(32,360,0),(32,361,0),(32,362,0),(32,363,0),(32,364,0),(32,365,0),(32,369,0),(32,370,0),(32,371,0),(32,372,0),(32,373,0),(32,374,0),(32,375,0),(32,376,0),(32,377,0),(32,378,0),(32,379,0),(32,380,0),(32,381,0),(32,382,0),(32,383,0),(32,384,0),(32,657,0),(32,662,0),(32,663,0),(32,668,0),(32,670,0),(32,671,0),(32,677,0),(32,678,0),(32,680,0),(32,681,0),(32,682,0),(32,683,0),(32,684,0),(32,686,0),(32,687,0),(32,688,0),(32,689,0),(32,690,0),(32,691,0),(32,692,0),(32,693,0),(32,694,0),(32,695,0),(32,696,0),(32,697,0),(32,698,0),(32,699,0),(32,700,0),(32,701,0),(32,702,0),(32,703,0),(32,704,0),(32,705,0),(32,706,0),(32,707,0),(33,318,0),(33,319,0),(33,320,0),(33,321,0),(33,322,0),(33,323,0),(33,324,0),(33,325,0),(33,327,0),(33,328,0),(33,329,0),(33,330,0),(33,331,0),(33,332,0),(33,333,0),(33,334,0),(33,335,0),(33,336,0),(33,337,0),(33,338,0),(33,339,0),(33,340,0),(33,341,0),(33,342,0),(33,343,0),(33,344,0),(33,345,0),(33,346,0),(33,347,0),(34,318,0),(34,319,0),(34,320,0),(34,321,0),(34,322,0),(34,323,0),(34,324,0),(34,325,0),(34,327,0),(34,328,0),(34,329,0),(34,330,0),(34,331,0),(34,332,0),(34,333,0),(34,334,0),(34,335,0),(34,336,0),(34,337,0),(34,338,0),(34,339,0),(34,340,0),(34,341,0),(34,342,0),(34,343,0),(34,344,0),(34,345,0),(34,346,0),(34,347,0),(35,411,1),(35,412,1),(35,413,1),(35,414,1),(35,415,1),(35,416,1),(35,417,1),(35,418,1),(35,419,1),(35,420,1),(35,421,1),(35,422,1),(35,423,1),(35,424,1),(35,425,1),(35,426,1),(35,427,1),(35,428,1),(35,429,1),(35,463,1),(35,464,1),(35,465,1),(35,466,1),(35,467,1),(35,468,1),(35,469,1),(35,543,1),(35,544,1),(35,545,1),(35,546,1),(35,547,1),(35,548,1),(35,549,1),(35,552,1),(35,554,1),(35,556,1),(35,558,1),(36,411,0),(36,412,0),(36,413,0),(36,414,0),(36,415,0),(36,416,0),(36,417,0),(36,418,0),(36,419,0),(36,420,0),(36,421,0),(36,422,0),(36,423,0),(36,424,0),(36,425,0),(36,426,0),(36,427,0),(36,428,0),(36,429,0),(36,463,0),(36,464,0),(36,465,0),(36,466,0),(36,467,0),(36,468,0),(36,469,0),(36,543,0),(36,544,0),(36,545,0),(36,546,0),(36,547,0),(36,548,0),(36,549,0),(36,552,0),(36,554,0),(36,556,0),(36,558,0),(37,411,0),(37,412,0),(37,413,0),(37,414,0),(37,415,0),(37,416,0),(37,417,0),(37,418,0),(37,419,0),(37,420,0),(37,421,0),(37,422,0),(37,423,0),(37,424,0),(37,425,0),(37,426,0),(37,427,0),(37,428,0),(37,429,0),(37,463,0),(37,464,0),(37,465,0),(37,466,0),(37,467,0),(37,468,0),(37,469,0),(37,543,0),(37,544,0),(37,545,0),(37,546,0),(37,547,0),(37,548,0),(37,549,0),(37,552,0),(37,554,0),(37,556,0),(37,558,0),(38,318,1),(38,319,1),(38,320,1),(38,321,1),(38,322,1),(38,323,1),(38,324,1),(38,325,1),(38,327,1),(38,328,1),(38,329,1),(38,330,1),(38,331,1),(38,332,1),(38,333,1),(38,334,1),(38,335,1),(38,336,1),(38,337,1),(38,338,1),(38,339,1),(38,340,1),(38,341,1),(38,342,1),(38,343,1),(38,344,1),(38,345,1),(38,346,1),(38,347,1),(39,385,1),(39,386,1),(39,387,1),(39,388,1),(39,389,1),(39,390,1),(39,391,1),(39,392,1),(39,393,1),(39,394,1),(39,395,1),(39,396,1),(39,397,1),(39,398,1),(39,399,1),(39,400,1),(39,401,1),(39,402,1),(39,403,1),(39,404,1),(39,405,1),(39,406,1),(39,407,1),(39,408,1),(39,409,1),(39,499,1),(39,502,1),(39,511,1),(39,515,1),(39,541,1),(39,542,1),(39,602,1),(39,603,1),(39,604,1),(39,605,1),(39,606,1),(39,607,1),(39,608,1),(39,609,1),(39,610,1),(39,611,1),(39,612,1),(39,613,1),(39,614,1),(39,615,1),(39,616,1),(39,617,1),(39,618,1),(39,619,1),(39,620,1),(39,627,1),(39,631,1),(39,638,1),(39,642,1),(39,645,1),(39,646,1),(39,647,1),(39,648,1),(39,649,1),(39,650,1),(39,651,1),(39,652,1),(39,653,1),(39,654,1),(39,655,1),(39,656,1),(39,658,1),(39,659,1),(39,660,1),(39,661,1),(39,664,1),(39,666,1),(39,667,1),(39,669,1),(39,672,1),(39,673,1),(39,674,1),(39,675,1),(40,385,0),(40,386,0),(40,387,0),(40,388,0),(40,389,0),(40,390,0),(40,391,0),(40,392,0),(40,393,0),(40,394,0),(40,395,0),(40,396,0),(40,397,0),(40,398,0),(40,399,0),(40,400,0),(40,401,0),(40,402,0),(40,403,0),(40,404,0),(40,405,0),(40,406,0),(40,407,0),(40,408,0),(40,409,0),(40,499,0),(40,502,0),(40,511,0),(40,515,0),(40,541,0),(40,542,0),(40,602,0),(40,603,0),(40,604,0),(40,605,0),(40,606,0),(40,607,0),(40,608,0),(40,609,0),(40,610,0),(40,611,0),(40,612,0),(40,613,0),(40,614,0),(40,615,0),(40,616,0),(40,617,0),(40,618,0),(40,619,0),(40,620,0),(40,627,0),(40,631,0),(40,638,0),(40,642,0),(40,645,0),(40,646,0),(40,647,0),(40,648,0),(40,649,0),(40,650,0),(40,651,0),(40,652,0),(40,653,0),(40,654,0),(40,655,0),(40,656,0),(40,658,0),(40,659,0),(40,660,0),(40,661,0),(40,664,0),(40,666,0),(40,667,0),(40,669,0),(40,672,0),(40,673,0),(40,674,0),(40,675,0),(41,385,0),(41,386,0),(41,387,0),(41,388,0),(41,389,0),(41,390,0),(41,391,0),(41,392,0),(41,393,0),(41,394,0),(41,395,0),(41,396,0),(41,397,0),(41,398,0),(41,399,0),(41,400,0),(41,401,0),(41,402,0),(41,403,0),(41,404,0),(41,405,0),(41,406,0),(41,407,0),(41,408,0),(41,409,0),(41,499,0),(41,502,0),(41,511,0),(41,515,0),(41,541,0),(41,542,0),(41,602,0),(41,603,0),(41,604,0),(41,605,0),(41,606,0),(41,607,0),(41,608,0),(41,609,0),(41,610,0),(41,611,0),(41,612,0),(41,613,0),(41,614,0),(41,615,0),(41,616,0),(41,617,0),(41,618,0),(41,619,0),(41,620,0),(41,627,0),(41,631,0),(41,638,0),(41,642,0),(41,645,0),(41,646,0),(41,647,0),(41,648,0),(41,649,0),(41,650,0),(41,651,0),(41,652,0),(41,653,0),(41,654,0),(41,655,0),(41,656,0),(41,658,0),(41,659,0),(41,660,0),(41,661,0),(41,664,0),(41,666,0),(41,667,0),(41,669,0),(41,672,0),(41,673,0),(41,674,0),(41,675,0),(42,440,0),(42,441,0),(42,442,0),(42,443,0),(42,444,0),(42,445,0),(42,446,0),(42,447,0),(42,448,0),(42,449,0),(42,450,0),(42,451,0),(42,452,0),(42,453,0),(42,454,0),(42,455,0),(42,456,0),(42,457,0),(42,458,0),(42,459,0),(42,460,0),(42,461,0),(42,462,0),(42,786,0),(43,440,0),(43,441,0),(43,442,0),(43,443,0),(43,444,0),(43,445,0),(43,446,0),(43,447,0),(43,448,0),(43,449,0),(43,450,0),(43,451,0),(43,452,0),(43,453,0),(43,454,0),(43,455,0),(43,456,0),(43,457,0),(43,458,0),(43,459,0),(43,460,0),(43,461,0),(43,462,0),(43,786,0),(44,440,0),(44,441,0),(44,442,0),(44,443,0),(44,444,0),(44,445,0),(44,446,0),(44,447,0),(44,448,0),(44,449,0),(44,450,0),(44,451,0),(44,452,0),(44,453,0),(44,454,0),(44,455,0),(44,456,0),(44,457,0),(44,458,0),(44,459,0),(44,460,0),(44,461,0),(44,462,0),(44,786,0);
/*!40000 ALTER TABLE `group_resource_permissions` ENABLE KEYS */;
UNLOCK TABLES;

--
-- Table structure for table `group_roles`
--

DROP TABLE IF EXISTS `group_roles`;
/*!40101 SET @saved_cs_client     = @@character_set_client */;
/*!40101 SET character_set_client = utf8 */;
CREATE TABLE `group_roles` (
  `group_id` smallint(8) unsigned NOT NULL,
  `role_id` tinyint(2) unsigned NOT NULL,
  PRIMARY KEY (`group_id`,`role_id`),
  KEY `group_id` (`group_id`),
  KEY `role_id` (`role_id`),
  CONSTRAINT `group_roles_ibfk_1` FOREIGN KEY (`group_id`) REFERENCES `groups` (`group_id`) ON DELETE CASCADE ON UPDATE CASCADE,
  CONSTRAINT `group_roles_ibfk_2` FOREIGN KEY (`role_id`) REFERENCES `roles` (`role_id`) ON DELETE CASCADE ON UPDATE CASCADE
) ENGINE=InnoDB DEFAULT CHARSET=utf8;
/*!40101 SET character_set_client = @saved_cs_client */;

--
-- Dumping data for table `group_roles`
--

LOCK TABLES `group_roles` WRITE;
/*!40000 ALTER TABLE `group_roles` DISABLE KEYS */;
INSERT INTO `group_roles` VALUES (1,1),(3,1),(7,1),(11,1),(16,1),(19,1),(22,1),(25,1),(28,1),(31,1),(33,1),(36,1),(40,1),(43,1),(1,2),(1,3),(8,3),(9,3),(12,3),(17,3),(20,3),(23,3),(26,3),(29,3),(32,3),(34,3),(37,3),(41,3),(44,3),(1,4),(8,4),(9,4),(12,4),(17,4),(20,4),(23,4),(26,4),(29,4),(32,4),(34,4),(37,4),(41,4),(42,4),(44,4);
/*!40000 ALTER TABLE `group_roles` ENABLE KEYS */;
UNLOCK TABLES;

--
-- Table structure for table `groups`
--

DROP TABLE IF EXISTS `groups`;
/*!40101 SET @saved_cs_client     = @@character_set_client */;
/*!40101 SET character_set_client = utf8 */;
CREATE TABLE `groups` (
  `group_id` smallint(5) unsigned NOT NULL AUTO_INCREMENT,
  `name` varchar(85) NOT NULL,
  `admin_group_id` smallint(5) unsigned DEFAULT NULL,
  `legacyid` char(16) DEFAULT NULL,
  `isdefault` tinyint(1) unsigned NOT NULL DEFAULT '0',
  PRIMARY KEY (`group_id`),
  KEY `admin_group_id` (`admin_group_id`),
  KEY `isdefault` (`isdefault`),
  CONSTRAINT `groups_ibfk_1` FOREIGN KEY (`admin_group_id`) REFERENCES `groups` (`group_id`)
) ENGINE=InnoDB AUTO_INCREMENT=45 DEFAULT CHARSET=utf8;
/*!40101 SET character_set_client = @saved_cs_client */;

--
-- Dumping data for table `groups`
--

LOCK TABLES `groups` WRITE;
/*!40000 ALTER TABLE `groups` DISABLE KEYS */;
INSERT INTO `groups` VALUES (1,'Administrators',1,NULL,0),(2,'KR-SU',3,NULL,0),(3,'KR-SU Group Admin',1,NULL,0),(6,'TW-HSI',7,NULL,0),(7,'TW-HSI Group Admin',1,NULL,0),(8,'KR-SU Res Admin',3,NULL,0),(9,'TW-HSI Res Admin',7,NULL,0),(10,'CN-SON',11,NULL,0),(11,'CN-SON Group Admin',1,NULL,0),(12,'CN-SON Res Admin',11,NULL,0),(15,'DE-STU',16,NULL,0),(16,'DE-STU Group Admin',1,NULL,0),(17,'DE-STU Res Admin',16,NULL,0),(18,'JP-ATC',19,NULL,0),(19,'JP-ATC Group Admin',1,NULL,0),(20,'JP-ATC Res Admin',19,NULL,0),(21,'JP-KAS',22,NULL,0),(22,'JP-KAS Group Admin',1,NULL,0),(23,'JP-KAS Res Admin',22,NULL,0),(24,'JP-SHO',25,NULL,0),(25,'JP-SHO Group Admin',1,NULL,0),(26,'JP-SHO Res Admin',25,NULL,0),(27,'JP-YOK',28,NULL,0),(28,'JP-YOK Group Admin',1,NULL,0),(29,'JP-YOK Res Admin',28,NULL,0),(30,'UK-KP',31,NULL,0),(31,'UK-KP Group Admin',1,NULL,0),(32,'UK-KP Res Admin',31,NULL,0),(33,'US-FRE Group Admin',1,NULL,0),(34,'US-FRE Res Admin',33,NULL,0),(35,'US-RTPW',36,NULL,0),(36,'US-RTPW Group Admin',1,NULL,0),(37,'US-RTPW Res Admin',36,NULL,0),(38,'US-FRE',33,NULL,0),(39,'JP-ISE',40,NULL,0),(40,'JP-ISE Group Admin',1,NULL,0),(41,'JP-ISE Res Admin',40,NULL,0),(42,'US-NBK',43,NULL,0),(43,'US-NBK Group Admin',1,NULL,0),(44,'US-NBK Res Admin',43,NULL,0);
/*!40000 ALTER TABLE `groups` ENABLE KEYS */;
UNLOCK TABLES;

--
-- Table structure for table `layouts`
--

DROP TABLE IF EXISTS `layouts`;
/*!40101 SET @saved_cs_client     = @@character_set_client */;
/*!40101 SET character_set_client = utf8 */;
CREATE TABLE `layouts` (
  `layout_id` mediumint(8) unsigned NOT NULL AUTO_INCREMENT,
  `timezone` varchar(50) NOT NULL,
  `layout_type` tinyint(3) unsigned NOT NULL DEFAULT '0',
  PRIMARY KEY (`layout_id`)
) ENGINE=InnoDB AUTO_INCREMENT=95 DEFAULT CHARSET=utf8;
/*!40101 SET character_set_client = @saved_cs_client */;

--
-- Dumping data for table `layouts`
--

LOCK TABLES `layouts` WRITE;
/*!40000 ALTER TABLE `layouts` DISABLE KEYS */;
INSERT INTO `layouts` VALUES (1,'America/New_York',0),(34,'Europe/London',0),(40,'America/Los_Angeles',0),(42,'America/Los_Angeles',0),(43,'America/Los_Angeles',0),(49,'Asia/Shanghai',0),(50,'Asia/Shanghai',0),(51,'Asia/Shanghai',0),(52,'Asia/Shanghai',0),(53,'Asia/Shanghai',0),(54,'Asia/Shanghai',0),(55,'Asia/Shanghai',0),(56,'Asia/Shanghai',0),(59,'America/New_York',0),(61,'Europe/Berlin',0),(62,'Europe/Berlin',0),(68,'Asia/Seoul',0),(69,'Asia/Seoul',0),(70,'Asia/Seoul',0),(71,'Asia/Seoul',0),(72,'Europe/London',0),(73,'America/New_York',0),(74,'America/Chicago',0),(81,'Asia/Tokyo',0),(82,'Asia/Tokyo',0),(83,'Asia/Tokyo',0),(84,'Asia/Tokyo',0),(85,'Asia/Tokyo',0),(86,'Asia/Taipei',0),(87,'Asia/Taipei',0),(88,'Asia/Taipei',0),(94,'Europe/London',0);
/*!40000 ALTER TABLE `layouts` ENABLE KEYS */;
UNLOCK TABLES;

--
-- Table structure for table `payment_configuration`
--

DROP TABLE IF EXISTS `payment_configuration`;
/*!40101 SET @saved_cs_client     = @@character_set_client */;
/*!40101 SET character_set_client = utf8 */;
CREATE TABLE `payment_configuration` (
  `payment_configuration_id` tinyint(3) unsigned NOT NULL AUTO_INCREMENT,
  `credit_cost` decimal(7,2) unsigned NOT NULL,
  `credit_currency` varchar(10) NOT NULL,
  PRIMARY KEY (`payment_configuration_id`)
) ENGINE=InnoDB AUTO_INCREMENT=2 DEFAULT CHARSET=utf8;
/*!40101 SET character_set_client = @saved_cs_client */;

--
-- Dumping data for table `payment_configuration`
--

LOCK TABLES `payment_configuration` WRITE;
/*!40000 ALTER TABLE `payment_configuration` DISABLE KEYS */;
INSERT INTO `payment_configuration` VALUES (1,0.00,'USD');
/*!40000 ALTER TABLE `payment_configuration` ENABLE KEYS */;
UNLOCK TABLES;

--
-- Table structure for table `payment_gateway_settings`
--

DROP TABLE IF EXISTS `payment_gateway_settings`;
/*!40101 SET @saved_cs_client     = @@character_set_client */;
/*!40101 SET character_set_client = utf8 */;
CREATE TABLE `payment_gateway_settings` (
  `gateway_type` varchar(255) NOT NULL,
  `setting_name` varchar(255) NOT NULL,
  `setting_value` varchar(1000) NOT NULL,
  PRIMARY KEY (`gateway_type`,`setting_name`)
) ENGINE=InnoDB DEFAULT CHARSET=utf8;
/*!40101 SET character_set_client = @saved_cs_client */;

--
-- Dumping data for table `payment_gateway_settings`
--

LOCK TABLES `payment_gateway_settings` WRITE;
/*!40000 ALTER TABLE `payment_gateway_settings` DISABLE KEYS */;
/*!40000 ALTER TABLE `payment_gateway_settings` ENABLE KEYS */;
UNLOCK TABLES;

--
-- Table structure for table `payment_transaction_log`
--

DROP TABLE IF EXISTS `payment_transaction_log`;
/*!40101 SET @saved_cs_client     = @@character_set_client */;
/*!40101 SET character_set_client = utf8 */;
CREATE TABLE `payment_transaction_log` (
  `payment_transaction_log_id` int(10) unsigned NOT NULL AUTO_INCREMENT,
  `user_id` mediumint(8) unsigned NOT NULL,
  `status` varchar(255) NOT NULL,
  `invoice_number` varchar(50) DEFAULT NULL,
  `transaction_id` varchar(50) NOT NULL,
  `subtotal_amount` decimal(7,2) NOT NULL,
  `tax_amount` decimal(7,2) NOT NULL,
  `total_amount` decimal(7,2) NOT NULL,
  `transaction_fee` decimal(7,2) DEFAULT NULL,
  `currency` varchar(3) NOT NULL,
  `transaction_href` varchar(500) DEFAULT NULL,
  `refund_href` varchar(500) DEFAULT NULL,
  `date_created` datetime NOT NULL,
  `gateway_name` varchar(100) NOT NULL,
  `gateway_date_created` varchar(25) NOT NULL,
  `payment_response` text,
  PRIMARY KEY (`payment_transaction_log_id`),
  KEY `user_id` (`user_id`),
  KEY `invoice_number` (`invoice_number`)
) ENGINE=InnoDB DEFAULT CHARSET=utf8;
/*!40101 SET character_set_client = @saved_cs_client */;

--
-- Dumping data for table `payment_transaction_log`
--

LOCK TABLES `payment_transaction_log` WRITE;
/*!40000 ALTER TABLE `payment_transaction_log` DISABLE KEYS */;
/*!40000 ALTER TABLE `payment_transaction_log` ENABLE KEYS */;
UNLOCK TABLES;

--
-- Table structure for table `peak_times`
--

DROP TABLE IF EXISTS `peak_times`;
/*!40101 SET @saved_cs_client     = @@character_set_client */;
/*!40101 SET character_set_client = utf8 */;
CREATE TABLE `peak_times` (
  `peak_times_id` mediumint(8) unsigned NOT NULL AUTO_INCREMENT,
  `schedule_id` smallint(5) unsigned NOT NULL,
  `all_day` tinyint(1) unsigned NOT NULL,
  `start_time` varchar(10) DEFAULT NULL,
  `end_time` varchar(10) DEFAULT NULL,
  `every_day` tinyint(1) unsigned NOT NULL,
  `peak_days` varchar(13) DEFAULT NULL,
  `all_year` tinyint(1) unsigned NOT NULL,
  `begin_month` tinyint(1) unsigned NOT NULL,
  `begin_day` tinyint(1) unsigned NOT NULL,
  `end_month` tinyint(1) unsigned NOT NULL,
  `end_day` tinyint(1) unsigned NOT NULL,
  PRIMARY KEY (`peak_times_id`),
  KEY `schedule_id` (`schedule_id`),
  CONSTRAINT `peak_times_ibfk_1` FOREIGN KEY (`schedule_id`) REFERENCES `schedules` (`schedule_id`) ON DELETE CASCADE
) ENGINE=InnoDB DEFAULT CHARSET=utf8;
/*!40101 SET character_set_client = @saved_cs_client */;

--
-- Dumping data for table `peak_times`
--

LOCK TABLES `peak_times` WRITE;
/*!40000 ALTER TABLE `peak_times` DISABLE KEYS */;
/*!40000 ALTER TABLE `peak_times` ENABLE KEYS */;
UNLOCK TABLES;

--
-- Table structure for table `quotas`
--

DROP TABLE IF EXISTS `quotas`;
/*!40101 SET @saved_cs_client     = @@character_set_client */;
/*!40101 SET character_set_client = utf8 */;
CREATE TABLE `quotas` (
  `quota_id` mediumint(8) unsigned NOT NULL AUTO_INCREMENT,
  `quota_limit` decimal(7,2) unsigned NOT NULL,
  `unit` varchar(25) NOT NULL,
  `duration` varchar(25) NOT NULL,
  `resource_id` smallint(5) unsigned DEFAULT NULL,
  `group_id` smallint(5) unsigned DEFAULT NULL,
  `schedule_id` smallint(5) unsigned DEFAULT NULL,
  `enforced_days` varchar(15) DEFAULT NULL,
  `enforced_time_start` time DEFAULT NULL,
  `enforced_time_end` time DEFAULT NULL,
  `scope` varchar(25) DEFAULT NULL,
  PRIMARY KEY (`quota_id`),
  KEY `resource_id` (`resource_id`),
  KEY `group_id` (`group_id`),
  KEY `schedule_id` (`schedule_id`),
  CONSTRAINT `quotas_ibfk_1` FOREIGN KEY (`resource_id`) REFERENCES `resources` (`resource_id`) ON DELETE CASCADE ON UPDATE CASCADE,
  CONSTRAINT `quotas_ibfk_2` FOREIGN KEY (`group_id`) REFERENCES `groups` (`group_id`) ON DELETE CASCADE ON UPDATE CASCADE,
  CONSTRAINT `quotas_ibfk_3` FOREIGN KEY (`schedule_id`) REFERENCES `schedules` (`schedule_id`) ON DELETE CASCADE ON UPDATE CASCADE
) ENGINE=InnoDB DEFAULT CHARSET=utf8;
/*!40101 SET character_set_client = @saved_cs_client */;

--
-- Dumping data for table `quotas`
--

LOCK TABLES `quotas` WRITE;
/*!40000 ALTER TABLE `quotas` DISABLE KEYS */;
/*!40000 ALTER TABLE `quotas` ENABLE KEYS */;
UNLOCK TABLES;

--
-- Table structure for table `refund_transaction_log`
--

DROP TABLE IF EXISTS `refund_transaction_log`;
/*!40101 SET @saved_cs_client     = @@character_set_client */;
/*!40101 SET character_set_client = utf8 */;
CREATE TABLE `refund_transaction_log` (
  `refund_transaction_log_id` int(10) unsigned NOT NULL AUTO_INCREMENT,
  `payment_transaction_log_id` int(10) unsigned NOT NULL,
  `status` varchar(255) NOT NULL,
  `transaction_id` varchar(50) DEFAULT NULL,
  `total_refund_amount` decimal(7,2) NOT NULL,
  `payment_refund_amount` decimal(7,2) DEFAULT NULL,
  `fee_refund_amount` decimal(7,2) DEFAULT NULL,
  `transaction_href` varchar(500) DEFAULT NULL,
  `date_created` datetime NOT NULL,
  `gateway_date_created` varchar(25) NOT NULL,
  `refund_response` text,
  PRIMARY KEY (`refund_transaction_log_id`),
  KEY `payment_transaction_log_id` (`payment_transaction_log_id`),
  CONSTRAINT `refund_transaction_log_ibfk_1` FOREIGN KEY (`payment_transaction_log_id`) REFERENCES `payment_transaction_log` (`payment_transaction_log_id`) ON DELETE CASCADE
) ENGINE=InnoDB DEFAULT CHARSET=utf8;
/*!40101 SET character_set_client = @saved_cs_client */;

--
-- Dumping data for table `refund_transaction_log`
--

LOCK TABLES `refund_transaction_log` WRITE;
/*!40000 ALTER TABLE `refund_transaction_log` DISABLE KEYS */;
/*!40000 ALTER TABLE `refund_transaction_log` ENABLE KEYS */;
UNLOCK TABLES;

--
-- Table structure for table `reminders`
--

DROP TABLE IF EXISTS `reminders`;
/*!40101 SET @saved_cs_client     = @@character_set_client */;
/*!40101 SET character_set_client = utf8 */;
CREATE TABLE `reminders` (
  `reminder_id` int(11) unsigned NOT NULL AUTO_INCREMENT,
  `user_id` mediumint(8) unsigned NOT NULL,
  `address` text NOT NULL,
  `message` text NOT NULL,
  `sendtime` datetime NOT NULL,
  `refnumber` text NOT NULL,
  PRIMARY KEY (`reminder_id`),
  KEY `reminders_user_id` (`user_id`),
  CONSTRAINT `reminders_ibfk_1` FOREIGN KEY (`user_id`) REFERENCES `users` (`user_id`) ON DELETE CASCADE
) ENGINE=InnoDB DEFAULT CHARSET=utf8;
/*!40101 SET character_set_client = @saved_cs_client */;

--
-- Dumping data for table `reminders`
--

LOCK TABLES `reminders` WRITE;
/*!40000 ALTER TABLE `reminders` DISABLE KEYS */;
/*!40000 ALTER TABLE `reminders` ENABLE KEYS */;
UNLOCK TABLES;

--
-- Table structure for table `reservation_accessories`
--

DROP TABLE IF EXISTS `reservation_accessories`;
/*!40101 SET @saved_cs_client     = @@character_set_client */;
/*!40101 SET character_set_client = utf8 */;
CREATE TABLE `reservation_accessories` (
  `series_id` int(10) unsigned NOT NULL,
  `accessory_id` smallint(5) unsigned NOT NULL,
  `quantity` smallint(5) unsigned DEFAULT NULL,
  PRIMARY KEY (`series_id`,`accessory_id`),
  KEY `accessory_id` (`accessory_id`),
  KEY `series_id` (`series_id`),
  CONSTRAINT `reservation_accessories_ibfk_1` FOREIGN KEY (`accessory_id`) REFERENCES `accessories` (`accessory_id`) ON DELETE CASCADE ON UPDATE CASCADE,
  CONSTRAINT `reservation_accessories_ibfk_2` FOREIGN KEY (`series_id`) REFERENCES `reservation_series` (`series_id`) ON DELETE CASCADE ON UPDATE CASCADE
) ENGINE=InnoDB DEFAULT CHARSET=utf8;
/*!40101 SET character_set_client = @saved_cs_client */;

--
-- Dumping data for table `reservation_accessories`
--

LOCK TABLES `reservation_accessories` WRITE;
/*!40000 ALTER TABLE `reservation_accessories` DISABLE KEYS */;
/*!40000 ALTER TABLE `reservation_accessories` ENABLE KEYS */;
UNLOCK TABLES;

--
-- Table structure for table `reservation_color_rules`
--

DROP TABLE IF EXISTS `reservation_color_rules`;
/*!40101 SET @saved_cs_client     = @@character_set_client */;
/*!40101 SET character_set_client = utf8 */;
CREATE TABLE `reservation_color_rules` (
  `reservation_color_rule_id` mediumint(8) unsigned NOT NULL AUTO_INCREMENT,
  `custom_attribute_id` mediumint(8) unsigned NOT NULL,
  `attribute_type` smallint(5) unsigned DEFAULT NULL,
  `required_value` text,
  `comparison_type` smallint(5) unsigned DEFAULT NULL,
  `color` varchar(50) DEFAULT NULL,
  PRIMARY KEY (`reservation_color_rule_id`),
  KEY `custom_attribute_id` (`custom_attribute_id`),
  CONSTRAINT `reservation_color_rules_ibfk_1` FOREIGN KEY (`custom_attribute_id`) REFERENCES `custom_attributes` (`custom_attribute_id`) ON DELETE CASCADE
) ENGINE=InnoDB DEFAULT CHARSET=utf8;
/*!40101 SET character_set_client = @saved_cs_client */;

--
-- Dumping data for table `reservation_color_rules`
--

LOCK TABLES `reservation_color_rules` WRITE;
/*!40000 ALTER TABLE `reservation_color_rules` DISABLE KEYS */;
/*!40000 ALTER TABLE `reservation_color_rules` ENABLE KEYS */;
UNLOCK TABLES;

--
-- Table structure for table `reservation_files`
--

DROP TABLE IF EXISTS `reservation_files`;
/*!40101 SET @saved_cs_client     = @@character_set_client */;
/*!40101 SET character_set_client = utf8 */;
CREATE TABLE `reservation_files` (
  `file_id` int(10) unsigned NOT NULL AUTO_INCREMENT,
  `series_id` int(10) unsigned NOT NULL,
  `file_name` varchar(250) NOT NULL,
  `file_type` varchar(75) DEFAULT NULL,
  `file_size` varchar(45) NOT NULL,
  `file_extension` varchar(10) NOT NULL,
  PRIMARY KEY (`file_id`),
  KEY `series_id` (`series_id`),
  CONSTRAINT `reservation_files_ibfk_1` FOREIGN KEY (`series_id`) REFERENCES `reservation_series` (`series_id`) ON DELETE CASCADE
) ENGINE=InnoDB DEFAULT CHARSET=utf8;
/*!40101 SET character_set_client = @saved_cs_client */;

--
-- Dumping data for table `reservation_files`
--

LOCK TABLES `reservation_files` WRITE;
/*!40000 ALTER TABLE `reservation_files` DISABLE KEYS */;
/*!40000 ALTER TABLE `reservation_files` ENABLE KEYS */;
UNLOCK TABLES;

--
-- Table structure for table `reservation_guests`
--

DROP TABLE IF EXISTS `reservation_guests`;
/*!40101 SET @saved_cs_client     = @@character_set_client */;
/*!40101 SET character_set_client = utf8 */;
CREATE TABLE `reservation_guests` (
  `reservation_instance_id` int(10) unsigned NOT NULL,
  `email` varchar(255) NOT NULL,
  `reservation_user_level` tinyint(2) unsigned NOT NULL,
  PRIMARY KEY (`reservation_instance_id`,`email`),
  KEY `reservation_guests_reservation_instance_id` (`reservation_instance_id`),
  KEY `reservation_guests_email_address` (`email`),
  KEY `reservation_guests_reservation_user_level` (`reservation_user_level`),
  CONSTRAINT `reservation_guests_ibfk_1` FOREIGN KEY (`reservation_instance_id`) REFERENCES `reservation_instances` (`reservation_instance_id`) ON DELETE CASCADE ON UPDATE CASCADE
) ENGINE=InnoDB DEFAULT CHARSET=utf8;
/*!40101 SET character_set_client = @saved_cs_client */;

--
-- Dumping data for table `reservation_guests`
--

LOCK TABLES `reservation_guests` WRITE;
/*!40000 ALTER TABLE `reservation_guests` DISABLE KEYS */;
/*!40000 ALTER TABLE `reservation_guests` ENABLE KEYS */;
UNLOCK TABLES;

--
-- Table structure for table `reservation_instances`
--

DROP TABLE IF EXISTS `reservation_instances`;
/*!40101 SET @saved_cs_client     = @@character_set_client */;
/*!40101 SET character_set_client = utf8 */;
CREATE TABLE `reservation_instances` (
  `reservation_instance_id` int(10) unsigned NOT NULL AUTO_INCREMENT,
  `start_date` datetime NOT NULL,
  `end_date` datetime NOT NULL,
  `reference_number` varchar(50) NOT NULL,
  `series_id` int(10) unsigned NOT NULL,
  `checkin_date` datetime DEFAULT NULL,
  `checkout_date` datetime DEFAULT NULL,
  `previous_end_date` datetime DEFAULT NULL,
  `credit_count` decimal(7,2) unsigned DEFAULT NULL,
  PRIMARY KEY (`reservation_instance_id`),
  KEY `start_date` (`start_date`),
  KEY `end_date` (`end_date`),
  KEY `reference_number` (`reference_number`),
  KEY `series_id` (`series_id`),
  KEY `checkin_date` (`checkin_date`),
  CONSTRAINT `reservations_series` FOREIGN KEY (`series_id`) REFERENCES `reservation_series` (`series_id`) ON DELETE CASCADE
) ENGINE=InnoDB AUTO_INCREMENT=81 DEFAULT CHARSET=utf8;
/*!40101 SET character_set_client = @saved_cs_client */;

--
-- Dumping data for table `reservation_instances`
--

LOCK TABLES `reservation_instances` WRITE;
/*!40000 ALTER TABLE `reservation_instances` DISABLE KEYS */;
INSERT INTO `reservation_instances` VALUES (11,'2019-08-03 13:00:00','2019-08-03 13:30:00','5d431c3f5c254138788034',11,NULL,NULL,NULL,NULL),(12,'2019-08-03 14:00:00','2019-08-03 14:30:00','5d43e0a66a2f2479512186',12,NULL,NULL,NULL,NULL),(17,'2019-08-15 16:15:00','2019-08-15 19:45:00','5d5554aef311f611281417',17,NULL,NULL,NULL,NULL),(18,'2019-08-15 16:15:00','2019-08-15 19:45:00','5d55554f1cfc1267164696',18,NULL,NULL,NULL,NULL),(19,'2019-08-17 08:00:00','2019-08-17 12:00:00','5d555b614fe5d192851619',19,NULL,NULL,NULL,NULL),(20,'2019-08-16 12:00:00','2019-08-16 14:00:00','5d555d88739ab560743322',20,NULL,NULL,NULL,NULL),(21,'2019-08-30 06:00:00','2019-08-30 10:00:00','5d70f36502dac882320464',21,NULL,NULL,NULL,0.00),(22,'2019-09-05 06:00:00','2019-09-05 10:00:00','5d70f51614138654050898',22,NULL,NULL,NULL,0.00),(23,'2019-09-22 12:00:00','2019-09-22 12:30:00','5d8f9c1dd4401356916143',23,NULL,NULL,NULL,0.00),(24,'2019-09-07 09:00:00','2019-09-07 15:00:00','5d918ec193235716106278',24,NULL,NULL,NULL,0.00),(25,'2019-09-29 12:00:00','2019-09-29 12:30:00','5d91935b36fa5238556322',25,NULL,NULL,NULL,0.00),(26,'2019-10-02 08:00:00','2019-10-02 12:00:00','5d933b5fe448d427953534',26,NULL,NULL,NULL,NULL),(27,'2019-10-01 15:00:00','2019-10-01 17:00:00','5d944ff81c990937893019',27,NULL,NULL,NULL,0.00),(28,'2019-10-01 15:00:00','2019-10-01 17:00:00','5d94502991301674270964',28,NULL,NULL,NULL,0.00),(29,'2019-10-04 04:00:00','2019-10-04 08:00:00','5d955604e4b89427742622',29,NULL,NULL,NULL,NULL),(30,'2019-10-04 08:00:00','2019-10-04 12:00:00','5d9557e67e236662694027',30,NULL,NULL,NULL,NULL),(31,'2019-10-03 07:00:00','2019-10-03 11:00:00','5d95ddddadd72773400170',31,NULL,NULL,NULL,0.00),(32,'2019-10-03 07:00:00','2019-10-03 15:00:00','5d95e796430bd609557524',32,NULL,NULL,NULL,NULL),(33,'2019-10-03 07:00:00','2019-10-03 11:00:00','5d95e98b0d2d1672246647',33,NULL,NULL,NULL,0.00),(34,'2019-10-03 07:00:00','2019-10-03 15:00:00','5d95e9e692438675665511',34,NULL,NULL,NULL,NULL),(35,'2019-10-03 15:00:00','2019-10-03 17:00:00','5d96b25cb71cf076610136',35,NULL,NULL,NULL,0.00),(36,'2019-10-03 15:00:00','2019-10-03 17:00:00','5d96b27e035ab040680253',36,NULL,NULL,NULL,0.00),(37,'2019-09-29 15:00:00','2019-09-29 17:00:00','5d96bfc7107ff705384225',37,NULL,NULL,NULL,0.00),(38,'2019-09-29 15:00:00','2019-09-29 17:00:00','5d96bfe01ee23290331047',38,NULL,NULL,NULL,0.00),(39,'2019-10-08 08:00:00','2019-10-08 10:30:00','5d97177e005ae991750590',39,NULL,NULL,'2019-10-08 12:00:00',0.00),(40,'2019-10-08 02:00:00','2019-10-08 08:00:00','5d9afb318ba6e738735875',40,NULL,NULL,'2019-10-08 04:00:00',0.00),(41,'2019-10-07 04:00:00','2019-10-07 08:00:00','5d9c046031275157875953',41,NULL,NULL,NULL,0.00),(42,'2019-10-09 07:45:00','2019-10-09 11:15:00','5d9c57d1029f6039364282',73,NULL,NULL,'2019-10-08 15:45:00',0.00),(43,'2019-10-07 01:00:00','2019-10-07 10:00:00','5d9d810666a27771237866',58,NULL,NULL,NULL,0.00),(44,'2019-10-09 05:00:00','2019-10-09 10:00:00','5d9d814edf55b845889250',59,NULL,NULL,NULL,NULL),(45,'2019-10-07 04:00:00','2019-10-07 08:00:00','5d9edef528f8b653049163',60,NULL,NULL,NULL,0.00),(46,'2019-10-11 03:45:00','2019-10-11 07:15:00','5d9f09e593b5f468025457',79,NULL,NULL,'2019-10-11 23:45:00',NULL),(47,'2019-10-10 16:15:00','2019-10-10 19:45:00','5d9f0b7450c6e997601063',87,NULL,NULL,'2019-10-10 15:45:00',NULL),(49,'2019-10-12 12:15:00','2019-10-12 15:45:00','5d9f0b7450e1c826895081',83,NULL,NULL,NULL,NULL),(50,'2019-10-14 12:15:00','2019-10-14 15:45:00','5d9f0b7450e20246290089',80,NULL,NULL,'2019-10-13 15:45:00',NULL),(51,'2019-10-15 12:15:00','2019-10-15 15:45:00','5d9f0b7450e22531124661',80,NULL,NULL,'2019-10-14 15:45:00',NULL),(52,'2019-10-16 12:15:00','2019-10-16 15:45:00','5d9f0b7450e24520537831',80,NULL,NULL,'2019-10-15 15:45:00',NULL),(53,'2019-10-11 16:15:00','2019-10-11 19:45:00','5d9f2fef0eed5552594026',86,NULL,NULL,'2019-10-11 11:15:00',NULL),(54,'2019-10-11 16:15:00','2019-10-11 23:00:00','5d9f30fcd0213881900566',89,NULL,NULL,NULL,NULL),(55,'2019-10-12 16:15:00','2019-10-12 23:00:00','5d9f30fcd034e995421170',88,NULL,NULL,NULL,NULL),(56,'2019-10-13 16:15:00','2019-10-13 23:00:00','5d9f30fcd0352269722840',88,NULL,NULL,NULL,NULL),(57,'2019-10-14 16:15:00','2019-10-14 23:00:00','5d9f30fcd0354667753245',88,NULL,NULL,NULL,NULL),(58,'2019-10-15 16:15:00','2019-10-15 23:00:00','5d9f30fcd0357926328747',88,NULL,NULL,NULL,NULL),(59,'2019-10-16 16:15:00','2019-10-16 23:00:00','5d9f30fcd0359580945048',88,NULL,NULL,NULL,NULL),(60,'2019-10-17 16:15:00','2019-10-17 23:00:00','5d9f30fcd035c655218015',88,NULL,NULL,NULL,NULL),(61,'2019-10-18 16:15:00','2019-10-18 23:00:00','5d9f30fcd035e730436531',88,NULL,NULL,NULL,NULL),(62,'2019-10-11 16:15:00','2019-10-11 19:45:00','5d9f3387e141a052905851',90,NULL,NULL,NULL,NULL),(63,'2019-10-11 16:15:00','2019-10-11 19:45:00','5d9f33ae1d7b7526632158',91,NULL,NULL,NULL,NULL),(64,'2019-10-12 03:45:00','2019-10-12 07:15:00','5d9f38b6751e5561572016',92,NULL,NULL,NULL,NULL),(65,'2019-10-11 12:15:00','2019-10-11 15:45:00','5da03682a552d055165385',93,NULL,NULL,NULL,NULL),(66,'2019-10-11 11:00:00','2019-10-11 15:00:00','5da036bd8e09b374587304',94,NULL,NULL,NULL,NULL),(67,'2019-10-12 07:45:00','2019-10-12 11:15:00','5da0884892807018509778',95,NULL,NULL,NULL,NULL),(68,'2019-10-12 07:45:00','2019-10-12 11:15:00','5da088aa447f4801773465',96,NULL,NULL,NULL,NULL),(69,'2019-10-12 23:00:00','2019-10-12 23:45:00','5da088db21f7a653717194',97,NULL,NULL,NULL,NULL),(70,'2019-10-12 23:00:00','2019-10-12 23:45:00','5da0894ed68bc880200481',98,NULL,NULL,NULL,NULL),(71,'2019-10-13 03:45:00','2019-10-13 07:15:00','5da089c1a07b3287304974',99,NULL,NULL,NULL,NULL),(72,'2019-10-16 12:00:00','2019-10-16 20:00:00','5da485b7735f4442821426',100,NULL,NULL,NULL,NULL),(73,'2019-11-18 04:00:00','2019-11-18 12:00:00','5da588f73f0a8609652160',101,NULL,NULL,NULL,NULL),(74,'2019-11-19 04:00:00','2019-11-19 08:00:00','5da589d363bec648332747',102,NULL,NULL,NULL,NULL),(75,'2019-11-19 08:00:00','2019-11-19 12:00:00','5da58a3ed5e63107613028',105,NULL,NULL,'2019-11-20 08:00:00',NULL),(76,'2019-11-20 04:00:00','2019-11-20 12:00:00','5da58b8b37c4c576403595',108,NULL,NULL,'2019-11-20 08:00:00',NULL),(77,'2019-11-19 12:00:00','2019-11-19 16:00:00','5da591696a476769528073',113,NULL,NULL,NULL,NULL),(78,'2019-10-15 01:00:00','2019-10-15 10:00:00','5da6d22e72792992495723',114,NULL,NULL,NULL,0.00),(79,'2019-10-21 02:00:00','2019-10-21 06:00:00','5dad53102b9c3167130904',115,NULL,NULL,NULL,0.00),(80,'2019-10-21 06:00:00','2019-10-21 10:00:00','5dae6cf0c0911055485714',116,NULL,NULL,NULL,0.00);
/*!40000 ALTER TABLE `reservation_instances` ENABLE KEYS */;
UNLOCK TABLES;

--
-- Table structure for table `reservation_reminders`
--

DROP TABLE IF EXISTS `reservation_reminders`;
/*!40101 SET @saved_cs_client     = @@character_set_client */;
/*!40101 SET character_set_client = utf8 */;
CREATE TABLE `reservation_reminders` (
  `reminder_id` int(11) unsigned NOT NULL AUTO_INCREMENT,
  `series_id` int(10) unsigned NOT NULL,
  `minutes_prior` int(10) unsigned NOT NULL,
  `reminder_type` tinyint(2) unsigned NOT NULL,
  PRIMARY KEY (`reminder_id`),
  KEY `series_id` (`series_id`),
  KEY `reminder_type` (`reminder_type`),
  CONSTRAINT `reservation_reminders_ibfk_1` FOREIGN KEY (`series_id`) REFERENCES `reservation_series` (`series_id`) ON DELETE CASCADE
) ENGINE=InnoDB DEFAULT CHARSET=utf8;
/*!40101 SET character_set_client = @saved_cs_client */;

--
-- Dumping data for table `reservation_reminders`
--

LOCK TABLES `reservation_reminders` WRITE;
/*!40000 ALTER TABLE `reservation_reminders` DISABLE KEYS */;
/*!40000 ALTER TABLE `reservation_reminders` ENABLE KEYS */;
UNLOCK TABLES;

--
-- Table structure for table `reservation_resources`
--

DROP TABLE IF EXISTS `reservation_resources`;
/*!40101 SET @saved_cs_client     = @@character_set_client */;
/*!40101 SET character_set_client = utf8 */;
CREATE TABLE `reservation_resources` (
  `series_id` int(10) unsigned NOT NULL,
  `resource_id` smallint(5) unsigned NOT NULL,
  `resource_level_id` tinyint(2) unsigned NOT NULL,
  PRIMARY KEY (`series_id`,`resource_id`),
  KEY `resource_id` (`resource_id`),
  KEY `series_id` (`series_id`),
  CONSTRAINT `reservation_resources_ibfk_1` FOREIGN KEY (`resource_id`) REFERENCES `resources` (`resource_id`) ON DELETE CASCADE ON UPDATE CASCADE,
  CONSTRAINT `reservation_resources_ibfk_2` FOREIGN KEY (`series_id`) REFERENCES `reservation_series` (`series_id`) ON DELETE CASCADE ON UPDATE CASCADE
) ENGINE=InnoDB DEFAULT CHARSET=utf8;
/*!40101 SET character_set_client = @saved_cs_client */;

--
-- Dumping data for table `reservation_resources`
--

LOCK TABLES `reservation_resources` WRITE;
/*!40000 ALTER TABLE `reservation_resources` DISABLE KEYS */;
INSERT INTO `reservation_resources` VALUES (11,62,1),(12,62,1),(17,370,1),(18,371,1),(19,86,1),(20,411,1),(21,316,1),(22,316,1),(23,62,1),(24,284,1),(24,286,2),(24,287,2),(25,62,1),(26,90,1),(27,261,1),(28,227,1),(29,60,1),(30,60,1),(31,358,1),(32,354,1),(33,358,1),(34,359,1),(35,261,1),(36,226,1),(37,386,1),(38,388,1),(39,87,1),(40,60,1),(41,422,1),(41,463,2),(42,371,1),(42,700,2),(43,371,1),(43,700,2),(44,371,1),(44,700,2),(45,371,1),(45,700,2),(46,371,1),(46,700,2),(47,371,1),(47,700,2),(48,371,1),(48,700,2),(49,371,1),(49,700,2),(50,371,1),(50,700,2),(51,371,1),(51,700,2),(52,371,1),(52,700,2),(53,371,1),(53,700,2),(54,371,1),(54,700,2),(55,371,1),(55,700,2),(56,371,1),(56,700,2),(57,371,1),(57,700,2),(58,60,1),(58,760,2),(59,87,1),(59,759,2),(60,90,1),(61,370,1),(61,371,2),(62,370,1),(62,371,2),(63,370,1),(63,371,2),(64,370,1),(64,371,2),(65,370,1),(65,371,2),(66,370,1),(66,371,2),(67,370,1),(67,371,2),(68,370,1),(68,371,2),(69,370,1),(69,371,2),(70,370,1),(70,371,2),(71,371,1),(71,700,2),(72,371,1),(72,700,2),(73,371,1),(73,700,2),(74,370,1),(74,371,2),(75,370,1),(75,371,2),(76,370,1),(76,371,2),(77,370,1),(77,371,2),(78,370,1),(78,371,2),(79,370,1),(79,371,2),(80,371,1),(81,371,1),(82,371,1),(83,371,1),(84,369,1),(84,671,2),(85,369,1),(85,671,2),(86,369,1),(86,671,2),(87,371,1),(88,372,1),(88,373,2),(89,372,1),(89,373,2),(90,370,1),(91,371,1),(92,363,1),(92,691,2),(93,363,1),(94,351,1),(95,662,1),(96,663,1),(96,692,2),(97,663,1),(97,692,2),(98,657,1),(98,690,2),(99,657,1),(99,692,2),(100,412,1),(100,543,2),(101,351,1),(101,687,2),(102,351,1),(102,687,2),(103,351,1),(103,687,2),(104,351,1),(104,687,2),(105,351,1),(105,687,2),(106,351,1),(106,687,2),(107,351,1),(107,687,2),(108,351,1),(108,687,2),(109,686,2),(109,779,1),(110,348,1),(110,686,2),(111,686,2),(111,779,1),(112,686,2),(112,779,1),(113,354,1),(113,686,2),(114,87,1),(114,759,2),(115,60,1),(115,760,2),(116,56,1);
/*!40000 ALTER TABLE `reservation_resources` ENABLE KEYS */;
UNLOCK TABLES;

--
-- Table structure for table `reservation_series`
--

DROP TABLE IF EXISTS `reservation_series`;
/*!40101 SET @saved_cs_client     = @@character_set_client */;
/*!40101 SET character_set_client = utf8 */;
CREATE TABLE `reservation_series` (
  `series_id` int(10) unsigned NOT NULL AUTO_INCREMENT,
  `date_created` datetime NOT NULL,
  `last_modified` datetime DEFAULT NULL,
  `title` varchar(300) DEFAULT NULL,
  `description` text,
  `allow_participation` tinyint(1) unsigned NOT NULL,
  `allow_anon_participation` tinyint(1) unsigned NOT NULL,
  `type_id` tinyint(2) unsigned NOT NULL,
  `status_id` tinyint(2) unsigned NOT NULL,
  `repeat_type` varchar(10) DEFAULT NULL,
  `repeat_options` varchar(255) DEFAULT NULL,
  `owner_id` mediumint(8) unsigned NOT NULL,
  `legacyid` char(16) DEFAULT NULL,
  `last_action_by` mediumint(8) unsigned DEFAULT NULL,
  `terms_date_accepted` datetime DEFAULT NULL,
  `client_name` varchar(120) DEFAULT NULL,
  `project` varchar(120) DEFAULT NULL,
  `client_on_site` varchar(2) DEFAULT NULL,
  `sample_on_site` varchar(2) DEFAULT NULL,
  PRIMARY KEY (`series_id`),
  KEY `type_id` (`type_id`),
  KEY `status_id` (`status_id`),
  KEY `reservations_owner` (`owner_id`),
  CONSTRAINT `reservations_owner` FOREIGN KEY (`owner_id`) REFERENCES `users` (`user_id`) ON DELETE CASCADE,
  CONSTRAINT `reservations_status` FOREIGN KEY (`status_id`) REFERENCES `reservation_statuses` (`status_id`) ON UPDATE CASCADE,
  CONSTRAINT `reservations_type` FOREIGN KEY (`type_id`) REFERENCES `reservation_types` (`type_id`) ON UPDATE CASCADE
) ENGINE=InnoDB AUTO_INCREMENT=117 DEFAULT CHARSET=utf8;
/*!40101 SET character_set_client = @saved_cs_client */;

--
-- Dumping data for table `reservation_series`
--

LOCK TABLES `reservation_series` WRITE;
/*!40000 ALTER TABLE `reservation_series` DISABLE KEYS */;
INSERT INTO `reservation_series` VALUES (11,'2019-08-01 17:07:11',NULL,'','',0,0,1,1,'none','',431,NULL,431,NULL,NULL,NULL,NULL,NULL),(12,'2019-08-02 07:05:10',NULL,'test','tes',0,0,1,1,'none','',431,NULL,431,NULL,NULL,NULL,NULL,NULL),(17,'2019-08-15 12:48:47',NULL,'Test Booking','Testing for EN55032',0,0,1,1,'none','',310,NULL,310,NULL,NULL,NULL,NULL,NULL),(18,'2019-08-15 12:51:27',NULL,'Test Scheduling','Testing for EN12345',0,0,1,1,'none','',310,NULL,310,NULL,NULL,NULL,NULL,NULL),(19,'2019-08-15 13:17:21','2019-08-18 08:06:20','Dev Meeting Title','Dev Meeting Description',0,0,1,2,'none','',1,NULL,2,NULL,NULL,NULL,NULL,NULL),(20,'2019-08-15 13:26:32','2019-08-18 08:06:06','(US-RTPW) Chamber A Dev','(US-RTPW) Chamber A Dev',0,0,1,2,'none','',1,NULL,2,NULL,NULL,NULL,NULL,NULL),(21,'2019-09-05 11:37:09','2019-09-05 11:43:35','Dev Test','Dev',0,0,1,2,'none','',1,NULL,1,NULL,NULL,NULL,NULL,NULL),(22,'2019-09-05 11:44:22','2019-09-05 12:30:39','Dev Meeting','Dev',0,0,1,1,'none','',1,NULL,1,NULL,NULL,NULL,NULL,NULL),(23,'2019-09-28 17:45:01',NULL,'tst','test',0,0,1,1,'none','',1,NULL,1,NULL,NULL,NULL,NULL,NULL),(24,'2019-09-30 05:12:33','2019-09-30 06:31:25','test','test',0,0,1,1,'none','',1,NULL,1,NULL,'test','',NULL,NULL),(25,'2019-09-30 05:32:11','2019-10-01 01:16:34','test test','test',0,0,1,2,'none','',1,NULL,1,NULL,'test','1212','1',NULL),(26,'2019-10-01 11:41:19','2019-10-01 11:42:12','Dev Test','test',0,0,1,2,'none','',1,NULL,1,NULL,'test','',NULL,'1'),(27,'2019-10-02 07:21:28',NULL,'EN 300 328','radiaed emission',0,0,1,1,'none','',430,NULL,430,NULL,'Sony','123456','1',NULL),(28,'2019-10-02 07:22:17',NULL,'asfdg','dasdf',0,0,1,1,'none','',430,NULL,430,NULL,'sdfads','dfasdf','1',NULL),(29,'2019-10-03 01:59:32','2019-10-03 09:55:23','RF Pretest','DFS test',0,0,1,2,'none','',415,NULL,415,NULL,'HAWKEYE TECH','','1',NULL),(30,'2019-10-03 02:07:34','2019-10-03 09:55:29','RF Pretest','DFS test',0,0,1,2,'none','',415,NULL,415,NULL,'HAWKEYE TECH','','1',NULL),(31,'2019-10-03 11:39:09','2019-10-03 11:39:28','Test','Test',0,0,1,2,'none','',284,NULL,284,NULL,'Test','Test',NULL,NULL),(32,'2019-10-03 12:20:38','2019-10-03 12:41:10','SCALANCE - FCC 5G WLAN Conducted','SCALANCE - FCC 5G WLAN Conducted',0,0,1,2,'none','',284,NULL,284,NULL,'Siemens','11909763',NULL,'1'),(33,'2019-10-03 12:28:59','2019-10-03 12:40:57','Test','Test',0,0,1,2,'none','',284,NULL,284,NULL,'Test','12345678',NULL,NULL),(34,'2019-10-03 12:30:30','2019-10-03 12:41:04','Test','Test',0,0,1,2,'none','',284,NULL,284,NULL,'Test','12345678',NULL,NULL),(35,'2019-10-04 02:45:48',NULL,'ABCD','EFGH',0,0,1,1,'none','',430,NULL,430,NULL,'Sony','','1',NULL),(36,'2019-10-04 02:46:22',NULL,'qwert','qwerty',0,0,1,1,'none','',430,NULL,430,NULL,'EPSON','','1',NULL),(37,'2019-10-04 03:43:03',NULL,'dfg','fg',0,0,1,1,'none','',430,NULL,430,NULL,'fg','fg','1',NULL),(38,'2019-10-04 03:43:28',NULL,'dfdsa','fdsadasf',0,0,1,1,'none','',430,NULL,430,NULL,'dafda','fsda','1',NULL),(39,'2019-10-04 09:57:18','2019-10-09 06:37:17','Project debug','LTE200n Harmonic issue',0,0,1,1,'none','',415,NULL,415,NULL,'Draytek_Michael','4788744190','1','1'),(40,'2019-10-07 08:45:37','2019-10-09 06:36:57','Project debug','CE Adaptivity, JP Carrier sense',0,0,1,1,'none','',415,NULL,415,NULL,'Sparklan','4789136426','1','1'),(41,'2019-10-08 03:37:04','2019-10-08 03:37:34','test','test',0,0,1,2,'none','',1,NULL,1,NULL,'test','',NULL,NULL),(42,'2019-10-08 09:33:05',NULL,'Site 52 RSE Calibration','WLAN RSE Site 52 site improvement',0,0,1,1,'none','',310,NULL,310,NULL,'UL VS LTD','1',NULL,NULL),(43,'2019-10-08 09:33:31',NULL,'Site 52 RSE Calibration','WLAN RSE Site 52 site improvement',0,0,1,1,'none','',310,NULL,310,NULL,NULL,NULL,NULL,NULL),(44,'2019-10-08 09:33:35',NULL,'Site 52 RSE Calibration','WLAN RSE Site 52 site improvement',0,0,1,1,'none','',310,NULL,310,NULL,NULL,NULL,NULL,NULL),(45,'2019-10-08 09:33:59',NULL,'Site 52 RSE Calibration','WLAN RSE Site 52 site improvement',0,0,1,1,'none','',310,NULL,310,NULL,NULL,NULL,NULL,NULL),(46,'2019-10-08 09:34:07',NULL,'Site 52 RSE Calibration','WLAN RSE Site 52 site improvement',0,0,1,1,'none','',310,NULL,310,NULL,NULL,NULL,NULL,NULL),(47,'2019-10-08 09:34:13',NULL,'Site 52 RSE Calibration','WLAN RSE Site 52 site improvement',0,0,1,1,'none','',310,NULL,310,NULL,NULL,NULL,NULL,NULL),(48,'2019-10-08 09:34:16',NULL,'Site 52 RSE Calibration','WLAN RSE Site 52 site improvement',0,0,1,1,'none','',310,NULL,310,NULL,NULL,NULL,NULL,NULL),(49,'2019-10-08 09:34:34',NULL,'Site 52 RSE Calibration','WLAN RSE Site 52 site improvement',0,0,1,1,'none','',310,NULL,310,NULL,NULL,NULL,NULL,NULL),(50,'2019-10-08 09:34:37',NULL,'Site 52 RSE Calibration','WLAN RSE Site 52 site improvement',0,0,1,1,'none','',310,NULL,310,NULL,NULL,NULL,NULL,NULL),(51,'2019-10-08 09:34:42','2019-10-08 10:29:58','Site 52 RSE Calibration','WLAN RSE Site 52 site improvement',0,0,1,1,'none','',310,NULL,310,NULL,'UL VS LTD','',NULL,NULL),(52,'2019-10-08 10:28:32',NULL,'Site 52 RSE Calibration','WLAN RSE Site 52 site improvement',0,0,1,1,'none','',310,NULL,310,NULL,'UL VS LTD','',NULL,NULL),(53,'2019-10-08 10:30:09','2019-10-08 10:36:26','Site 52 RSE Calibration','WLAN RSE Site 52 site improvement',0,0,1,1,'none','',310,NULL,310,NULL,'UL VS LTD','',NULL,NULL),(54,'2019-10-08 10:36:41',NULL,'Site 52 RSE Calibration','WLAN RSE Site 52 site improvement',0,0,1,1,'none','',310,NULL,310,NULL,NULL,NULL,NULL,NULL),(55,'2019-10-08 10:36:50',NULL,'Site 52 RSE Calibration','WLAN RSE Site 52 site improvement',0,0,1,1,'none','',310,NULL,310,NULL,NULL,NULL,NULL,NULL),(56,'2019-10-08 10:37:22',NULL,'Site 52 RSE Calibration','WLAN RSE Site 52 site improvement',0,0,1,1,'none','',310,NULL,310,NULL,NULL,NULL,NULL,NULL),(57,'2019-10-08 10:37:26',NULL,'Site 52 RSE Calibration','WLAN RSE Site 52 site improvement',0,0,1,1,'none','',310,NULL,310,NULL,NULL,NULL,NULL,NULL),(58,'2019-10-09 06:41:10',NULL,'RF Pretest','FCC WiFi 5G',0,0,1,1,'none','',415,NULL,415,NULL,'Ubiquiti','N/A',NULL,'1'),(59,'2019-10-09 06:42:22',NULL,'RF Pretest','FCC WiFi 5G',0,0,1,1,'none','',415,NULL,415,NULL,'Ubiquiti','N/A',NULL,'1'),(60,'2019-10-10 07:34:13','2019-10-10 07:34:25','test','test',0,0,1,2,'none','',1,NULL,1,NULL,'test','test',NULL,NULL),(61,'2019-10-10 10:37:25',NULL,'Test Booking','Test Booking Desc.',0,0,1,1,'none','',310,NULL,310,NULL,'UL VS LTD','123123JD01',NULL,NULL),(62,'2019-10-10 10:37:48',NULL,'Test Booking','Test Booking Desc.',0,0,1,1,'none','',310,NULL,310,NULL,NULL,NULL,NULL,NULL),(63,'2019-10-10 10:39:27',NULL,'Test Booking','Test Booking Desc.',0,0,1,1,'none','',310,NULL,310,NULL,NULL,NULL,NULL,NULL),(64,'2019-10-10 10:39:31',NULL,'Test Booking','Test Booking Desc.',0,0,1,1,'none','',310,NULL,310,NULL,NULL,NULL,NULL,NULL),(65,'2019-10-10 10:39:33',NULL,'Test Booking','Test Booking Desc.',0,0,1,1,'none','',310,NULL,310,NULL,NULL,NULL,NULL,NULL),(66,'2019-10-10 10:39:37',NULL,'Test Booking','Test Booking Desc.',0,0,1,1,'none','',310,NULL,310,NULL,NULL,NULL,NULL,NULL),(67,'2019-10-10 10:39:40',NULL,'Test Booking','Test Booking Desc.',0,0,1,1,'none','',310,NULL,310,NULL,NULL,NULL,NULL,NULL),(68,'2019-10-10 10:39:41',NULL,'Test Booking','Test Booking Desc.',0,0,1,1,'none','',310,NULL,310,NULL,NULL,NULL,NULL,NULL),(69,'2019-10-10 10:39:43',NULL,'Test Booking','Test Booking Desc.',0,0,1,1,'none','',310,NULL,310,NULL,NULL,NULL,NULL,NULL),(70,'2019-10-10 10:39:45',NULL,'Test Booking','Test Booking Desc.',0,0,1,1,'none','',310,NULL,310,NULL,NULL,NULL,NULL,NULL),(71,'2019-10-10 10:39:48',NULL,'Site 52 RSE Calibration','WLAN RSE Site 52 site improvement',0,0,1,1,'none','',310,NULL,310,NULL,NULL,NULL,NULL,NULL),(72,'2019-10-10 10:39:53',NULL,'Site 52 RSE Calibration','WLAN RSE Site 52 site improvement',0,0,1,1,'none','',310,NULL,310,NULL,NULL,NULL,NULL,NULL),(73,'2019-10-10 10:39:57',NULL,'Site 52 RSE Calibration','WLAN RSE Site 52 site improvement',0,0,1,1,'none','',310,NULL,310,NULL,NULL,NULL,NULL,NULL),(74,'2019-10-10 10:40:02',NULL,'Test Booking','Test Booking Desc.',0,0,1,1,'none','',310,NULL,310,NULL,NULL,NULL,NULL,NULL),(75,'2019-10-10 10:40:07',NULL,'Test Booking','Test Booking Desc.',0,0,1,1,'none','',310,NULL,310,NULL,NULL,NULL,NULL,NULL),(76,'2019-10-10 10:40:12',NULL,'Test Booking','Test Booking Desc.',0,0,1,1,'none','',310,NULL,310,NULL,NULL,NULL,NULL,NULL),(77,'2019-10-10 10:40:19',NULL,'Test Booking','Test Booking Desc.',0,0,1,1,'none','',310,NULL,310,NULL,NULL,NULL,NULL,NULL),(78,'2019-10-10 10:40:28',NULL,'Test Booking','Test Booking Desc.',0,0,1,1,'none','',310,NULL,310,NULL,NULL,NULL,NULL,NULL),(79,'2019-10-10 10:40:31','2019-10-10 10:45:15','Test Booking','Test Booking Description',0,0,1,1,'none','',310,NULL,310,NULL,'UL','',NULL,NULL),(80,'2019-10-10 10:44:04','2019-10-10 13:22:25','Repeat Test Booking','Repeat Test Booking Description',0,0,1,1,'daily','interval=1|termination=2019-10-14 23:00:00',310,NULL,310,NULL,'UL','',NULL,NULL),(81,'2019-10-10 10:44:18',NULL,'Repeat Test Booking','Repeat Test Booking Description',0,0,1,1,'daily','interval=1|termination=2019-10-14 23:00:00',310,NULL,310,NULL,NULL,NULL,NULL,NULL),(82,'2019-10-10 10:44:22',NULL,'Repeat Test Booking','Repeat Test Booking Description',0,0,1,1,'daily','interval=1|termination=2019-10-14 23:00:00',310,NULL,310,NULL,NULL,NULL,NULL,NULL),(83,'2019-10-10 10:44:33',NULL,'Repeat Test Booking','Repeat Test Booking Description 2',0,0,1,1,'none','',310,NULL,310,NULL,'UL','',NULL,NULL),(84,'2019-10-10 13:19:43',NULL,'Test','Test',0,0,1,1,'none','',310,NULL,310,NULL,'UL','',NULL,NULL),(85,'2019-10-10 13:20:33',NULL,'Test','Test',0,0,1,1,'none','',310,NULL,310,NULL,NULL,NULL,NULL,NULL),(86,'2019-10-10 13:21:04','2019-10-15 10:16:09','Test','Test',0,0,1,2,'none','',310,NULL,284,NULL,NULL,NULL,NULL,NULL),(87,'2019-10-10 13:21:41',NULL,'Repeat Test Booking','Repeat Test Booking Description',0,0,1,1,'daily','interval=1|termination=2019-10-14 23:00:00',310,NULL,310,NULL,NULL,NULL,NULL,NULL),(88,'2019-10-10 13:24:12',NULL,'Test 2','Test Desc 2',0,0,1,1,'daily','interval=1|termination=2019-10-17 23:00:00',310,NULL,310,NULL,'UL','',NULL,NULL),(89,'2019-10-10 13:25:53','2019-10-10 13:30:33','Test 2','Test Desc 2',0,0,1,1,'none','',310,NULL,310,NULL,'UL','',NULL,NULL),(90,'2019-10-10 13:35:03',NULL,'Test','Test',0,0,1,1,'none','',310,NULL,310,NULL,'UL','',NULL,NULL),(91,'2019-10-10 13:35:42',NULL,'Test Engineer','Test Engineer',0,0,1,1,'none','',310,NULL,310,NULL,'UL','',NULL,NULL),(92,'2019-10-10 13:57:10',NULL,'Lewis Testing','Lewis Desc',0,0,1,1,'none','',310,NULL,310,NULL,'UL','',NULL,NULL),(93,'2019-10-11 08:00:02',NULL,'Test Booking','Test',0,0,1,1,'none','',310,NULL,310,NULL,'UL','',NULL,NULL),(94,'2019-10-11 08:01:01',NULL,'Test Booking','Test',0,0,1,1,'none','',310,NULL,310,NULL,'UL','',NULL,NULL),(95,'2019-10-11 13:48:56',NULL,'Adam Test','Adam Test Desc',0,0,1,1,'none','',310,NULL,310,NULL,'UL','123123','1',NULL),(96,'2019-10-11 13:50:34',NULL,'Adam Test','Adam Is the test engineer',0,0,1,1,'none','',310,NULL,310,NULL,'UL','',NULL,NULL),(97,'2019-10-11 13:51:23',NULL,'Adam Test 3','Adam is the Test engineer 2',0,0,1,1,'none','',310,NULL,310,NULL,'UL','',NULL,NULL),(98,'2019-10-11 13:53:18',NULL,'Test','Test Desc',0,0,1,1,'none','',310,NULL,310,NULL,'UL','',NULL,NULL),(99,'2019-10-11 13:55:13',NULL,'Test','Test',0,0,1,1,'none','',310,NULL,310,NULL,'UL','',NULL,NULL),(100,'2019-10-14 14:27:03','2019-10-14 14:28:01','RDI','RDI11',0,0,1,1,'none','',362,NULL,362,NULL,'Homer','12345678','1','1'),(101,'2019-10-15 08:53:11','2019-10-15 08:54:47','13059547 - Jiffee Bluetooth Adapter (Desktop)','15.247 RSE &amp; RBE',0,0,1,1,'none','',284,NULL,284,NULL,'Neontri sp. z.o.o. sp.k','13059547',NULL,NULL),(102,'2019-10-15 08:56:51',NULL,'13059547 - Jiffee Bluetooth Adapter (Desktop)','15.247 RSE &amp; RBE',0,0,1,1,'none','',284,NULL,284,NULL,'Neontri sp. z.o.o. sp.k','13059547',NULL,NULL),(103,'2019-10-15 08:58:38',NULL,'13059551 - Jiffee Bluetooth Adapter (Mobile)','15.247 RSE &amp; RBE',0,0,1,1,'none','',284,NULL,284,NULL,'Neontri sp. z.o.o. sp.k','13059551',NULL,NULL),(104,'2019-10-15 09:00:09',NULL,'13059551 - Jiffee Bluetooth Adapter (Mobile)','15.247 RSE &amp; RBE',0,0,1,1,'none','',284,NULL,284,NULL,NULL,NULL,NULL,NULL),(105,'2019-10-15 09:00:43',NULL,'13059551 - Jiffee Bluetooth Adapter (Mobile)','15.247 RSE &amp; RBE',0,0,1,1,'none','',284,NULL,284,NULL,NULL,NULL,NULL,NULL),(106,'2019-10-15 09:01:35',NULL,'13059551 - Jiffee Bluetooth Adapter (Mobile)','15.247 RSE &amp; RBE',0,0,1,1,'none','',284,NULL,284,NULL,'Neontri sp. z.o.o. sp.k','13059551',NULL,NULL),(107,'2019-10-15 09:02:01',NULL,'13059551 - Jiffee Bluetooth Adapter (Mobile)','15.247 RSE &amp; RBE',0,0,1,1,'none','',284,NULL,284,NULL,'Neontri sp. z.o.o. sp.k','13059551',NULL,NULL),(108,'2019-10-15 09:04:11','2019-10-15 09:04:20','13059551 - Jiffee Bluetooth Adapter (Mobile)','15.247 RSE &amp; RBE',0,0,1,1,'none','',284,NULL,284,NULL,'Neontri sp. z.o.o. sp.k','13059551',NULL,NULL),(109,'2019-10-15 09:29:13',NULL,'Holiday','Holiday',0,0,1,1,'none','',284,NULL,284,NULL,'N/A','',NULL,NULL),(110,'2019-10-15 09:31:16',NULL,'Holiday','Holiday',0,0,1,1,'none','',284,NULL,284,NULL,NULL,NULL,NULL,NULL),(111,'2019-10-15 09:31:20',NULL,'Holiday','Holiday',0,0,1,1,'none','',284,NULL,284,NULL,NULL,NULL,NULL,NULL),(112,'2019-10-15 09:31:25',NULL,'Holiday','Holiday',0,0,1,1,'none','',284,NULL,284,NULL,NULL,NULL,NULL,NULL),(113,'2019-10-15 09:32:21','2019-10-15 09:32:52','Holiday','Holiday',0,0,1,2,'none','',284,NULL,284,NULL,NULL,NULL,NULL,NULL),(114,'2019-10-16 08:17:50',NULL,'RF Pretest','FCC 5G WiFi',0,0,1,1,'none','',415,NULL,415,NULL,'Ubiquiti','',NULL,'1'),(115,'2019-10-21 06:41:20',NULL,'Project debug','CE Adaptivity issue',0,0,1,1,'none','',415,NULL,415,NULL,'Sparklan','4789136426','1','1'),(116,'2019-10-22 02:44:00','2019-10-22 02:46:06','test','test',0,0,1,2,'none','',509,NULL,509,NULL,'test','',NULL,'1');
/*!40000 ALTER TABLE `reservation_series` ENABLE KEYS */;
UNLOCK TABLES;

--
-- Table structure for table `reservation_statuses`
--

DROP TABLE IF EXISTS `reservation_statuses`;
/*!40101 SET @saved_cs_client     = @@character_set_client */;
/*!40101 SET character_set_client = utf8 */;
CREATE TABLE `reservation_statuses` (
  `status_id` tinyint(2) unsigned NOT NULL,
  `label` varchar(85) NOT NULL,
  PRIMARY KEY (`status_id`)
) ENGINE=InnoDB DEFAULT CHARSET=utf8;
/*!40101 SET character_set_client = @saved_cs_client */;

--
-- Dumping data for table `reservation_statuses`
--

LOCK TABLES `reservation_statuses` WRITE;
/*!40000 ALTER TABLE `reservation_statuses` DISABLE KEYS */;
INSERT INTO `reservation_statuses` VALUES (1,'Created'),(2,'Deleted'),(3,'Pending');
/*!40000 ALTER TABLE `reservation_statuses` ENABLE KEYS */;
UNLOCK TABLES;

--
-- Table structure for table `reservation_types`
--

DROP TABLE IF EXISTS `reservation_types`;
/*!40101 SET @saved_cs_client     = @@character_set_client */;
/*!40101 SET character_set_client = utf8 */;
CREATE TABLE `reservation_types` (
  `type_id` tinyint(2) unsigned NOT NULL,
  `label` varchar(85) NOT NULL,
  PRIMARY KEY (`type_id`)
) ENGINE=InnoDB DEFAULT CHARSET=utf8;
/*!40101 SET character_set_client = @saved_cs_client */;

--
-- Dumping data for table `reservation_types`
--

LOCK TABLES `reservation_types` WRITE;
/*!40000 ALTER TABLE `reservation_types` DISABLE KEYS */;
INSERT INTO `reservation_types` VALUES (1,'Reservation'),(2,'Blackout');
/*!40000 ALTER TABLE `reservation_types` ENABLE KEYS */;
UNLOCK TABLES;

--
-- Table structure for table `reservation_users`
--

DROP TABLE IF EXISTS `reservation_users`;
/*!40101 SET @saved_cs_client     = @@character_set_client */;
/*!40101 SET character_set_client = utf8 */;
CREATE TABLE `reservation_users` (
  `reservation_instance_id` int(10) unsigned NOT NULL,
  `user_id` mediumint(8) unsigned NOT NULL,
  `reservation_user_level` tinyint(2) unsigned NOT NULL,
  PRIMARY KEY (`reservation_instance_id`,`user_id`),
  KEY `reservation_instance_id` (`reservation_instance_id`),
  KEY `user_id` (`user_id`),
  KEY `reservation_user_level` (`reservation_user_level`),
  CONSTRAINT `reservation_users_ibfk_1` FOREIGN KEY (`reservation_instance_id`) REFERENCES `reservation_instances` (`reservation_instance_id`) ON DELETE CASCADE ON UPDATE CASCADE,
  CONSTRAINT `reservation_users_ibfk_2` FOREIGN KEY (`user_id`) REFERENCES `users` (`user_id`) ON DELETE CASCADE ON UPDATE CASCADE
) ENGINE=InnoDB DEFAULT CHARSET=utf8;
/*!40101 SET character_set_client = @saved_cs_client */;

--
-- Dumping data for table `reservation_users`
--

LOCK TABLES `reservation_users` WRITE;
/*!40000 ALTER TABLE `reservation_users` DISABLE KEYS */;
INSERT INTO `reservation_users` VALUES (17,310,1),(18,310,1),(19,1,1),(20,1,1),(21,1,1),(22,1,1),(23,1,1),(24,1,1),(25,1,1),(26,1,1),(27,430,1),(28,430,1),(29,415,1),(30,415,1),(31,284,1),(32,284,1),(33,284,1),(34,284,1),(35,430,1),(36,430,1),(37,430,1),(38,430,1),(39,415,1),(40,415,1),(41,1,1),(42,310,1),(43,415,1),(44,415,1),(45,1,1),(46,310,1),(47,310,1),(49,310,1),(50,310,1),(51,310,1),(52,310,1),(53,310,1),(54,310,1),(55,310,1),(56,310,1),(57,310,1),(58,310,1),(59,310,1),(60,310,1),(61,310,1),(62,310,1),(63,310,1),(64,310,1),(65,310,1),(66,310,1),(67,310,1),(68,310,1),(69,310,1),(70,310,1),(71,310,1),(72,362,1),(73,284,1),(74,284,1),(75,284,1),(76,284,1),(77,284,1),(78,415,1),(79,415,1),(80,509,1),(18,286,2),(19,485,2),(22,485,2),(32,321,2),(53,321,2),(62,321,2),(67,306,2),(70,306,2),(71,304,2),(72,361,2),(72,370,2),(73,325,2),(74,325,2),(75,325,2),(76,325,2),(18,306,3),(19,431,3),(23,485,3),(25,102,3),(27,87,3),(28,87,3),(29,420,3),(30,420,3),(32,295,3),(34,288,3),(35,87,3),(36,87,3),(37,437,3),(38,437,3),(39,419,3),(40,420,3),(41,366,3),(42,313,3),(43,420,3),(44,419,3),(45,485,3),(53,284,3),(54,304,3),(54,307,3),(54,506,3),(63,321,3),(64,305,3),(68,306,3),(69,306,3),(70,304,3),(71,306,3),(72,375,3),(73,301,3),(74,301,3),(75,301,3),(76,301,3),(77,300,3),(78,419,3),(79,420,3);
/*!40000 ALTER TABLE `reservation_users` ENABLE KEYS */;
UNLOCK TABLES;

--
-- Table structure for table `reservation_waitlist_requests`
--

DROP TABLE IF EXISTS `reservation_waitlist_requests`;
/*!40101 SET @saved_cs_client     = @@character_set_client */;
/*!40101 SET character_set_client = utf8 */;
CREATE TABLE `reservation_waitlist_requests` (
  `reservation_waitlist_request_id` mediumint(8) unsigned NOT NULL AUTO_INCREMENT,
  `user_id` mediumint(8) unsigned NOT NULL,
  `resource_id` smallint(5) unsigned NOT NULL,
  `start_date` datetime DEFAULT NULL,
  `end_date` datetime DEFAULT NULL,
  PRIMARY KEY (`reservation_waitlist_request_id`),
  KEY `user_id` (`user_id`),
  KEY `resource_id` (`resource_id`),
  CONSTRAINT `reservation_waitlist_requests_ibfk_1` FOREIGN KEY (`user_id`) REFERENCES `users` (`user_id`) ON DELETE CASCADE,
  CONSTRAINT `reservation_waitlist_requests_ibfk_2` FOREIGN KEY (`resource_id`) REFERENCES `resources` (`resource_id`) ON DELETE CASCADE
) ENGINE=InnoDB DEFAULT CHARSET=utf8;
/*!40101 SET character_set_client = @saved_cs_client */;

--
-- Dumping data for table `reservation_waitlist_requests`
--

LOCK TABLES `reservation_waitlist_requests` WRITE;
/*!40000 ALTER TABLE `reservation_waitlist_requests` DISABLE KEYS */;
/*!40000 ALTER TABLE `reservation_waitlist_requests` ENABLE KEYS */;
UNLOCK TABLES;

--
-- Table structure for table `resource_accessories`
--

DROP TABLE IF EXISTS `resource_accessories`;
/*!40101 SET @saved_cs_client     = @@character_set_client */;
/*!40101 SET character_set_client = utf8 */;
CREATE TABLE `resource_accessories` (
  `resource_accessory_id` mediumint(8) unsigned NOT NULL AUTO_INCREMENT,
  `resource_id` smallint(5) unsigned NOT NULL,
  `accessory_id` smallint(5) unsigned NOT NULL,
  `minimum_quantity` smallint(6) DEFAULT NULL,
  `maximum_quantity` smallint(6) DEFAULT NULL,
  PRIMARY KEY (`resource_accessory_id`),
  KEY `resource_id` (`resource_id`),
  KEY `accessory_id` (`accessory_id`),
  CONSTRAINT `resource_accessories_ibfk_1` FOREIGN KEY (`resource_id`) REFERENCES `resources` (`resource_id`) ON DELETE CASCADE,
  CONSTRAINT `resource_accessories_ibfk_2` FOREIGN KEY (`accessory_id`) REFERENCES `accessories` (`accessory_id`) ON DELETE CASCADE
) ENGINE=InnoDB DEFAULT CHARSET=utf8;
/*!40101 SET character_set_client = @saved_cs_client */;

--
-- Dumping data for table `resource_accessories`
--

LOCK TABLES `resource_accessories` WRITE;
/*!40000 ALTER TABLE `resource_accessories` DISABLE KEYS */;
/*!40000 ALTER TABLE `resource_accessories` ENABLE KEYS */;
UNLOCK TABLES;

--
-- Table structure for table `resource_group_assignment`
--

DROP TABLE IF EXISTS `resource_group_assignment`;
/*!40101 SET @saved_cs_client     = @@character_set_client */;
/*!40101 SET character_set_client = utf8 */;
CREATE TABLE `resource_group_assignment` (
  `resource_group_id` mediumint(8) unsigned NOT NULL,
  `resource_id` smallint(5) unsigned NOT NULL,
  PRIMARY KEY (`resource_group_id`,`resource_id`),
  KEY `resource_group_assignment_resource_id` (`resource_id`),
  KEY `resource_group_assignment_resource_group_id` (`resource_group_id`),
  CONSTRAINT `resource_group_assignment_ibfk_1` FOREIGN KEY (`resource_group_id`) REFERENCES `resource_groups` (`resource_group_id`) ON DELETE CASCADE,
  CONSTRAINT `resource_group_assignment_ibfk_2` FOREIGN KEY (`resource_id`) REFERENCES `resources` (`resource_id`) ON DELETE CASCADE
) ENGINE=InnoDB DEFAULT CHARSET=utf8;
/*!40101 SET character_set_client = @saved_cs_client */;

--
-- Dumping data for table `resource_group_assignment`
--

LOCK TABLES `resource_group_assignment` WRITE;
/*!40000 ALTER TABLE `resource_group_assignment` DISABLE KEYS */;
INSERT INTO `resource_group_assignment` VALUES (3,56),(3,57),(3,58),(3,59),(3,60),(3,61),(1,63),(1,64),(1,65),(1,66),(1,67),(1,68),(1,69),(1,70),(1,71),(1,72),(1,73),(1,74),(1,75),(1,76),(1,77),(1,78),(1,79),(1,80),(1,81),(1,82),(1,83),(1,84),(1,85),(3,86),(3,87),(3,88),(4,89),(4,90),(4,91),(4,92),(4,93),(4,94),(4,95),(4,96),(4,97),(4,98),(4,99),(4,100),(4,101),(4,102),(4,103),(4,104),(6,161),(6,162),(6,163),(6,164),(6,165),(6,166),(6,167),(6,168),(6,169),(6,170),(6,171),(6,172),(6,173),(6,174),(6,175),(6,176),(6,177),(6,178),(6,179),(6,180),(6,181),(6,182),(6,183),(6,184),(6,185),(6,186),(6,187),(6,188),(8,226),(8,227),(8,228),(8,229),(8,230),(8,231),(8,232),(8,233),(8,234),(8,235),(8,236),(8,237),(8,238),(8,239),(8,240),(8,241),(8,242),(8,243),(8,244),(8,245),(8,246),(8,247),(8,248),(8,249),(8,250),(8,251),(8,252),(8,253),(8,254),(8,255),(8,256),(8,260),(8,261),(8,262),(7,263),(7,266),(7,267),(7,268),(7,269),(7,270),(7,271),(7,272),(7,273),(7,274),(7,275),(7,276),(7,277),(7,278),(7,279),(7,280),(7,281),(7,282),(7,283),(7,284),(7,286),(7,287),(7,288),(7,289),(9,290),(9,291),(9,292),(9,293),(9,294),(9,295),(9,296),(9,297),(9,298),(9,299),(9,300),(9,301),(9,302),(9,303),(9,304),(9,305),(5,306),(5,307),(5,308),(5,309),(5,310),(5,311),(5,312),(5,313),(5,314),(5,315),(5,316),(5,317),(11,318),(11,319),(11,320),(11,321),(11,322),(11,323),(11,324),(11,325),(11,327),(11,328),(11,329),(11,330),(11,331),(11,332),(11,333),(11,334),(11,335),(11,336),(11,337),(11,338),(11,339),(11,340),(11,341),(11,342),(11,343),(11,344),(11,345),(11,346),(11,347),(10,348),(10,349),(10,350),(10,351),(10,352),(10,353),(10,354),(10,355),(10,356),(10,357),(10,358),(10,359),(10,360),(10,361),(10,362),(10,363),(10,364),(10,365),(10,369),(10,370),(10,371),(10,372),(10,373),(10,374),(10,375),(10,376),(10,377),(10,378),(10,379),(10,380),(10,381),(10,382),(10,383),(10,384),(13,385),(13,386),(13,387),(13,388),(13,389),(13,390),(13,391),(13,392),(13,393),(13,394),(13,395),(13,396),(13,397),(13,398),(13,399),(13,400),(13,401),(13,402),(13,403),(13,404),(13,405),(13,406),(13,407),(13,408),(13,409),(6,410),(12,411),(12,412),(12,413),(12,414),(12,415),(12,416),(12,417),(12,418),(12,419),(12,420),(12,421),(12,422),(12,423),(12,424),(12,425),(12,426),(12,427),(12,428),(12,429);
/*!40000 ALTER TABLE `resource_group_assignment` ENABLE KEYS */;
UNLOCK TABLES;

--
-- Table structure for table `resource_groups`
--

DROP TABLE IF EXISTS `resource_groups`;
/*!40101 SET @saved_cs_client     = @@character_set_client */;
/*!40101 SET character_set_client = utf8 */;
CREATE TABLE `resource_groups` (
  `resource_group_id` mediumint(8) unsigned NOT NULL AUTO_INCREMENT,
  `resource_group_name` varchar(75) DEFAULT NULL,
  `parent_id` mediumint(8) unsigned DEFAULT NULL,
  `public_id` varchar(20) DEFAULT NULL,
  PRIMARY KEY (`resource_group_id`),
  KEY `resource_groups_parent_id` (`parent_id`),
  CONSTRAINT `resource_groups_ibfk_1` FOREIGN KEY (`parent_id`) REFERENCES `resource_groups` (`resource_group_id`) ON DELETE CASCADE
) ENGINE=InnoDB AUTO_INCREMENT=14 DEFAULT CHARSET=utf8;
/*!40101 SET character_set_client = @saved_cs_client */;

--
-- Dumping data for table `resource_groups`
--

LOCK TABLES `resource_groups` WRITE;
/*!40000 ALTER TABLE `resource_groups` DISABLE KEYS */;
INSERT INTO `resource_groups` VALUES (1,'KR-SU Resources',1,NULL),(3,'TW-HSI Resources',3,NULL),(4,'CN-SON Resources',4,NULL),(5,'DE-STU Resources',5,NULL),(6,'JP-ATC Resources',6,NULL),(7,'JP-KAS Resources',7,NULL),(8,'JP-SHO Resources',8,NULL),(9,'JP-YOK Resources',9,NULL),(10,'UK-KP Resources',10,NULL),(11,'US-FRE Resources',11,NULL),(12,'US-RTPW Resources',12,NULL),(13,'JP-ISE Resources',13,NULL);
/*!40000 ALTER TABLE `resource_groups` ENABLE KEYS */;
UNLOCK TABLES;

--
-- Table structure for table `resource_images`
--

DROP TABLE IF EXISTS `resource_images`;
/*!40101 SET @saved_cs_client     = @@character_set_client */;
/*!40101 SET character_set_client = utf8 */;
CREATE TABLE `resource_images` (
  `resource_image_id` smallint(5) unsigned NOT NULL AUTO_INCREMENT,
  `resource_id` smallint(5) unsigned NOT NULL,
  `image_name` varchar(50) DEFAULT NULL,
  PRIMARY KEY (`resource_image_id`),
  KEY `resource_id` (`resource_id`),
  CONSTRAINT `resource_images_ibfk_1` FOREIGN KEY (`resource_id`) REFERENCES `resources` (`resource_id`) ON DELETE CASCADE ON UPDATE CASCADE
) ENGINE=InnoDB DEFAULT CHARSET=utf8;
/*!40101 SET character_set_client = @saved_cs_client */;

--
-- Dumping data for table `resource_images`
--

LOCK TABLES `resource_images` WRITE;
/*!40000 ALTER TABLE `resource_images` DISABLE KEYS */;
/*!40000 ALTER TABLE `resource_images` ENABLE KEYS */;
UNLOCK TABLES;

--
-- Table structure for table `resource_status_reasons`
--

DROP TABLE IF EXISTS `resource_status_reasons`;
/*!40101 SET @saved_cs_client     = @@character_set_client */;
/*!40101 SET character_set_client = utf8 */;
CREATE TABLE `resource_status_reasons` (
  `resource_status_reason_id` smallint(5) unsigned NOT NULL AUTO_INCREMENT,
  `status_id` tinyint(3) unsigned NOT NULL,
  `description` varchar(100) DEFAULT NULL,
  PRIMARY KEY (`resource_status_reason_id`),
  KEY `status_id` (`status_id`)
) ENGINE=InnoDB DEFAULT CHARSET=utf8;
/*!40101 SET character_set_client = @saved_cs_client */;

--
-- Dumping data for table `resource_status_reasons`
--

LOCK TABLES `resource_status_reasons` WRITE;
/*!40000 ALTER TABLE `resource_status_reasons` DISABLE KEYS */;
/*!40000 ALTER TABLE `resource_status_reasons` ENABLE KEYS */;
UNLOCK TABLES;

--
-- Table structure for table `resource_type_assignment`
--

DROP TABLE IF EXISTS `resource_type_assignment`;
/*!40101 SET @saved_cs_client     = @@character_set_client */;
/*!40101 SET character_set_client = utf8 */;
CREATE TABLE `resource_type_assignment` (
  `resource_id` smallint(5) unsigned NOT NULL,
  `resource_type_id` mediumint(8) unsigned NOT NULL,
  PRIMARY KEY (`resource_id`,`resource_type_id`),
  KEY `resource_type_id` (`resource_type_id`),
  CONSTRAINT `resource_type_assignment_ibfk_1` FOREIGN KEY (`resource_id`) REFERENCES `resources` (`resource_id`) ON DELETE CASCADE,
  CONSTRAINT `resource_type_assignment_ibfk_2` FOREIGN KEY (`resource_type_id`) REFERENCES `resource_types` (`resource_type_id`) ON DELETE CASCADE
) ENGINE=InnoDB DEFAULT CHARSET=utf8;
/*!40101 SET character_set_client = @saved_cs_client */;

--
-- Dumping data for table `resource_type_assignment`
--

LOCK TABLES `resource_type_assignment` WRITE;
/*!40000 ALTER TABLE `resource_type_assignment` DISABLE KEYS */;
/*!40000 ALTER TABLE `resource_type_assignment` ENABLE KEYS */;
UNLOCK TABLES;

--
-- Table structure for table `resource_types`
--

DROP TABLE IF EXISTS `resource_types`;
/*!40101 SET @saved_cs_client     = @@character_set_client */;
/*!40101 SET character_set_client = utf8 */;
CREATE TABLE `resource_types` (
  `resource_type_id` mediumint(8) unsigned NOT NULL AUTO_INCREMENT,
  `resource_type_name` varchar(75) DEFAULT NULL,
  `resource_type_description` text,
  PRIMARY KEY (`resource_type_id`)
) ENGINE=InnoDB AUTO_INCREMENT=141 DEFAULT CHARSET=utf8;
/*!40101 SET character_set_client = @saved_cs_client */;

--
-- Dumping data for table `resource_types`
--

LOCK TABLES `resource_types` WRITE;
/*!40000 ALTER TABLE `resource_types` DISABLE KEYS */;
INSERT INTO `resource_types` VALUES (1,'KR-SU 3m SAC','3m Semi-Anechoic'),(2,'KR-SU 10m SAC','10m Semi-Anechoic'),(3,'KR-SU RSE Chamber','RSE Full-Anechoic'),(4,'KR-SU EMC Shield Room','Shield Room'),(5,'KR-SU RF Shield Room','Shield Room'),(6,'KR-SU SAR System','SAR Robot'),(7,'KR-SU HAC','HAC'),(8,'KR-SU Call Box','Call Box'),(9,'TW-HSI Chamber 996-1 - 3m SAC/FAC','3m Semi-Anechoic for RE/ RS (9kHz-40GHz)'),(10,'TW-HSI Chamber 966-2 - 3m SAC','3m Semi-Anechoic for RE/ RSE (9kHz-40GHz)'),(11,'TW-HSI Chamber 1277 - 3m FAC','3m Full-Anechoic  for RE (Above 30MHz)'),(12,'TW-HSI Shielding Room 1- AC Conducted','AC Conducted 9kHz -30MHz'),(13,'TW-HSI Shielding Room 2- ESD','ESD Test Site'),(14,'TW-HSI Shielding Room 3- EMS','EFT/ Surge/ CS/ PFMF/ Dip/ Harmonic/ Flicker'),(15,'TW-HSI Shielding Room 4- RF Conducted 1','RF Conducted 1 for BT/WIFI'),(16,'TW-HSI Shielding Room 4- RF Conducted 2','Shielding Room 4- RF Conducted 2'),(17,'TW-HSI SAR Test Room','SAR Testing'),(18,'CN-SON Chamber A- 3m FAC Radio','3m Full-Anechoic for RSE'),(19,'CN-SON Chamber B- 3m FAC Radio','3m Full-Anechoic for RS'),(20,'CN-SON Chamber C- 3m SAC/FAC Radio','3m Semi/Full-Anechoic  for RE (Above 1GHz)'),(21,'CN-SON Chamber D- 3m SAC/FAC Radio','3m Semi/Full-Anechoic for RE(Below 1GHz)'),(22,'CN-SON Shielding B-AC Conducted','AC Conducted in Shielding B'),(23,'CN-SON Shielding C-EMS','Other EMS test'),(24,'CN-SON Shielding D-RF-1','RF Conduct A for BT/WIFI'),(25,'CN-SON Shielding D-RF-2','RF Conduct B for BT/WIFI'),(26,'CN-SON Shielding E-RF','RF Conduct for 2,3,4G'),(27,'CN-SON OTA Test Room','OTA Testing'),(28,'CN-SON SAR Test Room','SAR Testing'),(29,'CN-SON ESD Test Room','ESD Testing'),(30,'CN-SON Qi Test Room','Qi Testing'),(31,'CN-SON QC Test Room','QC Testing'),(32,'CN-SON NAC Test Room','NAC Testing'),(33,'CN-SON PWB Test Room','PWB Testing'),(34,'JP-ATC ATC',''),(35,'JP-SHO Shonan',''),(36,'JP-KAS Kashima',''),(37,'JP-YOK Yokowa',''),(38,'DE-STU SR 1/2','3m SAC'),(39,'DE-STU SR 3','not assigned'),(40,'DE-STU SR 4/5','RI'),(41,'DE-STU SR 4/6','CI'),(42,'DE-STU SR 7/8','CE/RFP/AT'),(43,'DE-STU SR 9','Radio Conducted'),(44,'DE-STU SR 10','ESD/EFT-B/Surge'),(45,'DE-STU SR 11','ISO 7637'),(46,'DE-STU MFCR Area','Harm/Flicker/Dips/Mag'),(47,'DE-STU EMC Engineer 1','Area 1'),(48,'DE-STU Radio Engineer 1','Area 2'),(49,'US-FRE 5m Semi-Anechoic','5m Semi-Anechoic'),(50,'US-FRE 3m Semi-Anechoic','3m Semi-Anechoic'),(51,'US-FRE Shielded Room','Shielded Room'),(52,'US-FRE Innovations People','Innovations People'),(53,'US-FRE Innovations Labs','Innovations Labs'),(54,'US-FRE OTA Labs','OTA Labs'),(55,'US-FRE OTA Engineers','OTA Engineers'),(56,'US-FRE 10m Semi-Anechoic','10m Semi-Anechoic'),(57,'UK-KP 5m SAC Radio','5m Semi-Anechoic'),(58,'UK-KP 3m FAC Radio','3m Full-Anechoic'),(59,'UK-KP 3m SAC/FAC Radio','3m Semi/Full-Anechoic'),(60,'UK-KP SR Bench + Env','Bench + Env'),(61,'UK-KP SR Bench','SR Bench'),(62,'UK-KP Bench + Replay Rack 3 + Env','Bench + Replay Rack 3 + Env'),(63,'UK-KP Bench + Replay Rack 1 + Env','Bench + Replay Rack 1 + Env'),(64,'UK-KP uW Bench + Env','uW Bench + Env'),(65,'UK-KP AC Conducted','AC Conducted'),(66,'UK-KP Report Checking','Report Checking'),(67,'UK-KP RPT - Prep/Staging','Preparation/Staging'),(68,'UK-KP SR Bench + Env','SR Bench + Env'),(69,'UK-KP Bench + Env','Bench + Env'),(70,'UK-KP Chilboulton','NFC Off-site'),(71,'UK-KP 3 metre SAC',''),(72,'UK-KP 3 metre FAR',''),(73,'UK-KP Multi-purpose Bench',''),(74,'UK-KP Surge',''),(75,'UK-KP Conducted Bench 1',''),(76,'UK-KP Conducted Bench 2',''),(77,'UK-KP ESD / EFT / VDI',''),(78,'UK-KP Vehicle Bench',''),(79,'UK-KP H&amp;F',''),(80,'UK-KP Helmholtz Coils',''),(81,'UK-KP EMC Engineer 1',''),(82,'UK-KP EMC Engineer 2',''),(83,'UK-KP EMC Engineer 3',''),(84,'UK-KP SAR DASY 52 &amp; 6','Engineers in the SAR Team'),(85,'UK-KP SAR Dipole Calibration','Engineers in the SAR Team'),(86,'UK-KP SAR E&amp;H Filed Measurements','Engineers in the SAR Team'),(87,'JP-ISE Ise',''),(88,'US-RTPW Chamber A','EMC - 10m Chamber RTP'),(89,'US-RTPW Chamber B','EMC - Immunity Chamber RTP'),(90,'US-RTPW Chamber C','EMC - 3m Chamber RTP'),(91,'US-RTPW CDE','EMC - Conducted Emisisons'),(92,'US-RTPW HRM/FLK','EMC - Harmonics &amp;amp; Flicker'),(93,'US-RTPW ESD','EMC - Electrostatic Discharge'),(94,'US-RTPW EFT','EMC - Electrical Fast Transients'),(95,'US-RTPW SRG','EMC - Surge'),(96,'US-RTPW CDI','EMC - Conducted Immunity'),(97,'US-RTPW PFM','EMC - Power Frequency Magnetic Field'),(98,'US-RTPW DI','EMC - Voltage Dips and Interrupts'),(99,'US-RTPW - MOR Wireless Lab Tech','MOR - Lab Tech at MOR Wireless Lab'),(100,'US-RTPW - MOR Wireless Eng','MOR - Engineer at MOR Wireless Lab'),(101,'US-RTPW - MOR 3M SAC','MOR - 3m Semi-Anechoic'),(102,'US-RTPW - MOR RF Port bench','MOR - Station for conducted RF port emissions testing'),(103,'US-RTPW - MOR AC Mains bench','MOR - Station for AC Mains emissions testing'),(104,'US-RTPW - MOR DFS','MOR - Anechoic chamber for DFS testing'),(105,'US-RTPW - MOR Rx Performance','MOR - Station for receiver performance testing'),(106,'US-RTPW - MOR DASY','MOR - Speag DASY SAR test system'),(109,'US-NBK 10M SAC','10m Semi-Anechoic'),(110,'US-NBK 3M FAC','3m Fully-Anechoic'),(111,'US-NBK AIM Cart','AIM Cart'),(112,'US-NBK Conducted Emissions','Conducted Emissions'),(113,'US-NBK Conducted Immunity','Conducted Immunity'),(114,'US-NBK Surge/EFT','Surge/EFT 32amp System'),(115,'US-NBK Dips/Surge/EFT','Dips/Surge/EFT 16amp system'),(116,'US-NBK ESD Table','ESD Table'),(117,'US-NBK ESD Ground Plane','ESD Ground Plane'),(118,'US-NBK Harmonics and Flicker','Harmonics and Flicker test system'),(119,'US-NBK Magnetic Immunity','Magnetic Immunity'),(120,'US-NBK Clicks','Clicks - GP7'),(121,'US-NBK Ringwave / Surge','Hafely - Ringwave/Surge System'),(122,'US-NBK Surge Magnetic Fields','Surge Magnetic Fields'),(123,'US-NBK Ground Plane 8','Ground Plane 8'),(124,'US-NBK Wireless Bench','Wireless Bench'),(125,'US-NBK DC Power Supply','DC Power Supply'),(126,'US-NBK People','Human Resource'),(127,'JP-ATC People','Human Resource'),(128,'JP-ISE People','Human Resource'),(129,'JP-KAS People','Human Resource'),(130,'JP-SHO People','Human Resource'),(131,'JP-YOK People','Human Resource'),(132,'US-RTPW - EMC Lab Tech','Human Resource'),(134,'US-RTPW - EMC Engineers','Human Resource'),(135,'UK-KP Senior Engineer','Human Resource'),(136,'UK-KP Test Engineer','Human Resource'),(137,'CN-SON People','Human Resource'),(138,'TW-HSI People','Human Resource'),(139,'KR-SU People','Human Resource'),(140,'DE-STU People','Human Resource');
/*!40000 ALTER TABLE `resource_types` ENABLE KEYS */;
UNLOCK TABLES;

--
-- Table structure for table `resources`
--

DROP TABLE IF EXISTS `resources`;
/*!40101 SET @saved_cs_client     = @@character_set_client */;
/*!40101 SET character_set_client = utf8 */;
CREATE TABLE `resources` (
  `resource_id` smallint(5) unsigned NOT NULL AUTO_INCREMENT,
  `name` varchar(85) NOT NULL,
  `location` varchar(255) DEFAULT NULL,
  `contact_info` varchar(255) DEFAULT NULL,
  `description` text,
  `notes` text,
  `min_duration` int(11) DEFAULT NULL,
  `min_increment` int(11) DEFAULT NULL,
  `max_duration` int(11) DEFAULT NULL,
  `unit_cost` decimal(7,2) DEFAULT NULL,
  `autoassign` tinyint(1) unsigned NOT NULL DEFAULT '1',
  `requires_approval` tinyint(1) unsigned NOT NULL,
  `allow_multiday_reservations` tinyint(1) unsigned NOT NULL DEFAULT '1',
  `max_participants` mediumint(8) unsigned DEFAULT NULL,
  `min_notice_time_add` int(11) DEFAULT NULL,
  `max_notice_time` int(11) DEFAULT NULL,
  `image_name` varchar(50) DEFAULT NULL,
  `schedule_id` smallint(5) unsigned NOT NULL,
  `legacyid` char(16) DEFAULT NULL,
  `admin_group_id` smallint(5) unsigned DEFAULT NULL,
  `public_id` varchar(20) DEFAULT NULL,
  `allow_calendar_subscription` tinyint(1) NOT NULL DEFAULT '0',
  `sort_order` smallint(5) unsigned DEFAULT NULL,
  `resource_type_id` mediumint(8) unsigned DEFAULT NULL,
  `status_id` tinyint(3) unsigned NOT NULL DEFAULT '1',
  `resource_status_reason_id` smallint(5) unsigned DEFAULT NULL,
  `buffer_time` int(10) unsigned DEFAULT NULL,
  `enable_check_in` tinyint(1) unsigned NOT NULL DEFAULT '0',
  `auto_release_minutes` smallint(5) unsigned DEFAULT NULL,
  `color` varchar(10) DEFAULT NULL,
  `allow_display` tinyint(1) unsigned NOT NULL DEFAULT '0',
  `credit_count` decimal(7,2) unsigned DEFAULT NULL,
  `peak_credit_count` decimal(7,2) unsigned DEFAULT NULL,
  `min_notice_time_update` int(11) DEFAULT NULL,
  `min_notice_time_delete` int(11) DEFAULT NULL,
  `date_created` datetime DEFAULT NULL,
  `last_modified` datetime DEFAULT NULL,
  `userid` int(10) DEFAULT NULL,
  PRIMARY KEY (`resource_id`),
  UNIQUE KEY `public_id` (`public_id`),
  KEY `schedule_id` (`schedule_id`),
  KEY `admin_group_id` (`admin_group_id`),
  KEY `resource_type_id` (`resource_type_id`),
  KEY `resource_status_reason_id` (`resource_status_reason_id`),
  KEY `auto_release_minutes` (`auto_release_minutes`),
  CONSTRAINT `admin_group_id` FOREIGN KEY (`admin_group_id`) REFERENCES `groups` (`group_id`) ON DELETE SET NULL,
  CONSTRAINT `resources_ibfk_1` FOREIGN KEY (`schedule_id`) REFERENCES `schedules` (`schedule_id`) ON DELETE CASCADE ON UPDATE CASCADE,
  CONSTRAINT `resources_ibfk_2` FOREIGN KEY (`resource_type_id`) REFERENCES `resource_types` (`resource_type_id`) ON DELETE SET NULL,
  CONSTRAINT `resources_ibfk_3` FOREIGN KEY (`resource_status_reason_id`) REFERENCES `resource_status_reasons` (`resource_status_reason_id`) ON DELETE SET NULL
) ENGINE=InnoDB AUTO_INCREMENT=787 DEFAULT CHARSET=utf8;
/*!40101 SET character_set_client = @saved_cs_client */;

--
-- Dumping data for table `resources`
--

LOCK TABLES `resources` WRITE;
/*!40000 ALTER TABLE `resources` DISABLE KEYS */;
INSERT INTO `resources` VALUES (56,'(TW-HSI) SAR Test Room','','','','',NULL,NULL,NULL,NULL,0,0,1,NULL,NULL,NULL,NULL,8,NULL,7,NULL,0,11009,17,1,NULL,NULL,0,NULL,'',0,0.00,0.00,NULL,NULL,'2019-07-22 02:13:24','2019-10-08 01:39:56',NULL),(57,'(TW-HSI) Shielding Room 1- AC Conducted','','','','',NULL,NULL,NULL,NULL,0,0,1,NULL,NULL,NULL,NULL,6,NULL,7,NULL,0,11004,12,1,NULL,NULL,0,NULL,'',0,0.00,0.00,NULL,NULL,'2019-07-22 02:13:24','2019-10-08 01:40:06',NULL),(58,'(TW-HSI) Shielding Room 2- ESD','','','','',NULL,NULL,NULL,NULL,0,0,1,NULL,NULL,NULL,NULL,6,NULL,7,NULL,0,11005,13,1,NULL,NULL,0,NULL,'',0,0.00,0.00,NULL,NULL,'2019-07-22 02:13:24','2019-10-08 01:40:15',NULL),(59,'(TW-HSI) Shielding Room 3- EMS','','','','',NULL,NULL,NULL,NULL,0,0,1,NULL,NULL,NULL,NULL,6,NULL,7,NULL,0,11006,14,1,NULL,NULL,0,NULL,'',0,0.00,0.00,NULL,NULL,'2019-07-22 02:13:24','2019-10-08 01:40:24',NULL),(60,'(TW-HSI) Shielding Room 4- RF Conducted 1','','','','',NULL,NULL,NULL,NULL,0,0,1,NULL,NULL,NULL,NULL,7,NULL,7,NULL,0,11007,15,1,NULL,NULL,0,NULL,'',0,0.00,0.00,NULL,NULL,'2019-07-22 02:13:24','2019-10-08 01:40:27',NULL),(61,'(TW-HSI) Shielding Room 4- RF Conducted 2','','','','',NULL,NULL,NULL,NULL,0,0,1,NULL,NULL,NULL,NULL,7,NULL,7,NULL,0,11008,16,1,NULL,NULL,0,NULL,'',0,0.00,0.00,NULL,NULL,'2019-07-22 02:13:25','2019-10-08 01:40:40',NULL),(62,'TEST Chamber Universal','','','','',NULL,NULL,NULL,NULL,0,0,1,NULL,NULL,NULL,NULL,1,NULL,NULL,NULL,0,NULL,NULL,1,NULL,NULL,0,NULL,'',0,0.00,0.00,NULL,NULL,'2019-07-22 02:13:25','2019-07-22 02:13:25',NULL),(63,'(KR-SU) 3M Chamber 1','BLDG 1','','','',NULL,NULL,NULL,NULL,0,0,1,NULL,NULL,NULL,NULL,2,NULL,8,NULL,0,10001,1,1,NULL,NULL,0,NULL,'',0,0.00,0.00,NULL,NULL,'2019-07-22 02:13:25','2019-10-08 01:41:55',NULL),(64,'(KR-SU) 3M Chamber 2','BLDG 1','','','',NULL,NULL,NULL,NULL,0,0,1,NULL,NULL,NULL,NULL,2,NULL,8,NULL,0,10002,1,1,NULL,NULL,0,NULL,'',0,0.00,0.00,NULL,NULL,'2019-07-22 02:13:25','2019-10-08 01:42:02',NULL),(65,'(KR-SU) Shield Room 1','BLDG 1','','','',NULL,NULL,NULL,NULL,0,0,1,NULL,NULL,NULL,NULL,2,NULL,8,NULL,0,10003,5,1,NULL,NULL,0,NULL,'',0,0.00,0.00,NULL,NULL,'2019-07-22 02:13:25','2019-10-17 01:08:49',NULL),(66,'(KR-SU) Shield Room 2','BLDG 1','','','',NULL,NULL,NULL,NULL,0,0,1,NULL,NULL,NULL,NULL,2,NULL,8,NULL,0,10004,5,1,NULL,NULL,0,NULL,'',0,0.00,0.00,NULL,NULL,'2019-07-22 02:13:25','2019-10-17 01:08:49',NULL),(67,'(KR-SU) Shield Room 3','BLDG 1','','','',NULL,NULL,NULL,NULL,0,0,1,NULL,NULL,NULL,NULL,2,NULL,8,NULL,0,10005,5,1,NULL,NULL,0,NULL,'',0,0.00,0.00,NULL,NULL,'2019-07-22 02:13:25','2019-10-17 01:08:49',NULL),(68,'(KR-SU) Shield Room 4','BLDG 1','','','',NULL,NULL,NULL,NULL,0,0,1,NULL,NULL,NULL,NULL,2,NULL,8,NULL,0,10006,5,1,NULL,NULL,0,NULL,'',0,0.00,0.00,NULL,NULL,'2019-07-22 02:13:25','2019-10-17 01:08:49',NULL),(69,'(KR-SU) SAR 1','BLDG 1','','','',NULL,NULL,NULL,NULL,0,0,1,NULL,NULL,NULL,NULL,2,NULL,8,NULL,0,10007,6,1,NULL,NULL,0,NULL,'',0,0.00,0.00,NULL,NULL,'2019-07-22 02:13:25','2019-10-17 01:09:09',NULL),(70,'(KR-SU) SAR 2','BLDG 1','','','',NULL,NULL,NULL,NULL,0,0,1,NULL,NULL,NULL,NULL,2,NULL,8,NULL,0,10008,6,1,NULL,NULL,0,NULL,'',0,0.00,0.00,NULL,NULL,'2019-07-22 02:13:25','2019-10-17 01:09:09',NULL),(71,'(KR-SU) SAR 3','BLDG 1','','','',NULL,NULL,NULL,NULL,0,0,1,NULL,NULL,NULL,NULL,2,NULL,8,NULL,0,10009,6,1,NULL,NULL,0,NULL,'',0,0.00,0.00,NULL,NULL,'2019-07-22 02:13:25','2019-10-17 01:09:09',NULL),(72,'(KR-SU) SAR 4','BLDG 1','','','',NULL,NULL,NULL,NULL,0,0,1,NULL,NULL,NULL,NULL,2,NULL,8,NULL,0,10010,6,1,NULL,NULL,0,NULL,'',0,0.00,0.00,NULL,NULL,'2019-07-22 02:13:25','2019-10-17 01:09:09',NULL),(73,'(KR-SU) SAR 5','BLDG 1','','','',NULL,NULL,NULL,NULL,0,0,1,NULL,NULL,NULL,NULL,2,NULL,8,NULL,0,10011,6,1,NULL,NULL,0,NULL,'',0,0.00,0.00,NULL,NULL,'2019-07-22 02:13:25','2019-10-17 01:09:09',NULL),(74,'(KR-SU) 3m Chamber 3','BLDG 2','','','',NULL,NULL,NULL,NULL,0,0,1,NULL,NULL,NULL,NULL,2,NULL,8,NULL,0,10012,1,1,NULL,NULL,0,NULL,'',0,0.00,0.00,NULL,NULL,'2019-07-22 02:13:26','2019-10-08 01:48:42',NULL),(75,'(KR-SU) RSE Chamber','BLDG 2','','','',NULL,NULL,NULL,NULL,0,0,1,NULL,NULL,NULL,NULL,2,NULL,8,NULL,0,10013,3,1,NULL,NULL,0,NULL,'',0,0.00,0.00,NULL,NULL,'2019-07-22 02:13:26','2019-10-17 01:08:49',NULL),(76,'(KR-SU) Shield Room 5','BLDG 2','','','',NULL,NULL,NULL,NULL,0,0,1,NULL,NULL,NULL,NULL,2,NULL,8,NULL,0,10014,4,1,NULL,NULL,0,NULL,'',0,0.00,0.00,NULL,NULL,'2019-07-22 02:13:26','2019-10-08 01:49:07',NULL),(77,'(KR-SU) Shield Room 6','BLDG 2','','','',NULL,NULL,NULL,NULL,0,0,1,NULL,NULL,NULL,NULL,2,NULL,8,NULL,0,10015,4,1,NULL,NULL,0,NULL,'',0,0.00,0.00,NULL,NULL,'2019-07-22 02:13:26','2019-10-08 01:49:23',NULL),(78,'(KR-SU) Shield Room 7','BLDG 2','','','',NULL,NULL,NULL,NULL,0,0,1,NULL,NULL,NULL,NULL,2,NULL,8,NULL,0,10016,5,1,NULL,NULL,0,NULL,'',0,0.00,0.00,NULL,NULL,'2019-07-22 02:13:26','2019-10-17 01:08:49',NULL),(79,'(KR-SU) 10m Chamber','BLDG 3','','','',NULL,NULL,NULL,NULL,0,0,1,NULL,NULL,NULL,NULL,2,NULL,8,NULL,0,10017,2,1,NULL,NULL,0,NULL,'',0,0.00,0.00,NULL,NULL,'2019-07-22 02:13:26','2019-10-08 01:49:36',NULL),(80,'(KR-SU) Call Box 1','Call Box','','','',NULL,NULL,NULL,NULL,0,0,1,NULL,NULL,NULL,NULL,2,NULL,8,NULL,0,10018,8,1,NULL,NULL,0,NULL,'',0,0.00,0.00,NULL,NULL,'2019-07-22 02:13:26','2019-10-17 01:08:19',NULL),(81,'(KR-SU) Call Box 2','Call Box','','','',NULL,NULL,NULL,NULL,0,0,1,NULL,NULL,NULL,NULL,2,NULL,8,NULL,0,10019,7,1,NULL,NULL,0,NULL,'',0,0.00,0.00,NULL,NULL,'2019-07-22 02:13:26','2019-10-17 01:08:19',NULL),(82,'(KR-SU) Call Box 3','Call Box','','','',NULL,NULL,NULL,NULL,0,0,1,NULL,NULL,NULL,NULL,2,NULL,8,NULL,0,10020,8,1,NULL,NULL,0,NULL,'',0,0.00,0.00,NULL,NULL,'2019-07-22 02:13:26','2019-10-17 01:08:19',NULL),(83,'(KR-SU) Call Box 4','Call Box','','','',NULL,NULL,NULL,NULL,0,0,1,NULL,NULL,NULL,NULL,2,NULL,8,NULL,0,10021,8,1,NULL,NULL,0,NULL,'',0,0.00,0.00,NULL,NULL,'2019-07-22 02:13:26','2019-10-17 01:08:19',NULL),(84,'(KR-SU) Call Box 5','Call Box','','','',NULL,NULL,NULL,NULL,0,0,1,NULL,NULL,NULL,NULL,2,NULL,8,NULL,0,10022,8,1,NULL,NULL,0,NULL,'',0,0.00,0.00,NULL,NULL,'2019-07-22 02:13:26','2019-10-17 01:08:19',NULL),(85,'(KR-SU) Call Box 6','Call Box','','','',NULL,NULL,NULL,NULL,0,0,1,NULL,NULL,NULL,NULL,2,NULL,8,NULL,0,10023,8,1,NULL,NULL,0,NULL,'',0,0.00,0.00,NULL,NULL,'2019-07-22 02:13:26','2019-10-17 01:08:19',NULL),(86,'(TW-HSI) Chamber 996-1 - 3m SAC/FAC','','','','',NULL,NULL,NULL,NULL,0,0,1,NULL,NULL,NULL,NULL,6,NULL,7,NULL,0,11001,9,1,NULL,NULL,0,NULL,'',0,0.00,0.00,NULL,NULL,'2019-07-22 02:13:26','2019-10-08 01:38:47',NULL),(87,'(TW-HSI) Chamber 966-2 - 3m SAC Test','','','','',NULL,NULL,NULL,NULL,0,0,1,NULL,NULL,NULL,NULL,7,NULL,7,NULL,0,11002,10,1,NULL,NULL,0,NULL,'',0,0.00,0.00,NULL,NULL,'2019-07-22 02:13:27','2019-10-08 01:38:38',NULL),(88,'(TW-HSI) Chamber 1277 - 3m FAC','','','','',NULL,NULL,NULL,NULL,0,0,1,NULL,NULL,NULL,NULL,7,NULL,7,NULL,0,11003,11,1,NULL,NULL,0,NULL,'',0,0.00,0.00,NULL,NULL,'2019-07-22 02:13:27','2019-10-08 01:38:25',NULL),(89,'(CN-SON) Chamber A - 3m FAC Radio','','','','',NULL,NULL,NULL,NULL,0,0,1,NULL,NULL,NULL,NULL,10,NULL,12,NULL,0,12001,18,1,NULL,NULL,0,NULL,'',0,0.00,0.00,NULL,NULL,'2019-07-22 02:13:27','2019-10-08 09:09:41',NULL),(90,'(CN-SON) Chamber B - 3m FAC Radio','','','','',NULL,NULL,NULL,NULL,0,0,1,NULL,NULL,NULL,NULL,9,NULL,12,NULL,0,12002,19,1,NULL,NULL,0,NULL,'',0,0.00,0.00,NULL,NULL,'2019-07-22 02:13:27','2019-10-08 09:09:41',NULL),(91,'(CN-SON) Chamber C- 3m SAC/FAC Radio','','','','',NULL,NULL,NULL,NULL,0,0,1,NULL,NULL,NULL,NULL,9,NULL,12,NULL,0,12003,20,1,NULL,NULL,0,NULL,'',0,0.00,0.00,NULL,NULL,'2019-07-22 02:13:27','2019-10-08 09:09:41',NULL),(92,'(CN-SON) Chamber D- 3m SAC/FAC Radio','','','','',NULL,NULL,NULL,NULL,0,0,1,NULL,NULL,NULL,NULL,9,NULL,12,NULL,0,12004,21,1,NULL,NULL,0,NULL,'',0,0.00,0.00,NULL,NULL,'2019-07-22 02:13:27','2019-10-08 09:09:41',NULL),(93,'(CN-SON) Shielding B-AC Conducted','','','','',NULL,NULL,NULL,NULL,0,0,1,NULL,NULL,NULL,NULL,9,NULL,12,NULL,0,12005,22,1,NULL,NULL,0,NULL,'',0,0.00,0.00,NULL,NULL,'2019-07-22 02:13:27','2019-10-08 09:09:41',NULL),(94,'(CN-SON) Shielding C-EMS','','','','',NULL,NULL,NULL,NULL,0,0,1,NULL,NULL,NULL,NULL,9,NULL,12,NULL,0,12006,23,1,NULL,NULL,0,NULL,'',0,0.00,0.00,NULL,NULL,'2019-07-22 02:13:27','2019-10-08 09:09:41',NULL),(95,'(CN-SON) Shielding D-RF-1','','','','',NULL,NULL,NULL,NULL,0,0,1,NULL,NULL,NULL,NULL,10,NULL,12,NULL,0,12007,24,1,NULL,NULL,0,NULL,'',0,0.00,0.00,NULL,NULL,'2019-07-22 02:13:27','2019-10-08 09:09:41',NULL),(96,'(CN-SON) Shielding D-RF-2','','','','',NULL,NULL,NULL,NULL,0,0,1,NULL,NULL,NULL,NULL,10,NULL,12,NULL,0,12008,25,1,NULL,NULL,0,NULL,'',0,0.00,0.00,NULL,NULL,'2019-07-22 02:13:27','2019-10-08 09:09:41',NULL),(97,'(CN-SON) Shielding E-RF','','','','',NULL,NULL,NULL,NULL,0,0,1,NULL,NULL,NULL,NULL,10,NULL,12,NULL,0,12009,26,1,NULL,NULL,0,NULL,'',0,0.00,0.00,NULL,NULL,'2019-07-22 02:13:27','2019-10-08 09:09:41',NULL),(98,'(CN-SON) OTA Test Room','','','','',NULL,NULL,NULL,NULL,0,0,1,NULL,NULL,NULL,NULL,11,NULL,12,NULL,0,12010,27,1,NULL,NULL,0,NULL,'',0,0.00,0.00,NULL,NULL,'2019-07-22 02:13:27','2019-10-08 09:09:41',NULL),(99,'(CN-SON) SAR Test Room','','','','',NULL,NULL,NULL,NULL,0,0,1,NULL,NULL,NULL,NULL,12,NULL,12,NULL,0,12011,28,1,NULL,NULL,0,NULL,'',0,0.00,0.00,NULL,NULL,'2019-07-22 02:13:27','2019-10-08 09:09:42',NULL),(100,'(CN-SON) ESD Test Room','','','','',NULL,NULL,NULL,NULL,0,0,1,NULL,NULL,NULL,NULL,9,NULL,12,NULL,0,12012,29,1,NULL,NULL,0,NULL,'',0,0.00,0.00,NULL,NULL,'2019-07-22 02:13:28','2019-10-08 09:09:42',NULL),(101,'(CN-SON) Qi Test Room','','','','',NULL,NULL,NULL,NULL,0,0,1,NULL,NULL,NULL,NULL,14,NULL,12,NULL,0,12013,30,1,NULL,NULL,0,NULL,'',0,0.00,0.00,NULL,NULL,'2019-07-22 02:13:28','2019-10-08 09:09:42',NULL),(102,'(CN-SON) QC Test Room','','','','',NULL,NULL,NULL,NULL,0,0,1,NULL,NULL,NULL,NULL,13,NULL,12,NULL,0,12014,31,1,NULL,NULL,0,NULL,'',0,0.00,0.00,NULL,NULL,'2019-07-22 02:13:28','2019-10-08 09:09:42',NULL),(103,'(CN-SON) NAC Test Room','','','','',NULL,NULL,NULL,NULL,0,0,1,NULL,NULL,NULL,NULL,15,NULL,12,NULL,0,12015,32,1,NULL,NULL,0,NULL,'',0,0.00,0.00,NULL,NULL,'2019-07-22 02:13:28','2019-10-08 09:09:42',NULL),(104,'(CN-SON) PWB Test Room','','','','',NULL,NULL,NULL,NULL,0,0,1,NULL,NULL,NULL,NULL,16,NULL,12,NULL,0,12016,33,1,NULL,NULL,0,NULL,'',0,0.00,0.00,NULL,NULL,'2019-07-22 02:13:28','2019-10-08 09:09:42',NULL),(161,'(JP-ATC) 00T Visitor - Visitor','','','','',NULL,NULL,NULL,NULL,0,0,0,NULL,NULL,NULL,NULL,17,NULL,20,NULL,0,2,34,1,NULL,NULL,0,NULL,'',0,0.00,0.00,NULL,NULL,'2019-07-22 07:15:50','2019-10-07 08:39:20',NULL),(162,'(JP-ATC) 0T Notes - Notes','','','','',NULL,NULL,NULL,NULL,0,0,0,NULL,NULL,NULL,NULL,17,NULL,20,NULL,0,1,34,1,NULL,NULL,0,NULL,'',0,0.00,0.00,NULL,NULL,'2019-07-22 07:15:50','2019-10-07 08:39:13',NULL),(163,'(JP-ATC) 10T ER1(36168) - Environment(No.2 Chamber)','','','','',NULL,NULL,NULL,NULL,0,0,0,NULL,NULL,NULL,NULL,17,NULL,20,NULL,0,12,34,1,NULL,NULL,0,NULL,'',0,0.00,0.00,NULL,NULL,'2019-07-22 07:15:50','2019-10-07 08:41:02',NULL),(164,'(JP-ATC) 11T ER1(36168) - Environment(No.3 Chamber)','','','','',NULL,NULL,NULL,NULL,0,0,0,NULL,NULL,NULL,NULL,17,NULL,20,NULL,0,13,34,1,NULL,NULL,0,NULL,'',0,0.00,0.00,NULL,NULL,'2019-07-22 07:15:50','2019-10-07 08:41:08',NULL),(165,'(JP-ATC) 12T ER1(36168) - Environment(Test Area)','','','','',NULL,NULL,NULL,NULL,0,0,0,NULL,NULL,NULL,NULL,17,NULL,20,NULL,0,14,34,1,NULL,NULL,0,NULL,'',0,0.00,0.00,NULL,NULL,'2019-07-22 07:15:51','2019-10-07 08:41:13',NULL),(166,'(JP-ATC) 14T ER2(36171) - Measurement Room_ISO7637(50A)','','','','',NULL,NULL,NULL,NULL,0,0,0,NULL,NULL,NULL,NULL,17,NULL,20,NULL,0,15,34,1,NULL,NULL,0,NULL,'',0,0.00,0.00,NULL,NULL,'2019-07-22 07:15:51','2019-10-07 08:41:18',NULL),(167,'(JP-ATC) 15T MR7 (36162) - Measurement Room','','','','',NULL,NULL,NULL,NULL,0,0,0,NULL,NULL,NULL,NULL,17,NULL,20,NULL,0,16,34,1,NULL,NULL,0,NULL,'',0,0.00,0.00,NULL,NULL,'2019-07-22 07:15:51','2019-10-07 08:41:24',NULL),(168,'(JP-ATC) 16T MR8 (36163) - Measurement Room_TSC Test','','','','',NULL,NULL,NULL,NULL,0,0,0,NULL,NULL,NULL,NULL,17,NULL,20,NULL,0,17,34,1,NULL,NULL,0,NULL,'',0,0.00,0.00,NULL,NULL,'2019-07-22 07:15:51','2019-10-07 08:41:30',NULL),(169,'(JP-ATC) 17T MR10(36165) - Measurement Room_IOP','','','','',NULL,NULL,NULL,NULL,0,0,0,NULL,NULL,NULL,NULL,17,NULL,20,NULL,0,18,34,1,NULL,NULL,0,NULL,'',0,0.00,0.00,NULL,NULL,'2019-07-22 07:15:51','2019-10-07 08:41:36',NULL),(170,'(JP-ATC) 18T MR11(36178) - Shielded Room 1_ESD','','','','',NULL,NULL,NULL,NULL,0,0,0,NULL,NULL,NULL,NULL,17,NULL,20,NULL,0,19,34,1,NULL,NULL,0,NULL,'',0,0.00,0.00,NULL,NULL,'2019-07-22 07:15:51','2019-10-07 08:41:40',NULL),(171,'(JP-ATC) 19T WR - Waterproof','','','','',NULL,NULL,NULL,NULL,0,0,0,NULL,NULL,NULL,NULL,17,NULL,20,NULL,0,20,34,1,NULL,NULL,0,NULL,'',0,0.00,0.00,NULL,NULL,'2019-07-22 07:15:51','2019-10-07 08:42:00',NULL),(172,'(JP-ATC) 1T AC1 (36150) - 3m : Automotive and EMC','','','','',NULL,NULL,NULL,NULL,0,0,0,NULL,NULL,NULL,NULL,17,NULL,20,NULL,0,3,34,1,NULL,NULL,0,NULL,'',0,0.00,0.00,NULL,NULL,'2019-07-22 07:15:51','2019-10-07 08:39:28',NULL),(173,'(JP-ATC) 20T DR - Dustproof','','','','',NULL,NULL,NULL,NULL,0,0,0,NULL,NULL,NULL,NULL,17,NULL,20,NULL,0,21,34,1,NULL,NULL,0,NULL,'',0,0.00,0.00,NULL,NULL,'2019-07-22 07:15:51','2019-10-07 08:42:04',NULL),(174,'(JP-ATC) 21T VR (36174) - Vibration','','','','',NULL,NULL,NULL,NULL,0,0,0,NULL,NULL,NULL,NULL,17,NULL,20,NULL,0,22,34,1,NULL,NULL,0,NULL,'',0,0.00,0.00,NULL,NULL,'2019-07-22 07:15:51','2019-10-07 08:42:15',NULL),(175,'(JP-ATC) 22T Shift 1 - Shift 1','','','','',NULL,NULL,NULL,NULL,0,0,0,NULL,NULL,NULL,NULL,17,NULL,20,NULL,0,23,34,1,NULL,NULL,0,NULL,'',0,0.00,0.00,NULL,NULL,'2019-07-22 07:15:51','2019-10-07 08:42:21',NULL),(176,'(JP-ATC) 23T Shift 2 - Shift 2','','','','',NULL,NULL,NULL,NULL,0,0,0,NULL,NULL,NULL,NULL,17,NULL,20,NULL,0,24,34,1,NULL,NULL,0,NULL,'',0,0.00,0.00,NULL,NULL,'2019-07-22 07:15:51','2019-10-07 08:42:30',NULL),(177,'(JP-ATC) 24T Portable type(ISO7637) - ISO7637(10A)','','','','',NULL,NULL,NULL,NULL,0,0,0,NULL,NULL,NULL,NULL,17,NULL,20,NULL,0,25,34,1,NULL,NULL,0,NULL,'',0,0.00,0.00,NULL,NULL,'2019-07-22 07:15:52','2019-10-07 08:42:38',NULL),(178,'(JP-ATC) 25T Office - Reporting','','','','',NULL,NULL,NULL,NULL,0,0,0,NULL,NULL,NULL,NULL,17,NULL,20,NULL,0,26,34,1,NULL,NULL,0,NULL,'',0,0.00,0.00,NULL,NULL,'2019-07-22 07:15:52','2019-10-07 08:42:47',NULL),(179,'(JP-ATC) 26T Office Work - Office','','','','',NULL,NULL,NULL,NULL,0,0,0,NULL,NULL,NULL,NULL,17,NULL,20,NULL,0,27,34,1,NULL,NULL,0,NULL,'',0,0.00,0.00,NULL,NULL,'2019-07-22 07:15:52','2019-10-07 08:42:59',NULL),(180,'(JP-ATC) 27T Vacation - Vacation','','','','',NULL,NULL,NULL,NULL,0,0,0,NULL,NULL,NULL,NULL,17,NULL,20,NULL,0,28,34,1,NULL,NULL,0,NULL,'',0,0.00,0.00,NULL,NULL,'2019-07-22 07:15:52','2019-10-07 08:43:28',NULL),(181,'(JP-ATC) 2T AC2 (36152) - 3m : Automotive and EMC','','','','',NULL,NULL,NULL,NULL,0,0,0,NULL,NULL,NULL,NULL,17,NULL,20,NULL,0,4,34,1,NULL,NULL,0,NULL,'',0,0.00,0.00,NULL,NULL,'2019-07-22 07:15:52','2019-10-07 08:39:35',NULL),(182,'(JP-ATC) 3T AC3 (36154) - Automotive','','','','',NULL,NULL,NULL,NULL,0,0,0,NULL,NULL,NULL,NULL,17,NULL,20,NULL,0,5,34,1,NULL,NULL,0,NULL,'',0,0.00,0.00,NULL,NULL,'2019-07-22 07:15:52','2019-10-07 08:39:43',NULL),(183,'(JP-ATC) 4T AC4 (36156) - Automotive_EHV Chamber','','','','',NULL,NULL,NULL,NULL,0,0,0,NULL,NULL,NULL,NULL,17,NULL,20,NULL,0,6,34,1,NULL,NULL,0,NULL,'',0,0.00,0.00,NULL,NULL,'2019-07-22 07:15:52','2019-10-07 08:39:53',NULL),(184,'(JP-ATC) 5T AC5 (36158) - Automotive','','','','',NULL,NULL,NULL,NULL,0,0,0,NULL,NULL,NULL,NULL,17,NULL,20,NULL,0,7,34,1,NULL,NULL,0,NULL,'',0,0.00,0.00,NULL,NULL,'2019-07-22 07:15:52','2019-10-07 08:40:02',NULL),(185,'(JP-ATC) 6T AC6 (36160) - Automotive','','','','',NULL,NULL,NULL,NULL,0,0,0,NULL,NULL,NULL,NULL,17,NULL,20,NULL,0,8,34,1,NULL,NULL,0,NULL,'',0,0.00,0.00,NULL,NULL,'2019-07-22 07:15:52','2019-10-07 08:40:09',NULL),(186,'(JP-ATC) 7T SR1 (36166) - Shielded Room 1','','','','',NULL,NULL,NULL,NULL,0,0,0,NULL,NULL,NULL,NULL,17,NULL,20,NULL,0,9,34,1,NULL,NULL,0,NULL,'',0,0.00,0.00,NULL,NULL,'2019-07-22 07:15:52','2019-10-07 08:40:18',NULL),(187,'(JP-ATC) 8T SR2 (36183) - Shielded Room 2_GTEM','','','','',NULL,NULL,NULL,NULL,0,0,0,NULL,NULL,NULL,NULL,17,NULL,20,NULL,0,10,34,1,NULL,NULL,0,NULL,'',0,0.00,0.00,NULL,NULL,'2019-07-22 07:15:52','2019-10-07 08:40:25',NULL),(188,'(JP-ATC) 9T ER1 (36168) - ISO7637(100A) and No.1 Chamber','','','','',NULL,NULL,NULL,NULL,0,0,0,NULL,NULL,NULL,NULL,17,NULL,20,NULL,0,11,34,1,NULL,NULL,0,NULL,'',0,0.00,0.00,NULL,NULL,'2019-07-22 07:15:52','2019-10-07 08:40:56',NULL),(226,'(JP-SHO) 1S SR1(2) (36410) - Shield','','','','',NULL,NULL,NULL,NULL,0,0,1,NULL,NULL,NULL,NULL,19,NULL,26,NULL,0,3004,35,1,NULL,NULL,0,NULL,'',0,0.00,0.00,NULL,NULL,'2019-07-22 08:16:59','2019-10-08 00:31:11',NULL),(227,'(JP-SHO) 2S AC2 (36412) - 10m','','','','',NULL,NULL,NULL,NULL,0,0,1,NULL,NULL,NULL,NULL,19,NULL,26,NULL,0,3005,35,1,NULL,NULL,0,NULL,'',0,0.00,0.00,NULL,NULL,'2019-07-22 08:16:59','2019-10-08 00:31:16',NULL),(228,'(JP-SHO) 2S SR2(1) (36412) - Shield','','','','',NULL,NULL,NULL,NULL,0,0,1,NULL,NULL,NULL,NULL,19,NULL,26,NULL,0,3006,35,1,NULL,NULL,0,NULL,'',0,0.00,0.00,NULL,NULL,'2019-07-22 08:16:59','2019-10-08 00:31:21',NULL),(229,'(JP-SHO) 2S SR2(2) (36412) - Shield','','','','',NULL,NULL,NULL,NULL,0,0,1,NULL,NULL,NULL,NULL,19,NULL,26,NULL,0,3007,35,1,NULL,NULL,0,NULL,'',0,0.00,0.00,NULL,NULL,'2019-07-22 08:17:00','2019-10-08 00:31:26',NULL),(230,'(JP-SHO) 3S AC3 - 3m (36414)','','','','',NULL,NULL,NULL,NULL,0,0,1,NULL,NULL,NULL,NULL,19,NULL,26,NULL,0,3008,35,1,NULL,NULL,0,NULL,'',0,0.00,0.00,NULL,NULL,'2019-07-22 08:17:00','2019-10-08 00:31:30',NULL),(231,'(JP-SHO) 3S SR3(1) (36414) - Shield','','','','',NULL,NULL,NULL,NULL,0,0,1,NULL,NULL,NULL,NULL,19,NULL,26,NULL,0,3009,35,1,NULL,NULL,0,NULL,'',0,0.00,0.00,NULL,NULL,'2019-07-22 08:17:00','2019-10-08 00:31:39',NULL),(232,'(JP-SHO) 3S SR3(2) (36414)- Shield','','','','',NULL,NULL,NULL,NULL,0,0,1,NULL,NULL,NULL,NULL,19,NULL,26,NULL,0,3010,35,1,NULL,NULL,0,NULL,'',0,0.00,0.00,NULL,NULL,'2019-07-22 08:17:00','2019-10-08 00:31:46',NULL),(233,'(JP-SHO) 4S AC4 (36416) - RS','','','','',NULL,NULL,NULL,NULL,0,0,1,NULL,NULL,NULL,NULL,19,NULL,26,NULL,0,3011,35,1,NULL,NULL,0,NULL,'',0,0.00,0.00,NULL,NULL,'2019-07-22 08:17:01','2019-10-08 00:31:52',NULL),(234,'(JP-SHO) 4S SR4(1) (36416) - Shield','','','','',NULL,NULL,NULL,NULL,0,0,1,NULL,NULL,NULL,NULL,19,NULL,26,NULL,0,3012,35,1,NULL,NULL,0,NULL,'',0,0.00,0.00,NULL,NULL,'2019-07-22 08:17:01','2019-10-08 00:31:59',NULL),(235,'(JP-SHO) 4S SR4(2) (36416) - Shield','','','','',NULL,NULL,NULL,NULL,0,0,1,NULL,NULL,NULL,NULL,19,NULL,26,NULL,0,3013,35,1,NULL,NULL,0,NULL,'',0,0.00,0.00,NULL,NULL,'2019-07-22 08:17:01','2019-10-08 00:32:07',NULL),(236,'(JP-SHO) 5S SR5C (36434) - ','','','','',NULL,NULL,NULL,NULL,0,0,1,NULL,NULL,NULL,NULL,19,NULL,26,NULL,0,3014,35,1,NULL,NULL,0,NULL,'',0,0.00,0.00,NULL,NULL,'2019-07-22 08:17:01','2019-10-08 00:32:13',NULL),(237,'(JP-SHO) 5S SR5(1) (36434/36417) - Shield','','','','',NULL,NULL,NULL,NULL,0,0,1,NULL,NULL,NULL,NULL,19,NULL,26,NULL,0,3015,35,1,NULL,NULL,0,NULL,'',0,0.00,0.00,NULL,NULL,'2019-07-22 08:17:01','2019-10-08 00:32:43',NULL),(238,'(JP-SHO) 5S SR5(2) (36434/36417) - Shield','','','','',NULL,NULL,NULL,NULL,0,0,1,NULL,NULL,NULL,NULL,19,NULL,26,NULL,0,3016,35,1,NULL,NULL,0,NULL,'',0,0.00,0.00,NULL,NULL,'2019-07-22 08:17:01','2019-10-08 00:32:50',NULL),(239,'(JP-SHO) 5S SR5(3) (36434/36417) - Shield','','','','',NULL,NULL,NULL,NULL,0,0,1,NULL,NULL,NULL,NULL,19,NULL,26,NULL,0,3017,35,1,NULL,NULL,0,NULL,'',0,0.00,0.00,NULL,NULL,'2019-07-22 08:17:01','2019-10-08 00:33:21',NULL),(240,'(JP-SHO) 5S SR5(4) (36434/36417) - Shield','','','','',NULL,NULL,NULL,NULL,0,0,1,NULL,NULL,NULL,NULL,19,NULL,26,NULL,0,3018,35,1,NULL,NULL,0,NULL,'',0,0.00,0.00,NULL,NULL,'2019-07-22 08:17:01','2019-10-08 00:33:34',NULL),(241,'(JP-SHO) 5S SR5(5) (36434/36417) - Shield','','','','',NULL,NULL,NULL,NULL,0,0,1,NULL,NULL,NULL,NULL,19,NULL,26,NULL,0,3019,35,1,NULL,NULL,0,NULL,'',0,0.00,0.00,NULL,NULL,'2019-07-22 08:17:01','2019-10-08 00:35:09',NULL),(242,'(JP-SHO) 6S SR6(1) (36418) - Shield','','','','',NULL,NULL,NULL,NULL,0,0,1,NULL,NULL,NULL,NULL,19,NULL,26,NULL,0,3020,35,1,NULL,NULL,0,NULL,'',0,0.00,0.00,NULL,NULL,'2019-07-22 08:17:01','2019-10-08 00:35:16',NULL),(243,'(JP-SHO) 6S SR6(2) (36418) - Shield','','','','',NULL,NULL,NULL,NULL,0,0,1,NULL,NULL,NULL,NULL,19,NULL,26,NULL,0,3021,35,1,NULL,NULL,0,NULL,'',0,0.00,0.00,NULL,NULL,'2019-07-22 08:17:01','2019-10-08 00:35:28',NULL),(244,'(JP-SHO) 6S SR6(3) (36418) - Shield','','','','',NULL,NULL,NULL,NULL,0,0,1,NULL,NULL,NULL,NULL,19,NULL,26,NULL,0,3022,35,1,NULL,NULL,0,NULL,'',0,0.00,0.00,NULL,NULL,'2019-07-22 08:17:01','2019-10-08 00:35:34',NULL),(245,'(JP-SHO) 6S SR6(4) (36418) - Shield','','','','',NULL,NULL,NULL,NULL,0,0,1,NULL,NULL,NULL,NULL,19,NULL,26,NULL,0,3023,35,1,NULL,NULL,0,NULL,'',0,0.00,0.00,NULL,NULL,'2019-07-22 08:17:01','2019-10-08 00:36:10',NULL),(246,'(JP-SHO) 7S SR7(SAR) (36422) - Shield','','','','',NULL,NULL,NULL,NULL,0,0,1,NULL,NULL,NULL,NULL,19,NULL,26,NULL,0,3024,35,1,NULL,NULL,0,NULL,'',0,0.00,0.00,NULL,NULL,'2019-07-22 08:17:01','2019-10-08 00:36:54',NULL),(247,'(JP-SHO) 8S SR8(1) (36423) - Shield','','','','',NULL,NULL,NULL,NULL,0,0,1,NULL,NULL,NULL,NULL,19,NULL,26,NULL,0,3025,35,1,NULL,NULL,0,NULL,'',0,0.00,0.00,NULL,NULL,'2019-07-22 08:17:02','2019-10-08 00:37:02',NULL),(248,'(JP-SHO) 8S SR8(2) (36423) - Shield','','','','',NULL,NULL,NULL,NULL,0,0,1,NULL,NULL,NULL,NULL,19,NULL,26,NULL,0,3026,35,1,NULL,NULL,0,NULL,'',0,0.00,0.00,NULL,NULL,'2019-07-22 08:17:02','2019-10-08 00:37:11',NULL),(249,'(JP-SHO) 9S MR1(1) (36425) - radio','','','','',NULL,NULL,NULL,NULL,0,0,1,NULL,NULL,NULL,NULL,19,NULL,26,NULL,0,3027,35,1,NULL,NULL,0,NULL,'',0,0.00,0.00,NULL,NULL,'2019-07-22 08:17:02','2019-10-08 00:37:28',NULL),(250,'(JP-SHO) 9S MR1(2) (36425) - radio','','','','',NULL,NULL,NULL,NULL,0,0,1,NULL,NULL,NULL,NULL,19,NULL,26,NULL,0,3028,35,1,NULL,NULL,0,NULL,'',0,0.00,0.00,NULL,NULL,'2019-07-22 08:17:02','2019-10-08 00:37:55',NULL),(251,'(JP-SHO) 10S CAT2 (36427) - cat','','','','',NULL,NULL,NULL,NULL,0,0,1,NULL,NULL,NULL,NULL,19,NULL,26,NULL,0,3029,35,1,NULL,NULL,0,NULL,'',0,0.00,0.00,NULL,NULL,'2019-07-22 08:17:02','2019-10-08 00:38:06',NULL),(252,'(JP-SHO) 11S 7637, BLK etc - *','','','','',NULL,NULL,NULL,NULL,0,0,1,NULL,NULL,NULL,NULL,19,NULL,26,NULL,0,3030,35,1,NULL,NULL,0,NULL,'',0,0.00,0.00,NULL,NULL,'2019-07-22 08:17:02','2019-10-08 00:38:33',NULL),(253,'(JP-SHO) 12S Calibration - *','','','','',NULL,NULL,NULL,NULL,0,0,1,NULL,NULL,NULL,NULL,19,NULL,26,NULL,0,3031,35,1,NULL,NULL,0,NULL,'',0,0.00,0.00,NULL,NULL,'2019-07-22 08:17:02','2019-10-08 00:39:01',NULL),(254,'(JP-SHO) 13S  - *','','','','',NULL,NULL,NULL,NULL,0,0,1,NULL,NULL,NULL,NULL,19,NULL,26,NULL,0,3032,35,1,NULL,NULL,0,NULL,'',0,0.00,0.00,NULL,NULL,'2019-07-22 08:17:02','2019-10-08 00:39:08',NULL),(255,'(JP-SHO) 14S - *','','','','',NULL,NULL,NULL,NULL,0,0,1,NULL,NULL,NULL,NULL,19,NULL,26,NULL,0,3033,35,1,NULL,NULL,0,NULL,'',0,0.00,0.00,NULL,NULL,'2019-07-22 08:17:02','2019-10-08 00:39:14',NULL),(256,'(JP-SHO) 15S () - *','','','','',NULL,NULL,NULL,NULL,0,0,1,NULL,NULL,NULL,NULL,19,NULL,26,NULL,0,3034,35,1,NULL,NULL,0,NULL,'',0,0.00,0.00,NULL,NULL,'2019-07-22 08:17:02','2019-10-08 00:39:21',NULL),(260,'(JP-SHO) 0S  - *','','','','',NULL,NULL,NULL,NULL,0,0,1,NULL,NULL,NULL,NULL,19,NULL,26,NULL,0,3001,35,1,NULL,NULL,0,NULL,'',0,0.00,0.00,NULL,NULL,'2019-07-22 08:24:34','2019-10-08 00:30:51',NULL),(261,'(JP-SHO) 1S AC1 (36410) - 10m','','','','',NULL,NULL,NULL,NULL,0,0,1,NULL,NULL,NULL,NULL,19,NULL,26,NULL,0,3002,35,1,NULL,NULL,0,NULL,'',0,0.00,0.00,NULL,NULL,'2019-07-22 08:24:34','2019-10-08 00:31:01',NULL),(262,'(JP-SHO) 1S SR1(1) (36410) - Shield','','','','',NULL,NULL,NULL,NULL,0,0,1,NULL,NULL,NULL,NULL,19,NULL,26,NULL,0,3003,35,1,NULL,NULL,0,NULL,'',0,0.00,0.00,NULL,NULL,'2019-07-22 08:24:34','2019-10-08 00:31:07',NULL),(263,'(JP-KAS) 0M -  - Note',NULL,NULL,NULL,NULL,NULL,NULL,NULL,NULL,0,0,1,NULL,NULL,NULL,NULL,18,NULL,23,NULL,0,2001,36,1,NULL,NULL,0,NULL,'',0,0.00,0.00,NULL,NULL,'2019-07-22 08:48:16','2019-10-07 09:23:43',NULL),(266,'(JP-KAS) 1M OATS1-(36501) - 3m/10m/30m','','','','',NULL,NULL,NULL,NULL,0,0,1,NULL,NULL,NULL,NULL,18,NULL,23,NULL,0,2002,36,1,NULL,NULL,0,NULL,'',0,0.00,0.00,NULL,NULL,'2019-07-22 08:57:57','2019-10-07 09:23:50',NULL),(267,'(JP-KAS) 5M OATS5-(36505) - 3m/10m','','','','',NULL,NULL,NULL,NULL,0,0,1,NULL,NULL,NULL,NULL,18,NULL,23,NULL,0,2003,36,1,NULL,NULL,0,NULL,'',0,0.00,0.00,NULL,NULL,'2019-07-23 00:19:08','2019-10-07 09:23:56',NULL),(268,'(JP-KAS) 6M AC6-(36506) - 3m','','','','',NULL,NULL,NULL,NULL,0,0,1,NULL,NULL,NULL,NULL,18,NULL,23,NULL,0,2004,36,1,NULL,NULL,0,NULL,'',0,0.00,0.00,NULL,NULL,'2019-07-23 00:24:49','2019-10-07 09:24:03',NULL),(269,'(JP-KAS) 7M AC7-(36507) - Automotive','','','','',NULL,NULL,NULL,NULL,0,0,1,NULL,NULL,NULL,NULL,18,NULL,23,NULL,0,2005,36,1,NULL,NULL,0,NULL,'',0,0.00,0.00,NULL,NULL,'2019-07-23 00:33:58','2019-10-07 09:24:09',NULL),(270,'(JP-KAS) 8M SR8-(36508) - Automotive','','','','',NULL,NULL,NULL,NULL,0,0,1,NULL,NULL,NULL,NULL,18,NULL,23,NULL,0,2006,36,1,NULL,NULL,0,NULL,'',0,0.00,0.00,NULL,NULL,'2019-07-23 00:33:58','2019-10-07 09:24:15',NULL),(271,'(JP-KAS) 9M SR9 - (36509) - Automotive','','','','',NULL,NULL,NULL,NULL,0,0,1,NULL,NULL,NULL,NULL,18,NULL,23,NULL,0,2007,36,1,NULL,NULL,0,NULL,'',0,0.00,0.00,NULL,NULL,'2019-07-23 00:44:47','2019-10-07 09:25:05',NULL),(272,'(JP-KAS) 10M AC10 - (36510) - 10m','','','','',NULL,NULL,NULL,NULL,0,0,1,NULL,NULL,NULL,NULL,18,NULL,23,NULL,0,2008,36,1,NULL,NULL,0,NULL,'',0,0.00,0.00,NULL,NULL,'2019-07-23 00:44:47','2019-10-07 09:25:13',NULL),(273,'(JP-KAS) 11M AC11 - (36511) - 3m','','','','',NULL,NULL,NULL,NULL,0,0,1,NULL,NULL,NULL,NULL,18,NULL,23,NULL,0,2009,36,1,NULL,NULL,0,NULL,'',0,0.00,0.00,NULL,NULL,'2019-07-23 00:44:48','2019-10-07 09:25:19',NULL),(274,'(JP-KAS) 12M MR1 - 1() - (36513) - GTEM','','','','',NULL,NULL,NULL,NULL,0,0,1,NULL,NULL,NULL,NULL,18,NULL,23,NULL,0,2010,36,1,NULL,NULL,0,NULL,'',0,0.00,0.00,NULL,NULL,'2019-07-23 01:13:09','2019-10-07 09:25:25',NULL),(275,'(JP-KAS) 13M MR2 - (36514) - Radio','','','','',NULL,NULL,NULL,NULL,0,0,1,NULL,NULL,NULL,NULL,18,NULL,23,NULL,0,2011,36,1,NULL,NULL,0,NULL,'',0,0.00,0.00,NULL,NULL,'2019-07-23 01:13:09','2019-10-07 09:25:36',NULL),(276,'(JP-KAS) 14M MR3 - (36515) - H&amp;F','','','','',NULL,NULL,NULL,NULL,0,0,1,NULL,NULL,NULL,NULL,18,NULL,23,NULL,0,2012,36,1,NULL,NULL,0,NULL,'',0,0.00,0.00,NULL,NULL,'2019-07-23 01:13:09','2019-10-15 02:48:14',NULL),(277,'(JP-KAS) 15M MR1 - 2() - (36513) - Automotive','','','','',NULL,NULL,NULL,NULL,0,0,1,NULL,NULL,NULL,NULL,18,NULL,23,NULL,0,2013,36,1,NULL,NULL,0,NULL,'',0,0.00,0.00,NULL,NULL,'2019-07-23 01:13:09','2019-10-07 09:25:55',NULL),(278,'(JP-KAS) 16M MR1 - 3() - (36513) - Automotive','','','','',NULL,NULL,NULL,NULL,0,0,1,NULL,NULL,NULL,NULL,18,NULL,23,NULL,0,2014,36,1,NULL,NULL,0,NULL,'',0,0.00,0.00,NULL,NULL,'2019-07-23 01:13:10','2019-10-07 09:26:01',NULL),(279,'(JP-KAS) 20M M1 - (365xx) - Automotive - EHV Chamber','','','','',NULL,NULL,NULL,NULL,0,0,1,NULL,NULL,NULL,NULL,18,NULL,23,NULL,0,2015,36,1,NULL,NULL,0,NULL,'',0,0.00,0.00,NULL,NULL,'2019-07-23 01:13:10','2019-10-07 09:26:08',NULL),(280,'(JP-KAS) 21M M1 - (365xx) - Automotive - EHV Chamber','','','','',NULL,NULL,NULL,NULL,0,0,1,NULL,NULL,NULL,NULL,18,NULL,23,NULL,0,2016,36,1,NULL,NULL,0,NULL,'',0,0.00,0.00,NULL,NULL,'2019-07-23 01:13:10','2019-10-07 09:26:18',NULL),(281,'(JP-KAS) 22M M3 - (365xx) - Automotive','','','','',NULL,NULL,NULL,NULL,0,0,1,NULL,NULL,NULL,NULL,18,NULL,23,NULL,0,2017,36,1,NULL,NULL,0,NULL,'',0,0.00,0.00,NULL,NULL,'2019-07-23 01:19:07','2019-10-07 09:26:30',NULL),(282,'(JP-KAS) 23M E1 - (365xx) - Automotive','','','','',NULL,NULL,NULL,NULL,0,0,1,NULL,NULL,NULL,NULL,18,NULL,23,NULL,0,2018,36,1,NULL,NULL,0,NULL,'',0,0.00,0.00,NULL,NULL,'2019-07-23 01:19:07','2019-10-07 09:26:40',NULL),(283,'(JP-KAS) 24M E2 - (365xx) - Automotive','','','','',NULL,NULL,NULL,NULL,0,0,1,NULL,NULL,NULL,NULL,18,NULL,23,NULL,0,2019,36,1,NULL,NULL,0,NULL,'',0,0.00,0.00,NULL,NULL,'2019-07-23 01:19:07','2019-10-07 09:26:49',NULL),(284,'(JP-KAS) 25M E3 - (365xx) - Automotive','','','','',NULL,NULL,NULL,NULL,0,0,1,NULL,NULL,NULL,NULL,18,NULL,23,NULL,0,2020,36,1,NULL,NULL,0,NULL,'',0,0.00,0.00,NULL,NULL,'2019-07-23 01:19:08','2019-10-07 09:26:56',NULL),(286,'(JP-KAS) 30M  - ','','','','',NULL,NULL,NULL,NULL,0,0,1,NULL,NULL,NULL,NULL,18,NULL,23,NULL,0,2021,36,1,NULL,NULL,0,NULL,'',0,0.00,0.00,NULL,NULL,'2019-07-23 01:23:27','2019-10-07 09:27:03',NULL),(287,'(JP-KAS) 31M  - ','','','','',NULL,NULL,NULL,NULL,0,0,1,NULL,NULL,NULL,NULL,18,NULL,23,NULL,0,2022,36,1,NULL,NULL,0,NULL,'',0,0.00,0.00,NULL,NULL,'2019-07-23 01:23:27','2019-10-07 09:27:10',NULL),(288,'(JP-KAS) 32M  - ','','','','',NULL,NULL,NULL,NULL,0,0,1,NULL,NULL,NULL,NULL,18,NULL,23,NULL,0,2023,36,1,NULL,NULL,0,NULL,'',0,0.00,0.00,NULL,NULL,'2019-07-23 01:23:27','2019-10-07 09:27:16',NULL),(289,'(JP-KAS) 33M - ','','','','',NULL,NULL,NULL,NULL,0,0,1,NULL,NULL,NULL,NULL,18,NULL,23,NULL,0,2024,36,1,NULL,NULL,0,NULL,'',0,0.00,0.00,NULL,NULL,'2019-07-23 01:23:27','2019-10-07 09:27:25',NULL),(290,'(JP-YOK) 0Y  - Contact field','','','','',NULL,NULL,NULL,NULL,0,0,1,NULL,NULL,NULL,NULL,20,NULL,29,NULL,0,4001,37,1,NULL,NULL,0,NULL,'',0,0.00,0.00,NULL,NULL,'2019-07-23 01:43:07','2019-10-08 00:57:59',NULL),(291,'(JP-YOK) 1Y OATS1 (38640) - 3m/10m/30m','','','','',NULL,NULL,NULL,NULL,0,0,1,NULL,NULL,NULL,NULL,20,NULL,29,NULL,0,4002,37,1,NULL,NULL,0,NULL,'',0,0.00,0.00,NULL,NULL,'2019-07-23 01:48:30','2019-10-08 00:58:05',NULL),(292,'(JP-YOK) 2Y OATS2 (38642) - 3m/10m','','','','',NULL,NULL,NULL,NULL,0,0,1,NULL,NULL,NULL,NULL,20,NULL,29,NULL,0,4003,37,1,NULL,NULL,0,NULL,'',0,0.00,0.00,NULL,NULL,'2019-07-23 01:48:30','2019-10-08 00:58:11',NULL),(293,'(JP-YOK) 3Y OATS3 (38621) - 3m/10m','','','','',NULL,NULL,NULL,NULL,0,0,1,NULL,NULL,NULL,NULL,20,NULL,29,NULL,0,4004,37,1,NULL,NULL,0,NULL,'',0,0.00,0.00,NULL,NULL,'2019-07-23 01:48:30','2019-10-08 00:58:17',NULL),(294,'(JP-YOK) 4-1Y AC1 (38626) - EMS(RS)','','','','',NULL,NULL,NULL,NULL,0,0,1,NULL,NULL,NULL,NULL,20,NULL,29,NULL,0,4005,37,1,NULL,NULL,0,NULL,'',0,0.00,0.00,NULL,NULL,'2019-07-23 01:48:30','2019-10-08 00:58:24',NULL),(295,'(JP-YOK) 4-2Y 4S/R (38626) - EMS','','','','',NULL,NULL,NULL,NULL,0,0,1,NULL,NULL,NULL,NULL,20,NULL,29,NULL,0,4006,37,1,NULL,NULL,0,NULL,'',0,0.00,0.00,NULL,NULL,'2019-07-23 01:48:30','2019-10-08 00:58:41',NULL),(296,'(JP-YOK) 5Y AC2 (38630) - EMS','','','','',NULL,NULL,NULL,NULL,0,0,1,NULL,NULL,NULL,NULL,20,NULL,29,NULL,0,4007,37,1,NULL,NULL,0,NULL,'',0,0.00,0.00,NULL,NULL,'2019-07-23 01:48:30','2019-10-08 00:58:49',NULL),(297,'(JP-YOK) 6Y SR6 (38631) - EMS','','','','',NULL,NULL,NULL,NULL,0,0,1,NULL,NULL,NULL,NULL,20,NULL,29,NULL,0,4008,37,1,NULL,NULL,0,NULL,'',0,0.00,0.00,NULL,NULL,'2019-07-23 01:48:30','2019-10-08 00:58:57',NULL),(298,'(JP-YOK) 7Y SR7 (38644) - EMI/EMS','','','','',NULL,NULL,NULL,NULL,0,0,1,NULL,NULL,NULL,NULL,20,NULL,29,NULL,0,4009,37,1,NULL,NULL,0,NULL,'',0,0.00,0.00,NULL,NULL,'2019-07-23 01:48:30','2019-10-08 00:59:02',NULL),(299,'(JP-YOK) 8Y  (38638) - Harmonics','','','','',NULL,NULL,NULL,NULL,0,0,1,NULL,NULL,NULL,NULL,20,NULL,29,NULL,0,4010,37,1,NULL,NULL,0,NULL,'',0,0.00,0.00,NULL,NULL,'2019-07-23 01:48:30','2019-10-08 00:59:10',NULL),(300,'(JP-YOK) 9Y  - Paperwork','','','','',NULL,NULL,NULL,NULL,0,0,1,NULL,NULL,NULL,NULL,20,NULL,29,NULL,0,4011,37,1,NULL,NULL,0,NULL,'',0,0.00,0.00,NULL,NULL,'2019-07-23 01:48:31','2019-10-08 00:59:14',NULL),(301,'(JP-YOK) 11Y  - Hiace','','','','',NULL,NULL,NULL,NULL,0,0,1,NULL,NULL,NULL,NULL,20,NULL,29,NULL,0,4012,37,1,NULL,NULL,0,NULL,'',0,0.00,0.00,NULL,NULL,'2019-07-23 01:48:31','2019-10-08 00:59:22',NULL),(302,'(JP-YOK) 12Y  - Business trip','','','','',NULL,NULL,NULL,NULL,0,0,1,NULL,NULL,NULL,NULL,20,NULL,29,NULL,0,4015,37,1,NULL,NULL,0,NULL,'',0,0.00,0.00,NULL,NULL,'2019-07-23 01:48:31','2019-10-08 00:59:29',NULL),(303,'(JP-YOK) 13Y  - Holiday','','','','',NULL,NULL,NULL,NULL,0,0,1,NULL,NULL,NULL,NULL,20,NULL,29,NULL,0,4016,37,1,NULL,NULL,0,NULL,'',0,0.00,0.00,NULL,NULL,'2019-07-23 01:48:31','2019-10-08 00:59:39',NULL),(304,'(JP-YOK) 14Y  - SHIFT','','','','',NULL,NULL,NULL,NULL,0,0,1,NULL,NULL,NULL,NULL,20,NULL,29,NULL,0,4017,37,1,NULL,NULL,0,NULL,'',0,0.00,0.00,NULL,NULL,'2019-07-23 01:48:31','2019-10-08 00:59:48',NULL),(305,'(JP-YOK) 15Y  - Support','','','','',NULL,NULL,NULL,NULL,0,0,1,NULL,NULL,NULL,NULL,20,NULL,29,NULL,0,4020,37,1,NULL,NULL,0,NULL,'',0,0.00,0.00,NULL,NULL,'2019-07-23 01:48:31','2019-10-08 00:59:54',NULL),(306,'(DE-STU) SR 1/2','','','','',NULL,NULL,NULL,NULL,0,0,0,NULL,NULL,NULL,NULL,22,NULL,17,NULL,0,9002,38,1,NULL,NULL,0,NULL,'',0,0.00,0.00,NULL,NULL,'2019-07-23 02:02:13','2019-10-08 01:18:11',NULL),(307,'(DE-STU) SR 1/2','','','','',NULL,NULL,NULL,NULL,0,0,0,NULL,NULL,NULL,NULL,21,NULL,17,NULL,0,9001,38,1,NULL,NULL,0,NULL,'',0,0.00,0.00,NULL,NULL,'2019-07-23 02:02:13','2019-10-08 01:17:44',NULL),(308,'(DE-STU) SR 3','','','','',NULL,NULL,NULL,NULL,0,0,0,NULL,NULL,NULL,NULL,21,NULL,17,NULL,0,9003,39,2,NULL,NULL,0,NULL,'',0,0.00,0.00,NULL,NULL,'2019-07-23 02:02:13','2019-10-08 01:20:30',NULL),(309,'(DE-STU) SR 4/5','','','','',NULL,NULL,NULL,NULL,0,0,0,NULL,NULL,NULL,NULL,21,NULL,17,NULL,0,9004,40,1,NULL,NULL,0,NULL,'',0,0.00,0.00,NULL,NULL,'2019-07-23 02:02:14','2019-10-08 01:21:18',NULL),(310,'(DE-STU) SR 4/6','','','','',NULL,NULL,NULL,NULL,0,0,0,NULL,NULL,NULL,NULL,21,NULL,17,NULL,0,9005,41,1,NULL,NULL,0,NULL,'',0,0.00,0.00,NULL,NULL,'2019-07-23 02:02:14','2019-10-08 01:21:25',NULL),(311,'(DE-STU) SR 7/8','','','','',NULL,NULL,NULL,NULL,0,0,0,NULL,NULL,NULL,NULL,21,NULL,17,NULL,0,9006,42,1,NULL,NULL,0,NULL,'',0,0.00,0.00,NULL,NULL,'2019-07-23 02:02:14','2019-10-08 01:22:06',NULL),(312,'(DE-STU) SR 9','','','','',NULL,NULL,NULL,NULL,0,0,0,NULL,NULL,NULL,NULL,22,NULL,17,NULL,0,9007,43,1,NULL,NULL,0,NULL,'',0,0.00,0.00,NULL,NULL,'2019-07-23 02:02:14','2019-10-08 01:22:12',NULL),(313,'(DE-STU) SR 10','','','','',NULL,NULL,NULL,NULL,0,0,0,NULL,NULL,NULL,NULL,21,NULL,17,NULL,0,9008,44,1,NULL,NULL,0,NULL,'',0,0.00,0.00,NULL,NULL,'2019-07-23 02:02:14','2019-10-08 01:22:27',NULL),(314,'(DE-STU) SR 11','','','','',NULL,NULL,NULL,NULL,0,0,0,NULL,NULL,NULL,NULL,21,NULL,17,NULL,0,9009,45,1,NULL,NULL,0,NULL,'',0,0.00,0.00,NULL,NULL,'2019-07-23 02:02:14','2019-10-08 01:22:53',NULL),(315,'(DE-STU) MFCR','','','','',NULL,NULL,NULL,NULL,0,0,0,NULL,NULL,NULL,NULL,21,NULL,17,NULL,0,9010,46,1,NULL,NULL,0,NULL,'',0,0.00,0.00,NULL,NULL,'2019-07-23 02:02:14','2019-10-08 01:23:46',NULL),(316,'(DE-STU) Area 1','','','','',NULL,NULL,NULL,NULL,0,0,0,NULL,NULL,NULL,NULL,21,NULL,17,NULL,0,9011,47,1,NULL,NULL,0,NULL,'',0,0.00,0.00,NULL,NULL,'2019-07-23 02:02:14','2019-10-08 01:23:57',NULL),(317,'(DE-STU) Area 2','','','','',NULL,NULL,NULL,NULL,0,0,0,NULL,NULL,NULL,NULL,22,NULL,17,NULL,0,9012,48,1,NULL,NULL,0,NULL,'',0,0.00,0.00,NULL,NULL,'2019-07-23 02:02:14','2019-10-08 01:24:01',NULL),(318,'(US-FRE) 60GHz Room','','','','',NULL,NULL,NULL,NULL,0,0,1,NULL,NULL,NULL,NULL,23,NULL,34,NULL,0,5001,NULL,1,NULL,NULL,0,NULL,'',0,0.00,0.00,NULL,NULL,'2019-07-23 02:15:45','2019-10-07 23:48:46',NULL),(319,'(US-FRE) AC Line','','','','',NULL,NULL,NULL,NULL,0,0,1,NULL,NULL,NULL,NULL,23,NULL,34,NULL,0,5002,NULL,1,NULL,NULL,0,NULL,'',0,0.00,0.00,NULL,NULL,'2019-07-23 02:24:46','2019-10-07 23:48:49',NULL),(320,'(US-FRE) Chamber A','','','','',NULL,NULL,NULL,NULL,0,0,2,NULL,NULL,NULL,NULL,23,NULL,34,NULL,0,5003,49,1,NULL,NULL,0,NULL,'',0,0.00,0.00,NULL,NULL,'2019-07-23 02:24:46','2019-10-07 23:48:52',NULL),(321,'(US-FRE) Chamber B','','','','',NULL,NULL,NULL,NULL,0,0,3,NULL,NULL,NULL,NULL,23,NULL,34,NULL,0,5004,49,1,NULL,NULL,0,NULL,'',0,0.00,0.00,NULL,NULL,'2019-07-23 02:24:46','2019-10-07 23:48:58',NULL),(322,'(US-FRE) Chamber C (MMW)','','','','',NULL,NULL,NULL,NULL,0,0,4,NULL,NULL,NULL,NULL,23,NULL,34,NULL,0,5005,50,1,NULL,NULL,0,NULL,'',0,0.00,0.00,NULL,NULL,'2019-07-23 02:24:46','2019-10-07 23:49:02',NULL),(323,'(US-FRE) Chamber D','','','','',NULL,NULL,NULL,NULL,0,0,5,NULL,NULL,NULL,NULL,23,NULL,34,NULL,0,5006,50,1,NULL,NULL,0,NULL,'',0,0.00,0.00,NULL,NULL,'2019-07-23 02:24:46','2019-10-07 23:49:04',NULL),(324,'(US-FRE) Chamber E','','','','',NULL,NULL,NULL,NULL,0,0,6,NULL,NULL,NULL,NULL,23,NULL,34,NULL,0,5007,50,1,NULL,NULL,0,NULL,'',0,0.00,0.00,NULL,NULL,'2019-07-23 02:24:46','2019-10-07 23:49:07',NULL),(325,'(US-FRE) Chamber F','','','','',NULL,NULL,NULL,NULL,0,0,7,NULL,NULL,NULL,NULL,23,NULL,34,NULL,0,5008,50,1,NULL,NULL,0,NULL,'',0,0.00,0.00,NULL,NULL,'2019-07-23 02:24:46','2019-10-07 23:49:12',NULL),(327,'(US-FRE) Chamber G','','','','',NULL,NULL,NULL,NULL,0,0,9,NULL,NULL,NULL,NULL,23,NULL,34,NULL,0,5010,50,1,NULL,NULL,0,NULL,'',0,0.00,0.00,NULL,NULL,'2019-07-23 02:24:46','2019-10-07 23:49:23',NULL),(328,'(US-FRE) Chamber H','','','','',NULL,NULL,NULL,NULL,0,0,10,NULL,NULL,NULL,NULL,23,NULL,34,NULL,0,5011,50,1,NULL,NULL,0,NULL,'',0,0.00,0.00,NULL,NULL,'2019-07-23 02:24:46','2019-10-07 23:49:36',NULL),(329,'(US-FRE) Chamber I','','','','',NULL,NULL,NULL,NULL,0,0,11,NULL,NULL,NULL,NULL,23,NULL,34,NULL,0,5012,50,1,NULL,NULL,0,NULL,'',0,0.00,0.00,NULL,NULL,'2019-07-23 02:24:47','2019-10-07 23:49:40',NULL),(330,'(US-FRE) Chamber J','','','','',NULL,NULL,NULL,NULL,0,0,12,NULL,NULL,NULL,NULL,23,NULL,34,NULL,0,5013,50,1,NULL,NULL,0,NULL,'',0,0.00,0.00,NULL,NULL,'2019-07-23 02:24:47','2019-10-07 23:49:42',NULL),(331,'(US-FRE) Chamber K','','','','',NULL,NULL,NULL,NULL,0,0,13,NULL,NULL,NULL,NULL,23,NULL,34,NULL,0,5014,50,1,NULL,NULL,0,NULL,'',0,0.00,0.00,NULL,NULL,'2019-07-23 02:24:47','2019-10-07 23:49:46',NULL),(332,'(US-FRE) Chamber L (Automotive)','','','','',NULL,NULL,NULL,NULL,0,0,14,NULL,NULL,NULL,NULL,23,NULL,34,NULL,0,5015,50,1,NULL,NULL,0,NULL,'',0,0.00,0.00,NULL,NULL,'2019-07-23 02:24:47','2019-10-07 23:49:49',NULL),(333,'(US-FRE) Chamber M (10m)','','','','',NULL,NULL,NULL,NULL,0,0,15,NULL,NULL,NULL,NULL,23,NULL,34,NULL,0,5016,56,1,NULL,NULL,0,NULL,'',0,0.00,0.00,NULL,NULL,'2019-07-23 02:24:47','2019-10-07 23:49:53',NULL),(334,'(US-FRE) Conducted A','','','','',NULL,NULL,NULL,NULL,0,0,16,NULL,NULL,NULL,NULL,23,NULL,34,NULL,0,5017,NULL,1,NULL,NULL,0,NULL,'',0,0.00,0.00,NULL,NULL,'2019-07-23 02:24:47','2019-10-07 23:49:56',NULL),(335,'(US-FRE) Conducted B','','','','',NULL,NULL,NULL,NULL,0,0,17,NULL,NULL,NULL,NULL,23,NULL,34,NULL,0,5018,NULL,1,NULL,NULL,0,NULL,'',0,0.00,0.00,NULL,NULL,'2019-07-23 02:24:47','2019-10-07 23:49:59',NULL),(336,'(US-FRE) Conducted C','','','','',NULL,NULL,NULL,NULL,0,0,18,NULL,NULL,NULL,NULL,23,NULL,34,NULL,0,5019,NULL,1,NULL,NULL,0,NULL,'',0,0.00,0.00,NULL,NULL,'2019-07-23 02:24:47','2019-10-07 23:50:02',NULL),(337,'(US-FRE) Conducted D1','','','','',NULL,NULL,NULL,NULL,0,0,19,NULL,NULL,NULL,NULL,23,NULL,34,NULL,0,5020,NULL,1,NULL,NULL,0,NULL,'',0,0.00,0.00,NULL,NULL,'2019-07-23 02:24:47','2019-10-07 23:50:06',NULL),(338,'(US-FRE) Conducted D2','','','','',NULL,NULL,NULL,NULL,0,0,20,NULL,NULL,NULL,NULL,23,NULL,34,NULL,0,5021,NULL,1,NULL,NULL,0,NULL,'',0,0.00,0.00,NULL,NULL,'2019-07-23 02:24:47','2019-10-07 23:50:09',NULL),(339,'(US-FRE) Conducted EMC B1','','','','',NULL,NULL,NULL,NULL,0,0,21,NULL,NULL,NULL,NULL,23,NULL,34,NULL,0,5022,NULL,1,NULL,NULL,0,NULL,'',0,0.00,0.00,NULL,NULL,'2019-07-23 02:24:47','2019-10-07 23:50:12',NULL),(340,'(US-FRE) Conducted EMC B2','','','','',NULL,NULL,NULL,NULL,0,0,22,NULL,NULL,NULL,NULL,23,NULL,34,NULL,0,5023,NULL,1,NULL,NULL,0,NULL,'',0,0.00,0.00,NULL,NULL,'2019-07-23 02:24:47','2019-10-07 23:50:14',NULL),(341,'(US-FRE) Conducted F','','','','',NULL,NULL,NULL,NULL,0,0,23,NULL,NULL,NULL,NULL,23,NULL,34,NULL,0,5024,NULL,1,NULL,NULL,0,NULL,'',0,0.00,0.00,NULL,NULL,'2019-07-23 02:24:47','2019-10-07 23:50:17',NULL),(342,'(US-FRE) DFS1','','','','',NULL,NULL,NULL,NULL,0,0,24,NULL,NULL,NULL,NULL,23,NULL,34,NULL,0,5025,51,1,NULL,NULL,0,NULL,'',0,0.00,0.00,NULL,NULL,'2019-07-23 02:24:48','2019-10-07 23:50:20',NULL),(343,'(US-FRE) DFS2','','','','',NULL,NULL,NULL,NULL,0,0,25,NULL,NULL,NULL,NULL,23,NULL,34,NULL,0,5026,51,1,NULL,NULL,0,NULL,'',0,0.00,0.00,NULL,NULL,'2019-07-23 02:24:48','2019-10-07 23:50:23',NULL),(344,'(US-FRE) Immunity Chamber','','','','',NULL,NULL,NULL,NULL,0,0,26,NULL,NULL,NULL,NULL,23,NULL,34,NULL,0,5027,NULL,1,NULL,NULL,0,NULL,'',0,0.00,0.00,NULL,NULL,'2019-07-23 02:24:48','2019-10-07 23:50:26',NULL),(345,'(US-FRE) Temperature A','','','','',NULL,NULL,NULL,NULL,0,0,27,NULL,NULL,NULL,NULL,23,NULL,34,NULL,0,5028,NULL,1,NULL,NULL,0,NULL,'',0,0.00,0.00,NULL,NULL,'2019-07-23 02:24:48','2019-10-07 23:50:28',NULL),(346,'(US-FRE) Temperature B1','','','','',NULL,NULL,NULL,NULL,0,0,28,NULL,NULL,NULL,NULL,23,NULL,34,NULL,0,5029,NULL,1,NULL,NULL,0,NULL,'',0,0.00,0.00,NULL,NULL,'2019-07-23 02:24:48','2019-10-07 23:50:31',NULL),(347,'(US-FRE) Temperature B2','','','','',NULL,NULL,NULL,NULL,0,0,29,NULL,NULL,NULL,NULL,23,NULL,34,NULL,0,5030,NULL,1,NULL,NULL,0,NULL,'',0,0.00,0.00,NULL,NULL,'2019-07-23 02:24:48','2019-10-15 07:13:40',NULL),(348,'(UK-KP) Site 1','','','','',NULL,NULL,NULL,NULL,0,0,0,NULL,NULL,NULL,NULL,35,NULL,32,NULL,0,8001,57,1,NULL,NULL,0,NULL,'',0,0.00,0.00,NULL,NULL,'2019-07-23 03:08:59','2019-10-12 07:46:05',NULL),(349,'(UK-KP) Site 2','','','','',NULL,NULL,NULL,NULL,0,0,0,NULL,NULL,NULL,NULL,35,NULL,32,NULL,0,8002,58,1,NULL,NULL,0,NULL,'',0,0.00,0.00,NULL,NULL,'2019-07-23 03:08:59','2019-10-12 07:46:05',NULL),(350,'(UK-KP) Site 10','','','','',NULL,NULL,NULL,NULL,0,0,0,NULL,NULL,NULL,NULL,35,NULL,32,NULL,0,8003,58,1,NULL,NULL,0,NULL,'',0,0.00,0.00,NULL,NULL,'2019-07-23 03:08:59','2019-10-12 07:46:05',NULL),(351,'(UK-KP) Site 17','','','','',NULL,NULL,NULL,NULL,0,0,0,NULL,NULL,NULL,NULL,35,NULL,32,NULL,0,8004,59,1,NULL,NULL,0,NULL,'',0,0.00,0.00,NULL,NULL,'2019-07-23 03:08:59','2019-10-15 08:49:30',NULL),(352,'(UK-KP) Site 4a','','','','',NULL,NULL,NULL,NULL,0,0,0,NULL,NULL,NULL,NULL,35,NULL,32,NULL,0,8005,68,1,NULL,NULL,0,NULL,'',0,0.00,0.00,NULL,NULL,'2019-07-23 03:08:59','2019-10-12 07:46:05',NULL),(353,'(UK-KP) Site 4b','','','','',NULL,NULL,NULL,NULL,0,0,0,NULL,NULL,NULL,NULL,35,NULL,32,NULL,0,8006,61,1,NULL,NULL,0,NULL,'',0,0.00,0.00,NULL,NULL,'2019-07-23 03:08:59','2019-10-12 07:46:05',NULL),(354,'(UK-KP) Site 6a','','','','',NULL,NULL,NULL,NULL,0,0,0,NULL,NULL,NULL,NULL,35,NULL,32,NULL,0,8007,62,1,NULL,NULL,0,NULL,'',0,0.00,0.00,NULL,NULL,'2019-07-23 03:09:00','2019-10-12 07:46:05',NULL),(355,'(UK-KP) Site 6b','','','','',NULL,NULL,NULL,NULL,0,0,0,NULL,NULL,NULL,NULL,35,NULL,32,NULL,0,8008,63,1,NULL,NULL,0,NULL,'',0,0.00,0.00,NULL,NULL,'2019-07-23 03:09:00','2019-10-12 07:46:05',NULL),(356,'(UK-KP) Site 7','','','','',NULL,NULL,NULL,NULL,0,0,0,NULL,NULL,NULL,NULL,35,NULL,32,NULL,0,8009,64,1,NULL,NULL,0,NULL,'',0,0.00,0.00,NULL,NULL,'2019-07-23 03:09:00','2019-10-12 07:46:05',NULL),(357,'(UK-KP) Site 8','','','','',NULL,NULL,NULL,NULL,0,0,0,NULL,NULL,NULL,NULL,35,NULL,32,NULL,0,8010,65,1,NULL,NULL,0,NULL,'',0,0.00,0.00,NULL,NULL,'2019-07-23 03:09:00','2019-10-12 07:46:05',NULL),(358,'(UK-KP) Site 15','','','','',NULL,NULL,NULL,NULL,0,0,0,NULL,NULL,NULL,NULL,35,NULL,32,NULL,0,8011,NULL,1,NULL,NULL,0,NULL,'',0,0.00,0.00,NULL,NULL,'2019-07-23 03:09:00','2019-10-12 07:46:05',NULL),(359,'(UK-KP) Site 16','','','','',NULL,NULL,NULL,NULL,0,0,0,NULL,NULL,NULL,NULL,35,NULL,32,NULL,0,8012,67,1,NULL,NULL,0,NULL,'',0,0.00,0.00,NULL,NULL,'2019-07-23 03:09:00','2019-10-12 07:46:05',NULL),(360,'(UK-KP) Site 18','','','','',NULL,NULL,NULL,NULL,0,0,0,NULL,NULL,NULL,NULL,35,NULL,32,NULL,0,8013,69,1,NULL,NULL,0,NULL,'',0,0.00,0.00,NULL,NULL,'2019-07-23 03:09:00','2019-10-12 07:46:05',NULL),(361,'(UK-KP) Site 22','','','','',NULL,NULL,NULL,NULL,0,0,0,NULL,NULL,NULL,NULL,35,NULL,32,NULL,0,8014,68,1,NULL,NULL,0,NULL,'',0,0.00,0.00,NULL,NULL,'2019-07-23 03:09:00','2019-10-12 07:46:05',NULL),(362,'(UK-KP) OATS','','','','',NULL,NULL,NULL,NULL,0,0,0,NULL,NULL,NULL,NULL,35,NULL,32,NULL,0,8015,70,1,NULL,NULL,0,NULL,'',0,0.00,0.00,NULL,NULL,'2019-07-23 03:09:00','2019-10-12 07:46:05',NULL),(363,'(UK-KP) Site 19','','','','',NULL,NULL,NULL,NULL,0,0,0,NULL,NULL,NULL,NULL,26,NULL,32,NULL,0,8016,78,1,NULL,NULL,0,NULL,'',0,0.00,0.00,NULL,NULL,'2019-07-23 03:09:00','2019-10-08 00:55:36',NULL),(364,'(UK-KP) Site 20','','','','',NULL,NULL,NULL,NULL,0,0,0,NULL,NULL,NULL,NULL,26,NULL,32,NULL,0,8017,79,1,NULL,NULL,0,NULL,'',0,0.00,0.00,NULL,NULL,'2019-07-23 03:09:00','2019-10-08 00:55:53',NULL),(365,'(UK-KP) Site 21','','','','',NULL,NULL,NULL,NULL,0,0,0,NULL,NULL,NULL,NULL,26,NULL,32,NULL,0,8018,80,1,NULL,NULL,0,NULL,'',0,0.00,0.00,NULL,NULL,'2019-07-23 03:09:00','2019-10-08 00:55:58',NULL),(369,'(UK-KP) Site 50','','','','',NULL,NULL,NULL,NULL,0,0,0,NULL,NULL,NULL,NULL,26,NULL,32,NULL,0,8022,72,1,NULL,NULL,0,NULL,'',0,0.00,0.00,NULL,NULL,'2019-07-23 03:09:01','2019-10-08 00:57:12',NULL),(370,'(UK-KP) Site 51','','','','',NULL,NULL,NULL,NULL,0,0,0,NULL,NULL,NULL,NULL,26,NULL,32,NULL,0,8023,71,1,NULL,NULL,0,NULL,'',0,0.00,0.00,NULL,NULL,'2019-07-23 03:09:01','2019-10-08 00:57:28',NULL),(371,'(UK-KP) Site 52','','','','',NULL,NULL,NULL,NULL,0,0,0,NULL,NULL,NULL,NULL,26,NULL,32,NULL,0,8024,71,1,NULL,NULL,0,NULL,'',0,0.00,0.00,NULL,NULL,'2019-07-23 03:09:01','2019-10-08 00:57:32',NULL),(372,'(UK-KP) Site 53','','','','',NULL,NULL,NULL,NULL,0,0,0,NULL,NULL,NULL,NULL,26,NULL,32,NULL,0,8025,73,1,NULL,NULL,0,NULL,'',0,0.00,0.00,NULL,NULL,'2019-07-23 03:09:01','2019-10-08 00:58:15',NULL),(373,'(UK-KP) Site 54','','','','',NULL,NULL,NULL,NULL,0,0,0,NULL,NULL,NULL,NULL,26,NULL,32,NULL,0,8026,74,1,NULL,NULL,0,NULL,'',0,0.00,0.00,NULL,NULL,'2019-07-23 03:09:01','2019-10-08 00:58:22',NULL),(374,'(UK-KP) Site 55','','','','',NULL,NULL,NULL,NULL,0,0,0,NULL,NULL,NULL,NULL,26,NULL,32,NULL,0,8027,75,1,NULL,NULL,0,NULL,'',0,0.00,0.00,NULL,NULL,'2019-07-23 03:09:01','2019-10-08 00:58:34',NULL),(375,'(UK-KP) Site 56','','','','',NULL,NULL,NULL,NULL,0,0,0,NULL,NULL,NULL,NULL,26,NULL,32,NULL,0,8028,76,1,NULL,NULL,0,NULL,'',0,0.00,0.00,NULL,NULL,'2019-07-23 03:09:01','2019-10-08 00:58:41',NULL),(376,'(UK-KP) Site 57','','','','',NULL,NULL,NULL,NULL,0,0,0,NULL,NULL,NULL,NULL,26,NULL,32,NULL,0,8029,77,1,NULL,NULL,0,NULL,'',0,0.00,0.00,NULL,NULL,'2019-07-23 03:09:01','2019-10-08 00:58:58',NULL),(377,'(UK-KP) Site 59','','','','',NULL,NULL,NULL,NULL,0,0,0,NULL,NULL,NULL,NULL,28,NULL,32,NULL,0,8030,84,1,NULL,NULL,0,NULL,'',0,0.00,0.00,NULL,NULL,'2019-07-23 03:09:01','2019-10-08 00:59:01',NULL),(378,'(UK-KP) Site 60','','','','',NULL,NULL,NULL,NULL,0,0,0,NULL,NULL,NULL,NULL,28,NULL,32,NULL,0,8031,84,1,NULL,NULL,0,NULL,'',0,0.00,0.00,NULL,NULL,'2019-07-23 03:09:01','2019-10-08 00:59:16',NULL),(379,'(UK-KP) Site 61','','','','',NULL,NULL,NULL,NULL,0,0,0,NULL,NULL,NULL,NULL,28,NULL,32,NULL,0,8032,84,1,NULL,NULL,0,NULL,'',0,0.00,0.00,NULL,NULL,'2019-07-23 03:09:01','2019-10-08 00:59:19',NULL),(380,'(UK-KP) Site 62','','','','',NULL,NULL,NULL,NULL,0,0,0,NULL,NULL,NULL,NULL,28,NULL,32,NULL,0,8033,84,1,NULL,NULL,0,NULL,'',0,0.00,0.00,NULL,NULL,'2019-07-23 03:09:02','2019-10-08 01:00:00',NULL),(381,'(UK-KP) Site 63','','','','',NULL,NULL,NULL,NULL,0,0,0,NULL,NULL,NULL,NULL,28,NULL,32,NULL,0,8034,84,1,NULL,NULL,0,NULL,'',0,0.00,0.00,NULL,NULL,'2019-07-23 03:09:02','2019-10-08 01:00:03',NULL),(382,'(UK-KP) Site 64','','','','',NULL,NULL,NULL,NULL,0,0,0,NULL,NULL,NULL,NULL,28,NULL,32,NULL,0,8035,84,1,NULL,NULL,0,NULL,'',0,0.00,0.00,NULL,NULL,'2019-07-23 03:09:02','2019-10-08 01:00:13',NULL),(383,'(UK-KP) Site 65','','','','',NULL,NULL,NULL,NULL,0,0,0,NULL,NULL,NULL,NULL,28,NULL,32,NULL,0,8036,84,1,NULL,NULL,0,NULL,'',0,0.00,0.00,NULL,NULL,'2019-07-23 03:09:02','2019-10-08 01:00:17',NULL),(384,'(UK-KP) Site 66','','','','',NULL,NULL,NULL,NULL,0,0,0,NULL,NULL,NULL,NULL,28,NULL,32,NULL,0,8037,86,1,NULL,NULL,0,NULL,'',0,0.00,0.00,NULL,NULL,'2019-07-23 03:09:02','2019-10-08 01:00:25',NULL),(385,'(JP-ISE) 0H  - Note',NULL,NULL,NULL,NULL,NULL,NULL,NULL,NULL,0,0,1,NULL,NULL,NULL,NULL,29,NULL,41,NULL,0,1001,87,1,NULL,NULL,0,NULL,'',0,0.00,0.00,NULL,NULL,'2019-08-14 08:49:43','2019-10-07 08:56:26',NULL),(386,'(JP-ISE) 1H AC1 - (37724) 10 m','','','','',NULL,NULL,NULL,NULL,0,0,1,NULL,NULL,NULL,NULL,29,NULL,41,NULL,0,1002,87,1,NULL,NULL,0,NULL,'',0,0.00,0.00,NULL,NULL,'2019-08-14 09:02:42','2019-10-07 08:56:34',NULL),(387,'(JP-ISE) 2H AC2 - (37753) 3 m','','','','',NULL,NULL,NULL,NULL,0,0,1,NULL,NULL,NULL,NULL,29,NULL,41,NULL,0,1003,87,1,NULL,NULL,0,NULL,'',0,0.00,0.00,NULL,NULL,'2019-08-14 09:02:43','2019-10-07 08:56:45',NULL),(388,'(JP-ISE) 3H AC3 - (38701) 3 m','','','','',NULL,NULL,NULL,NULL,0,0,1,NULL,NULL,NULL,NULL,29,NULL,41,NULL,0,1004,87,1,NULL,NULL,0,NULL,'',0,0.00,0.00,NULL,NULL,'2019-08-14 09:02:43','2019-10-07 08:56:52',NULL),(389,'(JP-ISE) 4H AC4 - (38725) 3 m','','','','',NULL,NULL,NULL,NULL,0,0,1,NULL,NULL,NULL,NULL,29,NULL,41,NULL,0,1005,87,1,NULL,NULL,0,NULL,'',0,0.00,0.00,NULL,NULL,'2019-08-14 09:02:43','2019-10-07 08:56:58',NULL),(390,'(JP-ISE) 5H AC5 - (38731) RS','','','','',NULL,NULL,NULL,NULL,0,0,1,NULL,NULL,NULL,NULL,29,NULL,41,NULL,0,1006,87,1,NULL,NULL,0,NULL,'',0,0.00,0.00,NULL,NULL,'2019-08-14 09:02:43','2019-10-07 08:57:04',NULL),(391,'(JP-ISE) 6aH MR6-1 - (37759) CH','','','','',NULL,NULL,NULL,NULL,0,0,1,NULL,NULL,NULL,NULL,29,NULL,41,NULL,0,1007,87,1,NULL,NULL,0,NULL,'',0,0.00,0.00,NULL,NULL,'2019-08-14 09:02:43','2019-10-07 08:57:11',NULL),(392,'(JP-ISE) 6aH MR6-2 - (37759) CH','','','','',NULL,NULL,NULL,NULL,0,0,1,NULL,NULL,NULL,NULL,29,NULL,41,NULL,0,1008,87,1,NULL,NULL,0,NULL,'',0,0.00,0.00,NULL,NULL,'2019-08-14 09:02:43','2019-10-07 08:57:18',NULL),(393,'(JP-ISE) bH SR6 - (38730) SR','','','','',NULL,NULL,NULL,NULL,0,0,1,NULL,NULL,NULL,NULL,29,NULL,41,NULL,0,1009,87,1,NULL,NULL,0,NULL,'',0,0.00,0.00,NULL,NULL,'2019-08-14 09:02:43','2019-10-07 08:57:26',NULL),(394,'(JP-ISE) 7aH SR7 - (37729) L','','','','',NULL,NULL,NULL,NULL,0,0,1,NULL,NULL,NULL,NULL,29,NULL,41,NULL,0,1010,87,1,NULL,NULL,0,NULL,'',0,0.00,0.00,NULL,NULL,'2019-08-14 09:02:43','2019-10-07 08:57:43',NULL),(395,'(JP-ISE) 7bH SR7 - (37734) R','','','','',NULL,NULL,NULL,NULL,0,0,1,NULL,NULL,NULL,NULL,29,NULL,41,NULL,0,1011,87,1,NULL,NULL,0,NULL,'',0,0.00,0.00,NULL,NULL,'2019-08-14 09:02:43','2019-10-07 08:57:54',NULL),(396,'(JP-ISE) 9H MR9 - (37706)','','','','',NULL,NULL,NULL,NULL,0,0,1,NULL,NULL,NULL,NULL,29,NULL,41,NULL,0,1012,87,1,NULL,NULL,0,NULL,'',0,0.00,0.00,NULL,NULL,'2019-08-14 09:02:43','2019-10-07 08:58:00',NULL),(397,'(JP-ISE) 11aH MR8-1 - (38729) Qi','','','','',NULL,NULL,NULL,NULL,0,0,1,NULL,NULL,NULL,NULL,29,NULL,41,NULL,0,1013,87,1,NULL,NULL,0,NULL,'',0,0.00,0.00,NULL,NULL,'2019-08-14 09:02:43','2019-10-07 08:58:08',NULL),(398,'(JP-ISE) 11bH MR8-2 - (37742) BT','','','','',NULL,NULL,NULL,NULL,0,0,1,NULL,NULL,NULL,NULL,29,NULL,41,NULL,0,1014,87,1,NULL,NULL,0,NULL,'',0,0.00,0.00,NULL,NULL,'2019-08-14 09:02:43','2019-10-07 08:58:15',NULL),(399,'(JP-ISE) 11bH MR8-3 - (37742) CH','','','','',NULL,NULL,NULL,NULL,0,0,1,NULL,NULL,NULL,NULL,29,NULL,41,NULL,0,1015,87,1,NULL,NULL,0,NULL,'',0,0.00,0.00,NULL,NULL,'2019-08-14 09:02:44','2019-10-07 08:58:19',NULL),(400,'(JP-ISE) 15H SAR 1 - (38744)','','','','',NULL,NULL,NULL,NULL,0,0,1,NULL,NULL,NULL,NULL,29,NULL,41,NULL,0,1016,87,1,NULL,NULL,0,NULL,'',0,0.00,0.00,NULL,NULL,'2019-08-14 09:02:44','2019-10-07 08:58:43',NULL),(401,'(JP-ISE) 16H SAR 2 - (38746)','','','','',NULL,NULL,NULL,NULL,0,0,1,NULL,NULL,NULL,NULL,29,NULL,41,NULL,0,1017,87,1,NULL,NULL,0,NULL,'',0,0.00,0.00,NULL,NULL,'2019-08-14 09:02:44','2019-10-07 08:58:47',NULL),(402,'(JP-ISE) 17H SAR 3 - (38747)','','','','',NULL,NULL,NULL,NULL,0,0,1,NULL,NULL,NULL,NULL,29,NULL,41,NULL,0,1018,87,1,NULL,NULL,0,NULL,'',0,0.00,0.00,NULL,NULL,'2019-08-14 09:02:44','2019-10-07 08:58:54',NULL),(403,'(JP-ISE) 19H PR3 - (38709)','','','','',NULL,NULL,NULL,NULL,0,0,1,NULL,NULL,NULL,NULL,29,NULL,41,NULL,0,1019,87,1,NULL,NULL,0,NULL,'',0,0.00,0.00,NULL,NULL,'2019-08-14 09:02:44','2019-10-07 08:58:58',NULL),(404,'(JP-ISE) 20H PR4 - (38726)','','','','',NULL,NULL,NULL,NULL,0,0,1,NULL,NULL,NULL,NULL,29,NULL,41,NULL,0,1020,87,1,NULL,NULL,0,NULL,'',0,0.00,0.00,NULL,NULL,'2019-08-14 09:02:44','2019-10-07 08:59:03',NULL),(405,'(JP-ISE) 31H - Night shift','','','','',NULL,NULL,NULL,NULL,0,0,1,NULL,NULL,NULL,NULL,29,NULL,41,NULL,0,1021,87,1,NULL,NULL,0,NULL,'',0,0.00,0.00,NULL,NULL,'2019-08-14 09:02:44','2019-10-07 08:59:07',NULL),(406,'(JP-ISE) 32H - day off','','','','',NULL,NULL,NULL,NULL,0,0,1,NULL,NULL,NULL,NULL,29,NULL,41,NULL,0,1022,87,1,NULL,NULL,0,NULL,'',0,0.00,0.00,NULL,NULL,'2019-08-14 09:02:44','2019-10-07 08:59:13',NULL),(407,'(JP-ISE) 33H - business trip','','','','',NULL,NULL,NULL,NULL,0,0,1,NULL,NULL,NULL,NULL,29,NULL,41,NULL,0,1023,87,1,NULL,NULL,0,NULL,'',0,0.00,0.00,NULL,NULL,'2019-08-14 09:02:44','2019-10-07 08:59:20',NULL),(408,'(JP-ISE) 34H - 1-Day Flex','','','','',NULL,NULL,NULL,NULL,0,0,1,NULL,NULL,NULL,NULL,29,NULL,41,NULL,0,1024,87,1,NULL,NULL,0,NULL,'',0,0.00,0.00,NULL,NULL,'2019-08-14 09:02:44','2019-10-07 08:59:27',NULL),(409,'(JP-ISE) MR11- (37645 cal)','','','','',NULL,NULL,NULL,NULL,0,0,1,NULL,NULL,NULL,NULL,29,NULL,41,NULL,0,1025,87,1,NULL,NULL,0,NULL,'',0,0.00,0.00,NULL,NULL,'2019-08-14 09:02:44','2019-10-07 08:59:36',NULL),(410,'(JP-ATC) 28T Travel - Travel','','','','',NULL,NULL,NULL,NULL,0,0,0,NULL,NULL,NULL,NULL,17,NULL,20,NULL,0,29,34,1,NULL,NULL,0,NULL,'',0,0.00,0.00,NULL,NULL,'2019-08-14 11:06:22','2019-10-07 08:43:35',NULL),(411,'(US-RTPW) Chamber A - EMC','','','10m Chamber RTP','',NULL,NULL,NULL,NULL,0,0,1,NULL,NULL,NULL,NULL,30,NULL,37,NULL,0,6001,88,1,NULL,NULL,0,NULL,'',0,0.00,0.00,NULL,NULL,'2019-08-14 13:06:27','2019-10-08 01:08:23',NULL),(412,'(US-RTPW) Chamber B - EMC','','','Immunity Chamber RTP','',NULL,NULL,NULL,NULL,0,0,1,NULL,NULL,NULL,NULL,30,NULL,37,NULL,0,6002,89,1,NULL,NULL,0,NULL,'',0,0.00,0.00,NULL,NULL,'2019-08-14 13:06:28','2019-10-08 01:08:27',NULL),(413,'(US-RTPW) Chamber C - EMC','','','3m Chamber RTP','',NULL,NULL,NULL,NULL,0,0,1,NULL,NULL,NULL,NULL,30,NULL,37,NULL,0,6003,90,1,NULL,NULL,0,NULL,'',0,0.00,0.00,NULL,NULL,'2019-08-14 13:06:28','2019-10-08 01:08:31',NULL),(414,'(US-RTPW) CDE - EMC','','','Conducted Emisisons','',NULL,NULL,NULL,NULL,0,0,1,NULL,NULL,NULL,NULL,30,NULL,37,NULL,0,6004,91,1,NULL,NULL,0,NULL,'',0,0.00,0.00,NULL,NULL,'2019-08-14 13:06:28','2019-10-08 01:08:36',NULL),(415,'(US-RTPW) HRM/FLK - EMC','','','Harmonics &amp; Flicker','',NULL,NULL,NULL,NULL,0,0,1,NULL,NULL,NULL,NULL,30,NULL,37,NULL,0,6005,92,1,NULL,NULL,0,NULL,'',0,0.00,0.00,NULL,NULL,'2019-08-14 13:06:28','2019-10-08 01:08:42',NULL),(416,'(US-RTPW) ESD - EMC','','','Electrostatic Discharge','',NULL,NULL,NULL,NULL,0,0,1,NULL,NULL,NULL,NULL,30,NULL,37,NULL,0,6006,93,1,NULL,NULL,0,NULL,'',0,0.00,0.00,NULL,NULL,'2019-08-14 13:06:28','2019-10-08 01:08:46',NULL),(417,'(US-RTPW) EFT - EMC','','','Eletrical Fast Transients','',NULL,NULL,NULL,NULL,0,0,1,NULL,NULL,NULL,NULL,30,NULL,37,NULL,0,6007,94,1,NULL,NULL,0,NULL,'',0,0.00,0.00,NULL,NULL,'2019-08-14 13:06:28','2019-10-08 01:08:51',NULL),(418,'(US-RTPW) SRG - EMC','','','Surge','',NULL,NULL,NULL,NULL,0,0,1,NULL,NULL,NULL,NULL,30,NULL,37,NULL,0,6008,95,1,NULL,NULL,0,NULL,'',0,0.00,0.00,NULL,NULL,'2019-08-14 13:06:28','2019-10-08 01:08:55',NULL),(419,'(US-RTPW) CDI - EMC','','','Conducted Immunity','',NULL,NULL,NULL,NULL,0,0,1,NULL,NULL,NULL,NULL,30,NULL,37,NULL,0,6009,96,1,NULL,NULL,0,NULL,'',0,0.00,0.00,NULL,NULL,'2019-08-14 13:06:28','2019-10-08 01:08:59',NULL),(420,'(US-RTPW) PFM - EMC','','','Power Frequency Magnetic Field','',NULL,NULL,NULL,NULL,0,0,1,NULL,NULL,NULL,NULL,30,NULL,37,NULL,0,6010,97,1,NULL,NULL,0,NULL,'',0,0.00,0.00,NULL,NULL,'2019-08-14 13:06:28','2019-10-08 01:09:06',NULL),(421,'(US-RTPW) DI - EMC','','','Voltage Dips and Interrupts','',NULL,NULL,NULL,NULL,0,0,1,NULL,NULL,NULL,NULL,30,NULL,37,NULL,0,6011,98,1,NULL,NULL,0,NULL,'',0,0.00,0.00,NULL,NULL,'2019-08-14 13:06:28','2019-10-08 01:09:11',NULL),(422,'(US-RTPW) North SAC - MOR','Morrisville, NC','','Test equipment/location','',NULL,NULL,NULL,NULL,0,0,1,NULL,NULL,NULL,NULL,31,NULL,37,NULL,0,6251,101,1,NULL,NULL,0,NULL,'',0,0.00,0.00,NULL,NULL,'2019-08-18 08:47:38','2019-10-08 02:12:08',NULL),(423,'(US-RTPW) South SAC - MOR','Morrisville, NC','','Test equipment/location','',NULL,NULL,NULL,NULL,0,0,1,NULL,NULL,NULL,NULL,31,NULL,37,NULL,0,6252,101,1,NULL,NULL,0,NULL,'',0,0.00,0.00,NULL,NULL,'2019-08-18 08:47:38','2019-10-08 02:12:14',NULL),(424,'(US-RTPW) Conducted 1 RF - MOR','Morrisville, NC','','Test equipment/location','',NULL,NULL,NULL,NULL,0,0,1,NULL,NULL,NULL,NULL,31,NULL,37,NULL,0,6253,102,1,NULL,NULL,0,NULL,'',0,0.00,0.00,NULL,NULL,'2019-08-18 08:47:38','2019-10-08 02:12:20',NULL),(425,'(US-RTPW) Conducted 1 AC - MOR','Morrisville, NC','','Test equipment/location','',NULL,NULL,NULL,NULL,0,0,1,NULL,NULL,NULL,NULL,31,NULL,37,NULL,0,6254,103,1,NULL,NULL,0,NULL,'',0,0.00,0.00,NULL,NULL,'2019-08-18 08:47:38','2019-10-08 02:12:26',NULL),(426,'(US-RTPW) Conducted 2 - MOR','Morrisville, NC','','Test equipment/location','',NULL,NULL,NULL,NULL,0,0,1,NULL,NULL,NULL,NULL,31,NULL,37,NULL,0,6255,102,1,NULL,NULL,0,NULL,'',0,0.00,0.00,NULL,NULL,'2019-08-18 08:47:38','2019-10-08 02:12:33',NULL),(427,'(US-RTPW) DFS - MOR','Morrisville, NC','','Test equipment/location','',NULL,NULL,NULL,NULL,0,0,1,NULL,NULL,NULL,NULL,31,NULL,37,NULL,0,6256,104,1,NULL,NULL,0,NULL,'',0,0.00,0.00,NULL,NULL,'2019-08-18 08:47:38','2019-10-08 02:12:39',NULL),(428,'(US-RTPW) Receiver Performance - MOR','Morrisville, NC','','Test equipment/location','',NULL,NULL,NULL,NULL,0,0,1,NULL,NULL,NULL,NULL,31,NULL,37,NULL,0,6257,105,1,NULL,NULL,0,NULL,'',0,0.00,0.00,NULL,NULL,'2019-08-18 08:47:39','2019-10-08 02:12:45',NULL),(429,'(US-RTPW) SAR 1A - MOR','Morrisville, NC','','Test equipment/location','',NULL,NULL,NULL,NULL,0,0,1,NULL,NULL,NULL,NULL,31,NULL,37,NULL,0,6258,106,1,NULL,NULL,0,NULL,'',0,0.00,0.00,NULL,NULL,'2019-08-18 08:47:39','2019-10-08 02:12:53',NULL),(440,'(US-NBK) 10Meter','','','','',NULL,NULL,NULL,NULL,0,0,0,NULL,NULL,NULL,NULL,32,NULL,44,NULL,0,7001,109,1,NULL,NULL,0,NULL,'',0,0.00,0.00,NULL,NULL,'2019-10-03 08:02:43','2019-10-08 01:04:47',NULL),(441,'(US-NBK) 3M FAC','','','','',NULL,NULL,NULL,NULL,0,0,0,NULL,NULL,NULL,NULL,32,NULL,44,NULL,0,7002,110,1,NULL,NULL,0,NULL,'',0,0.00,0.00,NULL,NULL,'2019-10-03 08:02:43','2019-10-08 01:04:52',NULL),(442,'(US-NBK) AIM Cart','','','','',NULL,NULL,NULL,NULL,0,0,0,NULL,NULL,NULL,NULL,32,NULL,44,NULL,0,7003,111,1,NULL,NULL,0,NULL,'',0,0.00,0.00,NULL,NULL,'2019-10-03 08:02:43','2019-10-08 01:04:58',NULL),(443,'(US-NBK) Conducted Emissions','','','','',NULL,NULL,NULL,NULL,0,0,0,NULL,NULL,NULL,NULL,32,NULL,44,NULL,0,7004,112,1,NULL,NULL,0,NULL,'',0,0.00,0.00,NULL,NULL,'2019-10-03 08:02:43','2019-10-08 01:05:06',NULL),(444,'(US-NBK) Conducted Immunity','','','','',NULL,NULL,NULL,NULL,0,0,0,NULL,NULL,NULL,NULL,32,NULL,44,NULL,0,7005,113,1,NULL,NULL,0,NULL,'',0,0.00,0.00,NULL,NULL,'2019-10-03 08:02:43','2019-10-08 01:05:10',NULL),(445,'(US-NBK) Surge/EFT','','','','',NULL,NULL,NULL,NULL,0,0,0,NULL,NULL,NULL,NULL,32,NULL,44,NULL,0,7006,114,1,NULL,NULL,0,NULL,'',0,0.00,0.00,NULL,NULL,'2019-10-03 08:02:43','2019-10-08 01:05:15',NULL),(446,'(US-NBK) Dips/Surge/EFT','','','','',NULL,NULL,NULL,NULL,0,0,0,NULL,NULL,NULL,NULL,32,NULL,44,NULL,0,7007,115,1,NULL,NULL,0,NULL,'',0,0.00,0.00,NULL,NULL,'2019-10-03 08:02:43','2019-10-08 01:05:21',NULL),(447,'(US-NBK) ESD Table','','','','',NULL,NULL,NULL,NULL,0,0,0,NULL,NULL,NULL,NULL,32,NULL,44,NULL,0,7008,116,1,NULL,NULL,0,NULL,'',0,0.00,0.00,NULL,NULL,'2019-10-03 08:02:43','2019-10-08 01:05:24',NULL),(448,'(US-NBK) ESD Ground Plane','','','','',NULL,NULL,NULL,NULL,0,0,0,NULL,NULL,NULL,NULL,32,NULL,44,NULL,0,7009,117,1,NULL,NULL,0,NULL,'',0,0.00,0.00,NULL,NULL,'2019-10-03 08:02:43','2019-10-08 01:05:29',NULL),(449,'(US-NBK) Harmonics and Flicker','','','','',NULL,NULL,NULL,NULL,0,0,0,NULL,NULL,NULL,NULL,32,NULL,44,NULL,0,7010,118,1,NULL,NULL,0,NULL,'',0,0.00,0.00,NULL,NULL,'2019-10-03 08:02:43','2019-10-08 01:05:39',NULL),(450,'(US-NBK) Magnetic Immunity','','','','',NULL,NULL,NULL,NULL,0,0,0,NULL,NULL,NULL,NULL,32,NULL,44,NULL,0,7011,119,1,NULL,NULL,0,NULL,'',0,0.00,0.00,NULL,NULL,'2019-10-03 08:02:43','2019-10-08 01:05:48',NULL),(451,'(US-NBK) Clicks','','','','',NULL,NULL,NULL,NULL,0,0,0,NULL,NULL,NULL,NULL,32,NULL,44,NULL,0,7012,120,1,NULL,NULL,0,NULL,'',0,0.00,0.00,NULL,NULL,'2019-10-03 08:02:43','2019-10-08 01:05:53',NULL),(452,'(US-NBK) Ringwave / Surge','','','','',NULL,NULL,NULL,NULL,0,0,0,NULL,NULL,NULL,NULL,32,NULL,44,NULL,0,7013,121,1,NULL,NULL,0,NULL,'',0,0.00,0.00,NULL,NULL,'2019-10-03 08:02:43','2019-10-08 01:05:59',NULL),(453,'(US-NBK) Surge Magnetic Fields','','','','',NULL,NULL,NULL,NULL,0,0,0,NULL,NULL,NULL,NULL,32,NULL,44,NULL,0,7014,122,1,NULL,NULL,0,NULL,'',0,0.00,0.00,NULL,NULL,'2019-10-03 08:02:43','2019-10-08 01:06:04',NULL),(454,'(US-NBK) Ground Plane 8','','','','',NULL,NULL,NULL,NULL,0,0,0,NULL,NULL,NULL,NULL,32,NULL,44,NULL,0,7015,123,1,NULL,NULL,0,NULL,'',0,0.00,0.00,NULL,NULL,'2019-10-03 08:02:43','2019-10-08 01:06:29',NULL),(455,'(US-NBK) Wireless Bench','','','','',NULL,NULL,NULL,NULL,0,0,0,NULL,NULL,NULL,NULL,32,NULL,44,NULL,0,7016,124,1,NULL,NULL,0,NULL,'',0,0.00,0.00,NULL,NULL,'2019-10-03 08:02:44','2019-10-08 01:06:36',NULL),(456,'(US-NBK) DC Power Supply','','','','',NULL,NULL,NULL,NULL,0,0,0,NULL,NULL,NULL,NULL,32,NULL,44,NULL,0,7017,125,1,NULL,NULL,0,NULL,'',0,0.00,0.00,NULL,NULL,'2019-10-03 08:02:44','2019-10-08 01:06:40',NULL),(457,'(US-NBK) Mark Mynes',NULL,NULL,NULL,NULL,NULL,NULL,NULL,NULL,0,0,1,NULL,NULL,NULL,NULL,32,NULL,44,NULL,0,7501,126,1,NULL,NULL,0,NULL,'',0,0.00,0.00,NULL,NULL,'2019-10-03 08:31:07','2019-10-08 01:07:05',488),(458,'(US-NBK) Kamel Atai',NULL,NULL,NULL,NULL,NULL,NULL,NULL,NULL,0,0,1,NULL,NULL,NULL,NULL,32,NULL,44,NULL,0,7502,126,1,NULL,NULL,0,NULL,'',0,0.00,0.00,NULL,NULL,'2019-10-03 08:35:02','2019-10-08 01:07:10',491),(459,'(US-NBK) Garrett Brucato',NULL,NULL,NULL,NULL,NULL,NULL,NULL,NULL,0,0,1,NULL,NULL,NULL,NULL,32,NULL,44,NULL,0,7503,126,1,NULL,NULL,0,NULL,'',0,0.00,0.00,NULL,NULL,'2019-10-03 08:39:07','2019-10-08 01:07:14',492),(460,'(US-NBK) Mike Fick',NULL,NULL,NULL,NULL,NULL,NULL,NULL,NULL,0,0,1,NULL,NULL,NULL,NULL,32,NULL,44,NULL,0,7504,126,1,NULL,NULL,0,NULL,'',0,0.00,0.00,NULL,NULL,'2019-10-03 08:42:43','2019-10-08 01:07:20',493),(461,'(US-NBK) Mark Kosinski',NULL,NULL,NULL,NULL,NULL,NULL,NULL,NULL,0,0,1,NULL,NULL,NULL,NULL,32,NULL,44,NULL,0,7506,126,1,NULL,NULL,0,NULL,'',0,0.00,0.00,NULL,NULL,'2019-10-03 08:45:41','2019-10-22 09:29:34',495),(462,'(US-NBK) Angel Adan',NULL,NULL,NULL,NULL,NULL,NULL,NULL,NULL,0,0,1,NULL,NULL,NULL,NULL,32,NULL,44,NULL,0,7505,126,1,NULL,NULL,0,NULL,'',0,0.00,0.00,NULL,NULL,'2019-10-03 08:47:23','2019-10-22 09:45:30',489),(463,'(US-RTPW) John Manser - MOR','Morrisville, NC',NULL,'Lab Staff',NULL,NULL,NULL,NULL,NULL,0,0,1,NULL,NULL,NULL,NULL,31,NULL,37,NULL,0,6751,99,1,NULL,NULL,0,NULL,'',0,0.00,0.00,NULL,NULL,'2019-10-03 09:25:19','2019-10-08 02:14:29',366),(464,'(US-RTPW) Mark Nolting - MOR','Morrisville, NC',NULL,'Lab Staff',NULL,NULL,NULL,NULL,NULL,0,0,1,NULL,NULL,NULL,NULL,31,NULL,37,NULL,0,6752,99,1,NULL,NULL,0,NULL,'',0,0.00,0.00,NULL,NULL,'2019-10-03 09:28:20','2019-10-08 02:14:36',358),(465,'(US-RTPW) Jeff Cabrera - MOR','Morrisville, NC',NULL,'Lab Staff',NULL,NULL,NULL,NULL,NULL,0,0,1,NULL,NULL,NULL,NULL,31,NULL,37,NULL,0,6753,99,1,NULL,NULL,0,NULL,'',0,0.00,0.00,NULL,NULL,'2019-10-03 09:30:00','2019-10-08 02:14:42',365),(466,'(US-RTPW) Eric McCalister - MOR','Morrisville, NC',NULL,'Lab Staff',NULL,NULL,NULL,NULL,NULL,0,0,1,NULL,NULL,NULL,NULL,31,NULL,37,NULL,0,6754,99,1,NULL,NULL,0,NULL,'',0,0.00,0.00,NULL,NULL,'2019-10-03 09:31:38','2019-10-08 02:14:48',367),(467,'(US-RTPW) Graham Allen - MOR','Morrisville, NC',NULL,'Lab Staff',NULL,NULL,NULL,NULL,NULL,0,0,1,NULL,NULL,NULL,NULL,31,NULL,37,NULL,0,6755,99,1,NULL,NULL,0,NULL,'',0,0.00,0.00,NULL,NULL,'2019-10-03 09:32:46','2019-10-08 02:14:55',364),(468,'(US-RTPW) Malik Williams - MOR','Morrisville, NC',NULL,'Lab Staff',NULL,NULL,NULL,NULL,NULL,0,0,1,NULL,NULL,NULL,NULL,31,NULL,37,NULL,0,6756,99,1,NULL,NULL,0,NULL,'',0,0.00,0.00,NULL,NULL,'2019-10-03 09:33:46','2019-10-08 02:15:02',368),(469,'(US-RTPW) Christian Melara - MOR','Morrisville, NC',NULL,'Lab Staff',NULL,NULL,NULL,NULL,NULL,0,0,1,NULL,NULL,NULL,NULL,31,NULL,37,NULL,0,6757,100,1,NULL,NULL,0,NULL,'',0,0.00,0.00,NULL,NULL,'2019-10-03 09:36:21','2019-10-08 02:15:13',357),(470,'(JP-ATC) Masanori Nishiyama',NULL,NULL,NULL,NULL,NULL,NULL,NULL,NULL,0,0,1,NULL,NULL,NULL,NULL,17,NULL,20,NULL,0,501,127,1,NULL,NULL,0,NULL,'',0,0.00,0.00,NULL,NULL,'2019-10-04 04:37:28','2019-10-07 08:44:23',19),(471,'(JP-ATC) Takashi Nakazawa',NULL,NULL,NULL,NULL,NULL,NULL,NULL,NULL,0,0,1,NULL,NULL,NULL,NULL,17,NULL,20,NULL,0,502,127,1,NULL,NULL,0,NULL,'',0,0.00,0.00,NULL,NULL,'2019-10-04 04:39:39','2019-10-07 08:44:30',20),(472,'(JP-ATC) Kazuya Yoshioka',NULL,NULL,NULL,NULL,NULL,NULL,NULL,NULL,0,0,1,NULL,NULL,NULL,NULL,17,NULL,20,NULL,0,503,127,1,NULL,NULL,0,NULL,'',0,0.00,0.00,NULL,NULL,'2019-10-04 04:41:08','2019-10-07 08:44:42',21),(473,'(JP-ATC) Kazumi Tsujiya',NULL,NULL,NULL,NULL,NULL,NULL,NULL,NULL,0,0,1,NULL,NULL,NULL,NULL,17,NULL,20,NULL,0,504,127,1,NULL,NULL,0,NULL,'',0,0.00,0.00,NULL,NULL,'2019-10-04 04:43:19','2019-10-07 08:44:48',22),(474,'(JP-ATC) Tomoyuki Kawamura',NULL,NULL,NULL,NULL,NULL,NULL,NULL,NULL,0,0,1,NULL,NULL,NULL,NULL,17,NULL,20,NULL,0,505,127,1,NULL,NULL,0,NULL,'',0,0.00,0.00,NULL,NULL,'2019-10-04 04:46:36','2019-10-07 08:44:54',23),(475,'(JP-ATC) Yuichiro Imai',NULL,NULL,NULL,NULL,NULL,NULL,NULL,NULL,0,0,1,NULL,NULL,NULL,NULL,17,NULL,20,NULL,0,506,127,1,NULL,NULL,0,NULL,'',0,0.00,0.00,NULL,NULL,'2019-10-04 04:48:13','2019-10-07 08:45:02',24),(476,'(JP-ATC) Koji Kawakita',NULL,NULL,NULL,NULL,NULL,NULL,NULL,NULL,0,0,1,NULL,NULL,NULL,NULL,17,NULL,20,NULL,0,507,127,1,NULL,NULL,0,NULL,'',0,0.00,0.00,NULL,NULL,'2019-10-04 04:56:32','2019-10-07 08:45:09',25),(477,'(JP-ATC) Erina Satoh',NULL,NULL,NULL,NULL,NULL,NULL,NULL,NULL,0,0,1,NULL,NULL,NULL,NULL,17,NULL,20,NULL,0,508,127,1,NULL,NULL,0,NULL,'',0,0.00,0.00,NULL,NULL,'2019-10-04 04:58:03','2019-10-07 08:45:14',26),(478,'(JP-ATC) Emi Okada',NULL,NULL,NULL,NULL,NULL,NULL,NULL,NULL,0,0,1,NULL,NULL,NULL,NULL,17,NULL,20,NULL,0,509,127,1,NULL,NULL,0,NULL,'',0,0.00,0.00,NULL,NULL,'2019-10-04 04:59:16','2019-10-07 08:45:19',27),(479,'(JP-ATC) Norihiro Sasaki',NULL,NULL,NULL,NULL,NULL,NULL,NULL,NULL,0,0,1,NULL,NULL,NULL,NULL,17,NULL,20,NULL,0,510,127,1,NULL,NULL,0,NULL,'',0,0.00,0.00,NULL,NULL,'2019-10-04 05:01:29','2019-10-07 08:45:29',28),(480,'(JP-ATC) Tomoyuki Nakayama',NULL,NULL,NULL,NULL,NULL,NULL,NULL,NULL,0,0,1,NULL,NULL,NULL,NULL,17,NULL,20,NULL,0,511,127,1,NULL,NULL,0,NULL,'',0,0.00,0.00,NULL,NULL,'2019-10-04 05:03:07','2019-10-07 08:45:37',29),(481,'(JP-ATC) Kazuya Yokota',NULL,NULL,NULL,NULL,NULL,NULL,NULL,NULL,0,0,1,NULL,NULL,NULL,NULL,17,NULL,20,NULL,0,512,127,1,NULL,NULL,0,NULL,'',0,0.00,0.00,NULL,NULL,'2019-10-04 05:05:03','2019-10-07 08:45:40',30),(482,'(JP-ATC) Megumi Fujita',NULL,NULL,NULL,NULL,NULL,NULL,NULL,NULL,0,0,1,NULL,NULL,NULL,NULL,17,NULL,20,NULL,0,513,127,1,NULL,NULL,0,NULL,'',0,0.00,0.00,NULL,NULL,'2019-10-04 05:06:59','2019-10-07 08:45:47',31),(483,'(JP-ATC) Hiroki Kurata',NULL,NULL,NULL,NULL,NULL,NULL,NULL,NULL,0,0,1,NULL,NULL,NULL,NULL,17,NULL,20,NULL,0,514,127,1,NULL,NULL,0,NULL,'',0,0.00,0.00,NULL,NULL,'2019-10-04 05:09:32','2019-10-07 08:45:52',32),(484,'(JP-ATC) Tsubasa Hiramoto',NULL,NULL,NULL,NULL,NULL,NULL,NULL,NULL,0,0,1,NULL,NULL,NULL,NULL,17,NULL,20,NULL,0,515,127,1,NULL,NULL,0,NULL,'',0,0.00,0.00,NULL,NULL,'2019-10-04 05:13:04','2019-10-07 08:46:00',33),(485,'(JP-ATC) Emi Fukumura',NULL,NULL,NULL,NULL,NULL,NULL,NULL,NULL,0,0,1,NULL,NULL,NULL,NULL,17,NULL,20,NULL,0,516,127,1,NULL,NULL,0,NULL,'',0,0.00,0.00,NULL,NULL,'2019-10-04 05:14:35','2019-10-07 08:46:06',34),(486,'(JP-ATC) Shinsuke Ono',NULL,NULL,NULL,NULL,NULL,NULL,NULL,NULL,0,0,1,NULL,NULL,NULL,NULL,17,NULL,20,NULL,0,517,127,1,NULL,NULL,0,NULL,'',0,0.00,0.00,NULL,NULL,'2019-10-04 05:16:31','2019-10-07 08:46:11',35),(487,'(JP-ATC) Daichi Shimamori',NULL,NULL,NULL,NULL,NULL,NULL,NULL,NULL,0,0,1,NULL,NULL,NULL,NULL,17,NULL,20,NULL,0,518,127,1,NULL,NULL,0,NULL,'',0,0.00,0.00,NULL,NULL,'2019-10-04 05:17:43','2019-10-07 08:46:23',36),(488,'(JP-ATC) Kento Ando',NULL,NULL,NULL,NULL,NULL,NULL,NULL,NULL,0,0,1,NULL,NULL,NULL,NULL,17,NULL,20,NULL,0,519,127,1,NULL,NULL,0,NULL,'',0,0.00,0.00,NULL,NULL,'2019-10-04 05:19:09','2019-10-07 08:46:30',37),(489,'(JP-ATC) Daisuke Imai',NULL,NULL,NULL,NULL,NULL,NULL,NULL,NULL,0,0,1,NULL,NULL,NULL,NULL,17,NULL,20,NULL,0,520,127,1,NULL,NULL,0,NULL,'',0,0.00,0.00,NULL,NULL,'2019-10-04 05:20:48','2019-10-07 08:46:35',38),(490,'(JP-ATC) Takahiro Ohno',NULL,NULL,NULL,NULL,NULL,NULL,NULL,NULL,0,0,1,NULL,NULL,NULL,NULL,17,NULL,20,NULL,0,521,127,1,NULL,NULL,0,NULL,'',0,0.00,0.00,NULL,NULL,'2019-10-04 05:22:06','2019-10-07 08:46:41',39),(491,'(JP-ATC) Kohei Miyazaki',NULL,NULL,NULL,NULL,NULL,NULL,NULL,NULL,0,0,1,NULL,NULL,NULL,NULL,17,NULL,20,NULL,0,522,127,1,NULL,NULL,0,NULL,'',0,0.00,0.00,NULL,NULL,'2019-10-04 05:23:58','2019-10-07 08:46:47',40),(492,'(JP-ATC) Mayu Nishikawa',NULL,NULL,NULL,NULL,NULL,NULL,NULL,NULL,0,0,1,NULL,NULL,NULL,NULL,17,NULL,20,NULL,0,523,127,1,NULL,NULL,0,NULL,'',0,0.00,0.00,NULL,NULL,'2019-10-04 05:25:22','2019-10-07 08:46:53',41),(493,'(JP-ATC) Kazuma Tanimoto',NULL,NULL,NULL,NULL,NULL,NULL,NULL,NULL,0,0,1,NULL,NULL,NULL,NULL,17,NULL,20,NULL,0,524,127,1,NULL,NULL,0,NULL,'',0,0.00,0.00,NULL,NULL,'2019-10-04 05:28:21','2019-10-07 08:47:07',42),(494,'(JP-ATC) Fumito Takahashi',NULL,NULL,NULL,NULL,NULL,NULL,NULL,NULL,0,0,1,NULL,NULL,NULL,NULL,17,NULL,20,NULL,0,525,127,1,NULL,NULL,0,NULL,'',0,0.00,0.00,NULL,NULL,'2019-10-04 05:32:36','2019-10-07 08:47:11',43),(495,'(JP-ATC) Ryoga Imamura',NULL,NULL,NULL,NULL,NULL,NULL,NULL,NULL,0,0,1,NULL,NULL,NULL,NULL,17,NULL,20,NULL,0,526,127,1,NULL,NULL,0,NULL,'',0,0.00,0.00,NULL,NULL,'2019-10-04 05:33:51','2019-10-07 08:47:17',44),(496,'(JP-KAS) Kenichi Suda',NULL,NULL,NULL,NULL,NULL,NULL,NULL,NULL,0,0,1,NULL,NULL,NULL,NULL,18,NULL,23,NULL,0,2501,129,1,NULL,NULL,0,NULL,'',0,0.00,0.00,NULL,NULL,'2019-10-04 05:40:20','2019-10-07 09:28:12',45),(497,'(JP-KAS) Katsuyuki Tanakajima',NULL,NULL,NULL,NULL,NULL,NULL,NULL,NULL,0,0,1,NULL,NULL,NULL,NULL,18,NULL,23,NULL,0,2502,129,1,NULL,NULL,0,NULL,'',0,0.00,0.00,NULL,NULL,'2019-10-04 06:06:59','2019-10-07 09:28:18',46),(498,'(JP-KAS) Yuki Murata',NULL,NULL,NULL,NULL,NULL,NULL,NULL,NULL,0,0,1,NULL,NULL,NULL,NULL,18,NULL,23,NULL,0,2505,129,1,NULL,NULL,0,NULL,'',0,0.00,0.00,NULL,NULL,'2019-10-04 06:12:24','2019-10-07 09:28:45',49),(499,'(JP-ISE) Justin Boffemmyer',NULL,NULL,NULL,NULL,NULL,NULL,NULL,NULL,0,0,1,NULL,NULL,NULL,NULL,29,NULL,41,NULL,0,1501,128,1,NULL,NULL,0,NULL,'',0,0.00,0.00,NULL,NULL,'2019-10-04 06:15:33','2019-10-07 09:02:27',437),(501,'(JP-KAS) Shinnosuke Arai',NULL,NULL,NULL,NULL,NULL,NULL,NULL,NULL,0,0,1,NULL,NULL,NULL,NULL,18,NULL,23,NULL,0,2507,129,1,NULL,NULL,0,NULL,'',0,0.00,0.00,NULL,NULL,'2019-10-04 06:17:02','2019-10-07 09:29:03',51),(502,'(JP-ISE) Ken Fujita',NULL,NULL,NULL,NULL,NULL,NULL,NULL,NULL,0,0,1,NULL,NULL,NULL,NULL,29,NULL,41,NULL,0,1502,128,1,NULL,NULL,0,NULL,'',0,0.00,0.00,NULL,NULL,'2019-10-04 06:17:16','2019-10-07 09:02:39',438),(503,'(JP-KAS) Hiroyuki Miyata',NULL,NULL,NULL,NULL,NULL,NULL,NULL,NULL,0,0,1,NULL,NULL,NULL,NULL,18,NULL,23,NULL,0,2508,129,1,NULL,NULL,0,NULL,'',0,0.00,0.00,NULL,NULL,'2019-10-04 06:17:36','2019-10-07 09:29:10',52),(504,'(JP-KAS) Katsutoshi Kaneko',NULL,NULL,NULL,NULL,NULL,NULL,NULL,NULL,0,0,1,NULL,NULL,NULL,NULL,18,NULL,23,NULL,0,2509,129,1,NULL,NULL,0,NULL,'',0,0.00,0.00,NULL,NULL,'2019-10-04 06:18:03','2019-10-07 09:29:17',53),(505,'(JP-KAS) Tomomi Takebuta',NULL,NULL,NULL,NULL,NULL,NULL,NULL,NULL,0,0,1,NULL,NULL,NULL,NULL,18,NULL,23,NULL,0,2510,129,1,NULL,NULL,0,NULL,'',0,0.00,0.00,NULL,NULL,'2019-10-04 06:18:37','2019-10-07 09:29:24',54),(506,'(JP-KAS) Tomoyuki Yamashita',NULL,NULL,NULL,NULL,NULL,NULL,NULL,NULL,0,0,1,NULL,NULL,NULL,NULL,18,NULL,23,NULL,0,2511,129,1,NULL,NULL,0,NULL,'',0,0.00,0.00,NULL,NULL,'2019-10-04 06:19:20','2019-10-07 09:29:33',47),(507,'(JP-KAS) Takahiro Yamazaki',NULL,NULL,NULL,NULL,NULL,NULL,NULL,NULL,0,0,1,NULL,NULL,NULL,NULL,18,NULL,23,NULL,0,2512,129,1,NULL,NULL,0,NULL,'',0,0.00,0.00,NULL,NULL,'2019-10-04 06:20:10','2019-10-07 09:29:41',480),(508,'(JP-KAS) Makoto Ebato',NULL,NULL,NULL,NULL,NULL,NULL,NULL,NULL,0,0,1,NULL,NULL,NULL,NULL,18,NULL,23,NULL,0,2513,129,1,NULL,NULL,0,NULL,'',0,0.00,0.00,NULL,NULL,'2019-10-04 06:21:06','2019-10-07 09:29:46',55),(509,'(JP-KAS) Kazuhiro Ando',NULL,NULL,NULL,NULL,NULL,NULL,NULL,NULL,0,0,1,NULL,NULL,NULL,NULL,18,NULL,23,NULL,0,2514,129,1,NULL,NULL,0,NULL,'',0,0.00,0.00,NULL,NULL,'2019-10-04 06:22:11','2019-10-07 09:29:55',56),(510,'(JP-KAS) Kazuaki Suzuki',NULL,NULL,NULL,NULL,NULL,NULL,NULL,NULL,0,0,1,NULL,NULL,NULL,NULL,18,NULL,23,NULL,0,2515,129,1,NULL,NULL,0,NULL,'',0,0.00,0.00,NULL,NULL,'2019-10-04 06:22:33','2019-10-07 09:30:03',57),(511,'(JP-ISE) Rie Fujiwara',NULL,NULL,NULL,NULL,NULL,NULL,NULL,NULL,0,0,1,NULL,NULL,NULL,NULL,29,NULL,41,NULL,0,1503,128,1,NULL,NULL,0,NULL,'',0,0.00,0.00,NULL,NULL,'2019-10-04 06:23:20','2019-10-07 09:02:47',439),(512,'(JP-KAS) Hiromitsu Tanabe',NULL,NULL,NULL,NULL,NULL,NULL,NULL,NULL,0,0,1,NULL,NULL,NULL,NULL,18,NULL,23,NULL,0,2517,129,1,NULL,NULL,0,NULL,'',0,0.00,0.00,NULL,NULL,'2019-10-04 06:24:10','2019-10-07 09:30:44',58),(513,'(JP-KAS) Tomoyuki Watanabe',NULL,NULL,NULL,NULL,NULL,NULL,NULL,NULL,0,0,1,NULL,NULL,NULL,NULL,18,NULL,23,NULL,0,2518,129,1,NULL,NULL,0,NULL,'',0,0.00,0.00,NULL,NULL,'2019-10-04 06:24:36','2019-10-07 09:30:49',59),(514,'(JP-KAS) Kento Enomoto',NULL,NULL,NULL,NULL,NULL,NULL,NULL,NULL,0,0,1,NULL,NULL,NULL,NULL,18,NULL,23,NULL,0,2519,129,1,NULL,NULL,0,NULL,'',0,0.00,0.00,NULL,NULL,'2019-10-04 06:25:01','2019-10-07 09:30:57',60),(515,'(JP-ISE) Yasuyuki Fukui',NULL,NULL,NULL,NULL,NULL,NULL,NULL,NULL,0,0,1,NULL,NULL,NULL,NULL,29,NULL,41,NULL,0,1504,128,1,NULL,NULL,0,NULL,'',0,0.00,0.00,NULL,NULL,'2019-10-04 06:25:24','2019-10-07 09:03:02',440),(516,'(JP-KAS) Nobuyuki Sakamoto',NULL,NULL,NULL,NULL,NULL,NULL,NULL,NULL,0,0,1,NULL,NULL,NULL,NULL,18,NULL,23,NULL,0,2520,129,1,NULL,NULL,0,NULL,'',0,0.00,0.00,NULL,NULL,'2019-10-04 06:25:35','2019-10-07 09:31:05',61),(517,'(JP-KAS) Hiroyuki Tsubaki',NULL,NULL,NULL,NULL,NULL,NULL,NULL,NULL,0,0,1,NULL,NULL,NULL,NULL,18,NULL,23,NULL,0,2521,129,1,NULL,NULL,0,NULL,'',0,0.00,0.00,NULL,NULL,'2019-10-04 06:26:26','2019-10-07 09:31:15',62),(518,'(JP-KAS) Yutaka Ohmizu',NULL,NULL,NULL,NULL,NULL,NULL,NULL,NULL,0,0,1,NULL,NULL,NULL,NULL,18,NULL,23,NULL,0,2522,129,1,NULL,NULL,0,NULL,'',0,0.00,0.00,NULL,NULL,'2019-10-04 06:27:19','2019-10-07 09:31:24',48),(519,'(JP-KAS) Makoto Kawana',NULL,NULL,NULL,NULL,NULL,NULL,NULL,NULL,0,0,1,NULL,NULL,NULL,NULL,18,NULL,23,NULL,0,2524,129,1,NULL,NULL,0,NULL,'',0,0.00,0.00,NULL,NULL,'2019-10-04 06:28:47','2019-10-07 09:31:52',63),(520,'(JP-KAS) Yoshinori Misawa',NULL,NULL,NULL,NULL,NULL,NULL,NULL,NULL,0,0,1,NULL,NULL,NULL,NULL,18,NULL,23,NULL,0,2526,129,1,NULL,NULL,0,NULL,'',0,0.00,0.00,NULL,NULL,'2019-10-04 06:29:53','2019-10-07 09:32:12',64),(521,'(JP-KAS) Shinji Ohno',NULL,NULL,NULL,NULL,NULL,NULL,NULL,NULL,0,0,1,NULL,NULL,NULL,NULL,18,NULL,23,NULL,0,2527,129,1,NULL,NULL,0,NULL,'',0,0.00,0.00,NULL,NULL,'2019-10-04 06:30:17','2019-10-07 09:32:20',65),(522,'(JP-KAS) Atsushi X.Takahashi',NULL,NULL,NULL,NULL,NULL,NULL,NULL,NULL,0,0,1,NULL,NULL,NULL,NULL,18,NULL,23,NULL,0,2528,129,1,NULL,NULL,0,NULL,'',0,0.00,0.00,NULL,NULL,'2019-10-04 06:30:46','2019-10-07 09:32:26',66),(523,'(JP-KAS) Mitsuhiro Jitsukawa',NULL,NULL,NULL,NULL,NULL,NULL,NULL,NULL,0,0,1,NULL,NULL,NULL,NULL,18,NULL,23,NULL,0,2529,129,1,NULL,NULL,0,NULL,'',0,0.00,0.00,NULL,NULL,'2019-10-04 06:31:03','2019-10-07 09:32:35',67),(524,'(JP-KAS) Yuhi Mori',NULL,NULL,NULL,NULL,NULL,NULL,NULL,NULL,0,0,1,NULL,NULL,NULL,NULL,18,NULL,23,NULL,0,2530,129,1,NULL,NULL,0,NULL,'',0,0.00,0.00,NULL,NULL,'2019-10-04 06:31:57','2019-10-07 09:32:43',68),(525,'(JP-KAS) Hideaki Tanaka',NULL,NULL,NULL,NULL,NULL,NULL,NULL,NULL,0,0,1,NULL,NULL,NULL,NULL,18,NULL,23,NULL,0,2531,129,1,NULL,NULL,0,NULL,'',0,0.00,0.00,NULL,NULL,'2019-10-04 06:32:19','2019-10-07 09:32:51',69),(526,'(JP-KAS) Ryotaro Nagai',NULL,NULL,NULL,NULL,NULL,NULL,NULL,NULL,0,0,1,NULL,NULL,NULL,NULL,18,NULL,23,NULL,0,2532,129,1,NULL,NULL,0,NULL,'',0,0.00,0.00,NULL,NULL,'2019-10-04 06:33:31','2019-10-07 09:32:59',70),(527,'(JP-KAS) Yutaka Menzawa',NULL,NULL,NULL,NULL,NULL,NULL,NULL,NULL,0,0,1,NULL,NULL,NULL,NULL,18,NULL,23,NULL,0,2533,129,1,NULL,NULL,0,NULL,'',0,0.00,0.00,NULL,NULL,'2019-10-04 06:34:12','2019-10-07 09:33:08',71),(528,'(JP-KAS) Ryuya Akiyama',NULL,NULL,NULL,NULL,NULL,NULL,NULL,NULL,0,0,1,NULL,NULL,NULL,NULL,18,NULL,23,NULL,0,2534,129,1,NULL,NULL,0,NULL,'',0,0.00,0.00,NULL,NULL,'2019-10-04 06:34:34','2019-10-07 09:33:19',72),(529,'(JP-KAS) Takuya Chiba',NULL,NULL,NULL,NULL,NULL,NULL,NULL,NULL,0,0,1,NULL,NULL,NULL,NULL,18,NULL,23,NULL,0,2535,129,1,NULL,NULL,0,NULL,'',0,0.00,0.00,NULL,NULL,'2019-10-04 06:35:07','2019-10-07 09:33:26',73),(530,'(JP-KAS) Yuki Kaiharazuka',NULL,NULL,NULL,NULL,NULL,NULL,NULL,NULL,0,0,1,NULL,NULL,NULL,NULL,18,NULL,23,NULL,0,2536,129,1,NULL,NULL,0,NULL,'',0,0.00,0.00,NULL,NULL,'2019-10-04 06:35:32','2019-10-07 09:33:33',74),(531,'(JP-KAS) Atsushi Katayama',NULL,NULL,NULL,NULL,NULL,NULL,NULL,NULL,0,0,1,NULL,NULL,NULL,NULL,18,NULL,23,NULL,0,2537,129,1,NULL,NULL,0,NULL,'',0,0.00,0.00,NULL,NULL,'2019-10-04 06:35:56','2019-10-07 09:33:41',75),(532,'(JP-KAS) Yuto Ohneta',NULL,NULL,NULL,NULL,NULL,NULL,NULL,NULL,0,0,1,NULL,NULL,NULL,NULL,18,NULL,23,NULL,0,2538,129,1,NULL,NULL,0,NULL,'',0,0.00,0.00,NULL,NULL,'2019-10-04 06:36:13','2019-10-07 09:33:49',76),(533,'(JP-KAS) Yusei Yoshida',NULL,NULL,NULL,NULL,NULL,NULL,NULL,NULL,0,0,1,NULL,NULL,NULL,NULL,18,NULL,23,NULL,0,2539,129,1,NULL,NULL,0,NULL,'',0,0.00,0.00,NULL,NULL,'2019-10-04 06:36:31','2019-10-07 09:33:58',77),(534,'(JP-KAS) Yohei Matsuura',NULL,NULL,NULL,NULL,NULL,NULL,NULL,NULL,0,0,1,NULL,NULL,NULL,NULL,18,NULL,23,NULL,0,2540,129,1,NULL,NULL,0,NULL,'',0,0.00,0.00,NULL,NULL,'2019-10-04 06:37:09','2019-10-07 09:34:08',78),(535,'(JP-KAS) Mikiko Nayuki',NULL,NULL,NULL,NULL,NULL,NULL,NULL,NULL,0,0,1,NULL,NULL,NULL,NULL,18,NULL,23,NULL,0,2541,NULL,1,NULL,NULL,0,NULL,'',0,0.00,0.00,NULL,NULL,'2019-10-04 06:37:33','2019-10-07 09:34:15',79),(536,'(JP-KAS) Kazumi Kyuzen',NULL,NULL,NULL,NULL,NULL,NULL,NULL,NULL,0,0,1,NULL,NULL,NULL,NULL,18,NULL,23,NULL,0,2542,129,1,NULL,NULL,0,NULL,'',0,0.00,0.00,NULL,NULL,'2019-10-04 06:37:54','2019-10-07 09:34:21',80),(537,'(JP-KAS) Chiyomi Moki',NULL,NULL,NULL,NULL,NULL,NULL,NULL,NULL,0,0,1,NULL,NULL,NULL,NULL,18,NULL,23,NULL,0,2543,129,1,NULL,NULL,0,NULL,'',0,0.00,0.00,NULL,NULL,'2019-10-04 06:38:11','2019-10-07 09:34:26',81),(538,'(JP-KAS) Yuki Kono',NULL,NULL,NULL,NULL,NULL,NULL,NULL,NULL,0,0,1,NULL,NULL,NULL,NULL,18,NULL,23,NULL,0,2544,129,1,NULL,NULL,0,NULL,'',0,0.00,0.00,NULL,NULL,'2019-10-04 06:38:33','2019-10-07 09:34:39',82),(539,'(JP-KAS) Sanae Fujii',NULL,NULL,NULL,NULL,NULL,NULL,NULL,NULL,0,0,1,NULL,NULL,NULL,NULL,18,NULL,23,NULL,0,2545,129,1,NULL,NULL,0,NULL,'',0,0.00,0.00,NULL,NULL,'2019-10-04 06:38:57','2019-10-07 09:34:47',83),(540,'(JP-KAS) Yuko Uzawa',NULL,NULL,NULL,NULL,NULL,NULL,NULL,NULL,0,0,1,NULL,NULL,NULL,NULL,18,NULL,23,NULL,0,2546,129,1,NULL,NULL,0,NULL,'',0,0.00,0.00,NULL,NULL,'2019-10-04 06:39:20','2019-10-07 09:34:58',84),(541,'(JP-ISE) Hiroyuki Furutaka',NULL,NULL,NULL,NULL,NULL,NULL,NULL,NULL,0,0,1,NULL,NULL,NULL,NULL,29,NULL,41,NULL,0,1505,128,1,NULL,NULL,0,NULL,'',0,0.00,0.00,NULL,NULL,'2019-10-04 06:43:30','2019-10-07 09:03:17',441),(542,'(JP-ISE) Norihisa Hashimoto',NULL,NULL,NULL,NULL,NULL,NULL,NULL,NULL,0,0,1,NULL,NULL,NULL,NULL,29,NULL,41,NULL,0,1506,128,1,NULL,NULL,0,NULL,'',0,0.00,0.00,NULL,NULL,'2019-10-04 06:47:24','2019-10-07 09:03:29',442),(543,'(US-RTPW) John Cooley - EMC',NULL,NULL,NULL,NULL,NULL,NULL,NULL,NULL,0,0,1,NULL,NULL,NULL,NULL,30,NULL,37,NULL,0,6501,132,1,NULL,NULL,0,NULL,'',0,0.00,0.00,NULL,NULL,'2019-10-04 07:10:02','2019-10-08 01:09:25',375),(544,'(US-RTPW) Phil Foote - EMC',NULL,NULL,NULL,NULL,NULL,NULL,NULL,NULL,0,0,1,NULL,NULL,NULL,NULL,30,NULL,37,NULL,0,6502,132,1,NULL,NULL,0,NULL,'',0,0.00,0.00,NULL,NULL,'2019-10-04 07:14:10','2019-10-08 01:09:34',374),(545,'(US-RTPW) Richard Ramey - EMC',NULL,NULL,NULL,NULL,NULL,NULL,NULL,NULL,0,0,1,NULL,NULL,NULL,NULL,30,NULL,37,NULL,0,6503,132,1,NULL,NULL,0,NULL,'',0,0.00,0.00,NULL,NULL,'2019-10-04 07:15:42','2019-10-08 01:09:40',377),(546,'(US-RTPW) Frank Lewis - EMC',NULL,NULL,NULL,NULL,NULL,NULL,NULL,NULL,0,0,1,NULL,NULL,NULL,NULL,30,NULL,37,NULL,0,6504,132,1,NULL,NULL,0,NULL,'',0,0.00,0.00,NULL,NULL,'2019-10-04 07:17:23','2019-10-08 01:09:48',383),(547,'(US-RTPW) Luis Antigua - EMC',NULL,NULL,NULL,NULL,NULL,NULL,NULL,NULL,0,0,1,NULL,NULL,NULL,NULL,30,NULL,37,NULL,0,6505,132,1,NULL,NULL,0,NULL,'',0,0.00,0.00,NULL,NULL,'2019-10-04 07:18:42','2019-10-08 01:09:56',384),(548,'(US-RTPW) John Bainlardi - EMC',NULL,NULL,NULL,NULL,NULL,NULL,NULL,NULL,0,0,1,NULL,NULL,NULL,NULL,30,NULL,37,NULL,0,6506,132,1,NULL,NULL,0,NULL,'',0,0.00,0.00,NULL,NULL,'2019-10-04 07:20:40','2019-10-08 01:10:04',382),(549,'(US-RTPW) Laddy Pokorny - EMC',NULL,NULL,NULL,NULL,NULL,NULL,NULL,NULL,0,0,1,NULL,NULL,NULL,NULL,30,NULL,37,NULL,0,6507,132,1,NULL,NULL,0,NULL,'',0,0.00,0.00,NULL,NULL,'2019-10-04 07:22:44','2019-10-08 01:10:12',376),(550,'(JP-KAS) Shinichi Deoka',NULL,NULL,NULL,NULL,NULL,NULL,NULL,NULL,0,0,1,NULL,NULL,NULL,NULL,18,NULL,23,NULL,0,2503,129,1,NULL,NULL,0,NULL,'',0,0.00,0.00,NULL,NULL,'2019-10-04 07:23:13','2019-10-07 09:28:26',501),(551,'(JP-KAS) Manabu Sekino',NULL,NULL,NULL,NULL,NULL,NULL,NULL,NULL,0,0,1,NULL,NULL,NULL,NULL,18,NULL,23,NULL,0,2504,129,1,NULL,NULL,0,NULL,'',0,0.00,0.00,NULL,NULL,'2019-10-04 07:24:48','2019-10-07 09:28:35',502),(552,'(US-RTPW) David Cox - EMC',NULL,NULL,NULL,NULL,NULL,NULL,NULL,NULL,0,0,1,NULL,NULL,NULL,NULL,30,NULL,37,NULL,0,6508,132,1,NULL,NULL,0,NULL,'',0,0.00,0.00,NULL,NULL,'2019-10-04 07:25:04','2019-10-08 01:10:38',385),(553,'(JP-KAS) Tadashi Kuroda',NULL,NULL,NULL,NULL,NULL,NULL,NULL,NULL,0,0,1,NULL,NULL,NULL,NULL,18,NULL,23,NULL,0,2516,129,1,NULL,NULL,0,NULL,'',0,0.00,0.00,NULL,NULL,'2019-10-04 07:25:55','2019-10-07 09:30:39',503),(554,'(US-RTPW) Jackson Daniel - EMC',NULL,NULL,NULL,NULL,NULL,NULL,NULL,NULL,0,0,1,NULL,NULL,NULL,NULL,30,NULL,37,NULL,0,6509,132,1,NULL,NULL,0,NULL,'',0,0.00,0.00,NULL,NULL,'2019-10-04 07:26:15','2019-10-08 01:10:48',379),(555,'(JP-KAS) Atsushi Ishige',NULL,NULL,NULL,NULL,NULL,NULL,NULL,NULL,0,0,1,NULL,NULL,NULL,NULL,18,NULL,23,NULL,0,2523,129,1,NULL,NULL,0,NULL,'',0,0.00,0.00,NULL,NULL,'2019-10-04 07:27:20','2019-10-07 09:31:36',504),(556,'(US-RTPW) Andy French - EMC',NULL,NULL,NULL,NULL,NULL,NULL,NULL,NULL,0,0,1,NULL,NULL,NULL,NULL,30,NULL,37,NULL,0,6510,134,2,NULL,NULL,0,NULL,'',0,0.00,0.00,NULL,NULL,'2019-10-04 07:27:38','2019-10-08 01:10:56',381),(557,'(JP-KAS) Hiroyuki Ayuta',NULL,NULL,NULL,NULL,NULL,NULL,NULL,NULL,0,0,1,NULL,NULL,NULL,NULL,18,NULL,23,NULL,0,2525,129,1,NULL,NULL,0,NULL,'',0,0.00,0.00,NULL,NULL,'2019-10-04 07:28:47','2019-10-07 09:32:06',505),(558,'(US-RTPW) Sarah Thomson - EMC',NULL,NULL,NULL,NULL,NULL,NULL,NULL,NULL,0,0,1,NULL,NULL,NULL,NULL,30,NULL,37,NULL,0,6511,134,2,NULL,NULL,0,NULL,'',0,0.00,0.00,NULL,NULL,'2019-10-04 07:29:27','2019-10-08 01:11:02',380),(559,'(JP-SHO) Ichiro Isozaki',NULL,NULL,NULL,NULL,NULL,NULL,NULL,NULL,0,0,1,NULL,NULL,NULL,NULL,19,NULL,26,NULL,0,3501,130,1,NULL,NULL,0,NULL,'',0,0.00,0.00,NULL,NULL,'2019-10-04 07:44:35','2019-10-08 00:39:37',85),(560,'(JP-SHO) Toyokazu Imamura',NULL,NULL,NULL,NULL,NULL,NULL,NULL,NULL,0,0,1,NULL,NULL,NULL,NULL,19,NULL,26,NULL,0,3502,130,1,NULL,NULL,0,NULL,'',0,0.00,0.00,NULL,NULL,'2019-10-04 07:45:43','2019-10-08 00:39:44',86),(561,'(JP-SHO) Akira Sato',NULL,NULL,NULL,NULL,NULL,NULL,NULL,NULL,0,0,1,NULL,NULL,NULL,NULL,19,NULL,26,NULL,0,3503,130,1,NULL,NULL,0,NULL,'',0,0.00,0.00,NULL,NULL,'2019-10-04 07:46:23','2019-10-08 00:39:50',87),(562,'(JP-SHO) Yosuke Ishikawa',NULL,NULL,NULL,NULL,NULL,NULL,NULL,NULL,0,0,1,NULL,NULL,NULL,NULL,19,NULL,26,NULL,0,3504,130,1,NULL,NULL,0,NULL,'',0,0.00,0.00,NULL,NULL,'2019-10-04 07:47:14','2019-10-08 00:40:11',101),(563,'(JP-SHO) Kenichi Adachi',NULL,NULL,NULL,NULL,NULL,NULL,NULL,NULL,0,0,1,NULL,NULL,NULL,NULL,19,NULL,26,NULL,0,3505,130,1,NULL,NULL,0,NULL,'',0,0.00,0.00,NULL,NULL,'2019-10-04 07:47:55','2019-10-08 00:49:23',102),(564,'(JP-SHO) Takahiro Suzuki',NULL,NULL,NULL,NULL,NULL,NULL,NULL,NULL,0,0,1,NULL,NULL,NULL,NULL,19,NULL,26,NULL,0,3506,130,1,NULL,NULL,0,NULL,'',0,0.00,0.00,NULL,NULL,'2019-10-04 07:49:23','2019-10-08 00:49:31',103),(565,'(JP-SHO) Hikaru Shirasawa',NULL,NULL,NULL,NULL,NULL,NULL,NULL,NULL,0,0,1,NULL,NULL,NULL,NULL,19,NULL,26,NULL,0,3507,130,1,NULL,NULL,0,NULL,'',0,0.00,0.00,NULL,NULL,'2019-10-04 07:50:04','2019-10-08 00:49:41',88),(566,'(JP-SHO) Yohsuke Matsuzawa',NULL,NULL,NULL,NULL,NULL,NULL,NULL,NULL,0,0,1,NULL,NULL,NULL,NULL,19,NULL,26,NULL,0,3508,130,1,NULL,NULL,0,NULL,'',0,0.00,0.00,NULL,NULL,'2019-10-04 07:50:36','2019-10-08 00:49:47',104),(567,'(JP-SHO) Hiroshi Naka',NULL,NULL,NULL,NULL,NULL,NULL,NULL,NULL,0,0,1,NULL,NULL,NULL,NULL,19,NULL,26,NULL,0,3509,130,1,NULL,NULL,0,NULL,'',0,0.00,0.00,NULL,NULL,'2019-10-04 07:51:26','2019-10-08 00:50:26',105),(568,'(JP-SHO) Yusuke Ohnuma',NULL,NULL,NULL,NULL,NULL,NULL,NULL,NULL,0,0,1,NULL,NULL,NULL,NULL,19,NULL,26,NULL,0,3510,130,1,NULL,NULL,0,NULL,'',0,0.00,0.00,NULL,NULL,'2019-10-04 07:51:55','2019-10-08 00:50:36',89),(569,'(JP-SHO) Hiromasa Sato',NULL,NULL,NULL,NULL,NULL,NULL,NULL,NULL,0,0,1,NULL,NULL,NULL,NULL,19,NULL,26,NULL,0,3511,130,1,NULL,NULL,0,NULL,'',0,0.00,0.00,NULL,NULL,'2019-10-04 07:55:51','2019-10-08 00:52:30',106),(570,'(JP-SHO) Masahide Ozaki',NULL,NULL,NULL,NULL,NULL,NULL,NULL,NULL,0,0,1,NULL,NULL,NULL,NULL,19,NULL,26,NULL,0,3512,130,1,NULL,NULL,0,NULL,'',0,0.00,0.00,NULL,NULL,'2019-10-04 07:56:42','2019-10-08 00:52:35',107),(571,'(JP-SHO) Shuma Terasawa',NULL,NULL,NULL,NULL,NULL,NULL,NULL,NULL,0,0,1,NULL,NULL,NULL,NULL,19,NULL,26,NULL,0,3513,130,1,NULL,NULL,0,NULL,'',0,0.00,0.00,NULL,NULL,'2019-10-04 07:57:12','2019-10-08 00:52:41',108),(572,'(JP-SHO) Akio Hayashi',NULL,NULL,NULL,NULL,NULL,NULL,NULL,NULL,0,0,1,NULL,NULL,NULL,NULL,19,NULL,26,NULL,0,3514,130,1,NULL,NULL,0,NULL,'',0,0.00,0.00,NULL,NULL,'2019-10-04 07:57:50','2019-10-08 00:52:50',90),(573,'(JP-SHO) Shinichi Takano',NULL,NULL,NULL,NULL,NULL,NULL,NULL,NULL,0,0,1,NULL,NULL,NULL,NULL,19,NULL,26,NULL,0,3515,130,1,NULL,NULL,0,NULL,'',0,0.00,0.00,NULL,NULL,'2019-10-04 07:58:28','2019-10-08 00:53:03',91),(574,'(JP-SHO) Makoto Hosaka',NULL,NULL,NULL,NULL,NULL,NULL,NULL,NULL,0,0,1,NULL,NULL,NULL,NULL,19,NULL,26,NULL,0,3516,130,1,NULL,NULL,0,NULL,'',0,0.00,0.00,NULL,NULL,'2019-10-04 07:59:12','2019-10-08 00:53:10',92),(575,'(JP-SHO) Yasumasa Owaki',NULL,NULL,NULL,NULL,NULL,NULL,NULL,NULL,0,0,1,NULL,NULL,NULL,NULL,19,NULL,26,NULL,0,3518,130,1,NULL,NULL,0,NULL,'',0,0.00,0.00,NULL,NULL,'2019-10-04 07:59:50','2019-10-08 00:53:21',109),(576,'(JP-SHO) Kazutaka Takeyama',NULL,NULL,NULL,NULL,NULL,NULL,NULL,NULL,0,0,1,NULL,NULL,NULL,NULL,19,NULL,26,NULL,0,3517,130,1,NULL,NULL,0,NULL,'',0,0.00,0.00,NULL,NULL,'2019-10-04 08:00:32','2019-10-08 00:53:16',93),(577,'(JP-SHO) Takashi Konno',NULL,NULL,NULL,NULL,NULL,NULL,NULL,NULL,0,0,1,NULL,NULL,NULL,NULL,19,NULL,26,NULL,0,3519,130,1,NULL,NULL,0,NULL,'',0,0.00,0.00,NULL,NULL,'2019-10-04 08:01:17','2019-10-08 00:53:27',110),(578,'(JP-SHO) Akihiro Oda',NULL,NULL,NULL,NULL,NULL,NULL,NULL,NULL,0,0,1,NULL,NULL,NULL,NULL,19,NULL,26,NULL,0,3520,130,1,NULL,NULL,0,NULL,'',0,0.00,0.00,NULL,NULL,'2019-10-04 08:01:58','2019-10-08 00:53:33',94),(579,'(JP-SHO) Yusuke Tanikawara',NULL,NULL,NULL,NULL,NULL,NULL,NULL,NULL,0,0,1,NULL,NULL,NULL,NULL,19,NULL,26,NULL,0,3521,130,1,NULL,NULL,0,NULL,'',0,0.00,0.00,NULL,NULL,'2019-10-04 08:02:34','2019-10-08 00:53:48',111),(580,'(JP-SHO) Shiro Kobayashi',NULL,NULL,NULL,NULL,NULL,NULL,NULL,NULL,0,0,1,NULL,NULL,NULL,NULL,19,NULL,26,NULL,0,3522,130,1,NULL,NULL,0,NULL,'',0,0.00,0.00,NULL,NULL,'2019-10-04 08:03:10','2019-10-08 00:53:55',95),(581,'(JP-SHO) Shunsaku Yumi',NULL,NULL,NULL,NULL,NULL,NULL,NULL,NULL,0,0,1,NULL,NULL,NULL,NULL,19,NULL,26,NULL,0,3523,130,1,NULL,NULL,0,NULL,'',0,0.00,0.00,NULL,NULL,'2019-10-04 08:03:48','2019-10-08 00:54:19',112),(582,'(JP-SHO) Kazuya Noda',NULL,NULL,NULL,NULL,NULL,NULL,NULL,NULL,0,0,1,NULL,NULL,NULL,NULL,19,NULL,26,NULL,0,3524,130,1,NULL,NULL,0,NULL,'',0,0.00,0.00,NULL,NULL,'2019-10-04 08:04:51','2019-10-08 00:54:31',113),(583,'(JP-SHO) Kouki Yamada',NULL,NULL,NULL,NULL,NULL,NULL,NULL,NULL,0,0,1,NULL,NULL,NULL,NULL,19,NULL,26,NULL,0,3525,130,1,NULL,NULL,0,NULL,'',0,0.00,0.00,NULL,NULL,'2019-10-04 08:05:47','2019-10-08 00:54:41',114),(584,'(JP-SHO) Takahiro Kawakami',NULL,NULL,NULL,NULL,NULL,NULL,NULL,NULL,0,0,1,NULL,NULL,NULL,NULL,19,NULL,26,NULL,0,3526,130,1,NULL,NULL,0,NULL,'',0,0.00,0.00,NULL,NULL,'2019-10-04 08:06:47','2019-10-08 00:54:53',115),(585,'(JP-SHO) Aya Tanaka',NULL,NULL,NULL,NULL,NULL,NULL,NULL,NULL,0,0,1,NULL,NULL,NULL,NULL,19,NULL,26,NULL,0,3527,130,1,NULL,NULL,0,NULL,'',0,0.00,0.00,NULL,NULL,'2019-10-04 08:07:32','2019-10-08 00:54:59',96),(586,'(JP-SHO) Tatsuya Arai',NULL,NULL,NULL,NULL,NULL,NULL,NULL,NULL,0,0,1,NULL,NULL,NULL,NULL,19,NULL,26,NULL,0,3528,130,1,NULL,NULL,0,NULL,'',0,0.00,0.00,NULL,NULL,'2019-10-04 08:08:08','2019-10-08 00:55:05',97),(587,'(JP-SHO) Maiko Shimoda',NULL,NULL,NULL,NULL,NULL,NULL,NULL,NULL,0,0,1,NULL,NULL,NULL,NULL,19,NULL,26,NULL,0,3529,130,1,NULL,NULL,0,NULL,'',0,0.00,0.00,NULL,NULL,'2019-10-04 08:08:42','2019-10-08 00:55:11',98),(588,'(JP-SHO) Miki Murasato',NULL,NULL,NULL,NULL,NULL,NULL,NULL,NULL,0,0,1,NULL,NULL,NULL,NULL,19,NULL,26,NULL,0,3530,130,1,NULL,NULL,0,NULL,'',0,0.00,0.00,NULL,NULL,'2019-10-04 08:09:18','2019-10-08 00:55:18',99),(589,'(JP-SHO) Daisuke Mitake',NULL,NULL,NULL,NULL,NULL,NULL,NULL,NULL,0,0,1,NULL,NULL,NULL,NULL,19,NULL,26,NULL,0,3532,130,1,NULL,NULL,0,NULL,'',0,0.00,0.00,NULL,NULL,'2019-10-04 08:10:15','2019-10-08 00:55:29',116),(590,'(JP-SHO) Kaoru Minori',NULL,NULL,NULL,NULL,NULL,NULL,NULL,NULL,0,0,1,NULL,NULL,NULL,NULL,19,NULL,26,NULL,0,3531,130,1,NULL,NULL,0,NULL,'',0,0.00,0.00,NULL,NULL,'2019-10-04 08:10:32','2019-10-08 00:55:25',117),(591,'(JP-SHO) Sakiko Inafuku',NULL,NULL,NULL,NULL,NULL,NULL,NULL,NULL,0,0,1,NULL,NULL,NULL,NULL,19,NULL,26,NULL,0,3533,130,1,NULL,NULL,0,NULL,'',0,0.00,0.00,NULL,NULL,'2019-10-04 08:12:01','2019-10-08 00:55:37',118),(592,'(JP-SHO) Hiroyuki Azuma',NULL,NULL,NULL,NULL,NULL,NULL,NULL,NULL,0,0,1,NULL,NULL,NULL,NULL,19,NULL,26,NULL,0,3534,130,1,NULL,NULL,0,NULL,'',0,0.00,0.00,NULL,NULL,'2019-10-04 08:12:56','2019-10-08 00:55:41',100),(593,'(JP-SHO) Takafumi Kurosawa',NULL,NULL,NULL,NULL,NULL,NULL,NULL,NULL,0,0,1,NULL,NULL,NULL,NULL,19,NULL,26,NULL,0,3535,130,1,NULL,NULL,0,NULL,'',0,0.00,0.00,NULL,NULL,'2019-10-04 08:14:06','2019-10-08 00:55:51',119),(594,'(JP-SHO) Ulrich Faber',NULL,NULL,NULL,NULL,NULL,NULL,NULL,NULL,0,0,1,NULL,NULL,NULL,NULL,19,NULL,26,NULL,0,3536,130,1,NULL,NULL,0,NULL,'',0,0.00,0.00,NULL,NULL,'2019-10-04 08:14:42','2019-10-08 00:56:00',120),(595,'(JP-SHO) Takayuki Kobayashi',NULL,NULL,NULL,NULL,NULL,NULL,NULL,NULL,0,0,1,NULL,NULL,NULL,NULL,19,NULL,26,NULL,0,3537,130,1,NULL,NULL,0,NULL,'',0,0.00,0.00,NULL,NULL,'2019-10-04 08:15:16','2019-10-08 00:56:07',121),(596,'(JP-SHO) Hiroshi Arakawa',NULL,NULL,NULL,NULL,NULL,NULL,NULL,NULL,0,0,1,NULL,NULL,NULL,NULL,19,NULL,26,NULL,0,3538,130,1,NULL,NULL,0,NULL,'',0,0.00,0.00,NULL,NULL,'2019-10-04 08:15:52','2019-10-08 00:56:11',122),(597,'(JP-SHO) Mayumi Inoue',NULL,NULL,NULL,NULL,NULL,NULL,NULL,NULL,0,0,1,NULL,NULL,NULL,NULL,19,NULL,26,NULL,0,3539,130,1,NULL,NULL,0,NULL,'',0,0.00,0.00,NULL,NULL,'2019-10-04 08:16:26','2019-10-08 00:56:18',123),(598,'(JP-SHO) Masako Mochihara',NULL,NULL,NULL,NULL,NULL,NULL,NULL,NULL,0,0,1,NULL,NULL,NULL,NULL,19,NULL,26,NULL,0,3540,130,1,NULL,NULL,0,NULL,'',0,0.00,0.00,NULL,NULL,'2019-10-04 08:17:00','2019-10-08 00:56:23',124),(599,'(JP-SHO) Go Ishiwata',NULL,NULL,NULL,NULL,NULL,NULL,NULL,NULL,0,0,1,NULL,NULL,NULL,NULL,19,NULL,26,NULL,0,3541,130,1,NULL,NULL,0,NULL,'',0,0.00,0.00,NULL,NULL,'2019-10-04 08:17:34','2019-10-08 00:56:30',125),(600,'(JP-SHO) Osamu Watatani',NULL,NULL,NULL,NULL,NULL,NULL,NULL,NULL,0,0,1,NULL,NULL,NULL,NULL,19,NULL,26,NULL,0,3542,130,1,NULL,NULL,0,NULL,'',0,0.00,0.00,NULL,NULL,'2019-10-04 08:18:10','2019-10-08 00:56:34',126),(601,'(JP-SHO) Hiroaki Shimoda',NULL,NULL,NULL,NULL,NULL,NULL,NULL,NULL,0,0,1,NULL,NULL,NULL,NULL,19,NULL,26,NULL,0,3543,130,1,NULL,NULL,0,NULL,'',0,0.00,0.00,NULL,NULL,'2019-10-04 08:18:46','2019-10-08 00:56:53',127),(602,'(JP-ISE) Akiyo Hayashi',NULL,NULL,NULL,NULL,NULL,NULL,NULL,NULL,0,0,1,NULL,NULL,NULL,NULL,29,NULL,41,NULL,0,1507,128,1,NULL,NULL,0,NULL,'',0,0.00,0.00,NULL,NULL,'2019-10-04 08:25:33','2019-10-07 09:03:40',443),(603,'(JP-ISE) Aya Hiraga',NULL,NULL,NULL,NULL,NULL,NULL,NULL,NULL,0,0,1,NULL,NULL,NULL,NULL,29,NULL,41,NULL,0,1508,128,1,NULL,NULL,0,NULL,'',0,0.00,0.00,NULL,NULL,'2019-10-04 08:34:02','2019-10-11 01:12:22',444),(604,'(JP-ISE) Takeshi Hiyaji',NULL,NULL,NULL,NULL,NULL,NULL,NULL,NULL,0,0,1,NULL,NULL,NULL,NULL,29,NULL,41,NULL,0,1509,128,1,NULL,NULL,0,NULL,'',0,0.00,0.00,NULL,NULL,'2019-10-04 08:36:23','2019-10-07 09:04:08',445),(605,'(JP-ISE) Motoya Imura',NULL,NULL,NULL,NULL,NULL,NULL,NULL,NULL,0,0,1,NULL,NULL,NULL,NULL,29,NULL,41,NULL,0,1510,128,1,NULL,NULL,0,NULL,'',0,0.00,0.00,NULL,NULL,'2019-10-04 08:38:08','2019-10-07 09:04:15',446),(606,'(JP-ISE) Masamichi Ishii',NULL,NULL,NULL,NULL,NULL,NULL,NULL,NULL,0,0,1,NULL,NULL,NULL,NULL,29,NULL,41,NULL,0,1511,128,1,NULL,NULL,0,NULL,'',0,0.00,0.00,NULL,NULL,'2019-10-04 08:39:37','2019-10-07 09:04:25',447),(607,'(JP-ISE) Yayoi Ito',NULL,NULL,NULL,NULL,NULL,NULL,NULL,NULL,0,0,1,NULL,NULL,NULL,NULL,29,NULL,41,NULL,0,1512,128,1,NULL,NULL,0,NULL,'',0,0.00,0.00,NULL,NULL,'2019-10-04 08:40:50','2019-10-07 09:04:31',448),(608,'(JP-ISE) Yukari Ito',NULL,NULL,NULL,NULL,NULL,NULL,NULL,NULL,0,0,1,NULL,NULL,NULL,NULL,29,NULL,41,NULL,0,1513,128,1,NULL,NULL,0,NULL,'',0,0.00,0.00,NULL,NULL,'2019-10-04 08:42:06','2019-10-07 09:04:37',449),(609,'(JP-ISE) Yumi Iwasaki',NULL,NULL,NULL,NULL,NULL,NULL,NULL,NULL,0,0,1,NULL,NULL,NULL,NULL,29,NULL,41,NULL,0,1514,128,1,NULL,NULL,0,NULL,'',0,0.00,0.00,NULL,NULL,'2019-10-04 08:43:29','2019-10-07 09:04:44',450),(610,'(JP-ISE) Machiko Kado',NULL,NULL,NULL,NULL,NULL,NULL,NULL,NULL,0,0,1,NULL,NULL,NULL,NULL,29,NULL,41,NULL,0,1515,128,1,NULL,NULL,0,NULL,'',0,0.00,0.00,NULL,NULL,'2019-10-04 08:45:32','2019-10-07 09:04:53',451),(611,'(JP-ISE) Yuichi Kaneyama',NULL,NULL,NULL,NULL,NULL,NULL,NULL,NULL,0,0,1,NULL,NULL,NULL,NULL,29,NULL,41,NULL,0,1516,128,1,NULL,NULL,0,NULL,'',0,0.00,0.00,NULL,NULL,'2019-10-04 08:47:05','2019-10-07 09:05:03',452),(612,'(JP-ISE) Nachi Konegawa',NULL,NULL,NULL,NULL,NULL,NULL,NULL,NULL,0,0,1,NULL,NULL,NULL,NULL,29,NULL,41,NULL,0,1517,128,1,NULL,NULL,0,NULL,'',0,0.00,0.00,NULL,NULL,'2019-10-04 08:48:40','2019-10-07 09:05:11',453),(613,'(JP-ISE) Kumiko Kunimitsu',NULL,NULL,NULL,NULL,NULL,NULL,NULL,NULL,0,0,1,NULL,NULL,NULL,NULL,29,NULL,41,NULL,0,1518,128,1,NULL,NULL,0,NULL,'',0,0.00,0.00,NULL,NULL,'2019-10-04 08:50:09','2019-10-07 09:05:18',454),(614,'(JP-ISE) Akihiko Maeda',NULL,NULL,NULL,NULL,NULL,NULL,NULL,NULL,0,0,1,NULL,NULL,NULL,NULL,29,NULL,41,NULL,0,1519,128,1,NULL,NULL,0,NULL,'',0,0.00,0.00,NULL,NULL,'2019-10-04 08:52:30','2019-10-07 09:05:30',455),(615,'(JP-ISE) Satofumi Matsuyama',NULL,NULL,NULL,NULL,NULL,NULL,NULL,NULL,0,0,1,NULL,NULL,NULL,NULL,29,NULL,41,NULL,0,1520,128,1,NULL,NULL,0,NULL,'',0,0.00,0.00,NULL,NULL,'2019-10-04 08:54:03','2019-10-07 09:05:39',456),(616,'(JP-ISE) Masaya Minami',NULL,NULL,NULL,NULL,NULL,NULL,NULL,NULL,0,0,1,NULL,NULL,NULL,NULL,29,NULL,41,NULL,0,1521,128,1,NULL,NULL,0,NULL,'',0,0.00,0.00,NULL,NULL,'2019-10-04 08:55:22','2019-10-07 09:05:45',457),(617,'(JP-ISE) Shinichi Miyazono',NULL,NULL,NULL,NULL,NULL,NULL,NULL,NULL,0,0,1,NULL,NULL,NULL,NULL,29,NULL,41,NULL,0,1522,128,1,NULL,NULL,0,NULL,'',0,0.00,0.00,NULL,NULL,'2019-10-04 08:56:47','2019-10-07 09:05:52',458),(618,'(JP-ISE) Yuta Moriya',NULL,NULL,NULL,NULL,NULL,NULL,NULL,NULL,0,0,1,NULL,NULL,NULL,NULL,29,NULL,41,NULL,0,1523,128,1,NULL,NULL,0,NULL,'',0,0.00,0.00,NULL,NULL,'2019-10-04 08:58:14','2019-10-07 09:06:10',459),(619,'(JP-ISE) Chiaki Nabeshima',NULL,NULL,NULL,NULL,NULL,NULL,NULL,NULL,0,0,1,NULL,NULL,NULL,NULL,29,NULL,41,NULL,0,1524,128,1,NULL,NULL,0,NULL,'',0,0.00,0.00,NULL,NULL,'2019-10-04 08:59:30','2019-10-07 09:06:17',460),(620,'(JP-ISE) Junki Nagatomi',NULL,NULL,NULL,NULL,NULL,NULL,NULL,NULL,0,0,1,NULL,NULL,NULL,NULL,29,NULL,41,NULL,0,1525,128,1,NULL,NULL,0,NULL,'',0,0.00,0.00,NULL,NULL,'2019-10-04 09:00:54','2019-10-07 09:06:25',461),(621,'(JP-YOK) Makoto Toyoda',NULL,NULL,NULL,NULL,NULL,NULL,NULL,NULL,0,0,1,NULL,NULL,NULL,NULL,20,NULL,29,NULL,0,4501,131,1,NULL,NULL,0,NULL,'',0,0.00,0.00,NULL,NULL,'2019-10-07 00:45:37','2019-10-08 01:00:12',128),(622,'(JP-YOK) Seigo Kakehi',NULL,NULL,NULL,NULL,NULL,NULL,NULL,NULL,0,0,1,NULL,NULL,NULL,NULL,20,NULL,29,NULL,0,4502,131,1,NULL,NULL,0,NULL,'',0,0.00,0.00,NULL,NULL,'2019-10-07 00:46:27','2019-10-08 01:00:18',132),(623,'(JP-YOK) Makoto Kashishita',NULL,NULL,NULL,NULL,NULL,NULL,NULL,NULL,0,0,1,NULL,NULL,NULL,NULL,20,NULL,29,NULL,0,4503,131,1,NULL,NULL,0,NULL,'',0,0.00,0.00,NULL,NULL,'2019-10-07 00:47:46','2019-10-08 01:00:25',129),(624,'(JP-YOK) Yasunori Hashizume',NULL,NULL,NULL,NULL,NULL,NULL,NULL,NULL,0,0,1,NULL,NULL,NULL,NULL,20,NULL,29,NULL,0,4506,131,1,NULL,NULL,0,NULL,'',0,0.00,0.00,NULL,NULL,'2019-10-07 00:48:36','2019-10-08 01:00:30',130),(625,'(JP-YOK) Hiroki Numata',NULL,NULL,NULL,NULL,NULL,NULL,NULL,NULL,0,0,1,NULL,NULL,NULL,NULL,20,NULL,29,NULL,0,4507,131,1,NULL,NULL,0,NULL,'',0,0.00,0.00,NULL,NULL,'2019-10-07 00:49:34','2019-10-08 01:00:38',133),(626,'(JP-YOK) Jun Ito',NULL,NULL,NULL,NULL,NULL,NULL,NULL,NULL,0,0,1,NULL,NULL,NULL,NULL,20,NULL,29,NULL,0,4508,131,1,NULL,NULL,0,NULL,'',0,0.00,0.00,NULL,NULL,'2019-10-07 00:50:33','2019-10-08 01:00:44',134),(627,'(JP-ISE) Tomohisa Nakagawa',NULL,NULL,NULL,NULL,NULL,NULL,NULL,NULL,0,0,1,NULL,NULL,NULL,NULL,29,NULL,41,NULL,0,1526,128,1,NULL,NULL,0,NULL,'',0,0.00,0.00,NULL,NULL,'2019-10-07 00:51:26','2019-10-07 09:06:31',462),(628,'(JP-YOK) Hiroka Nakano',NULL,NULL,NULL,NULL,NULL,NULL,NULL,NULL,0,0,1,NULL,NULL,NULL,NULL,20,NULL,29,NULL,0,4509,131,1,NULL,NULL,0,NULL,'',0,0.00,0.00,NULL,NULL,'2019-10-07 00:51:28','2019-10-08 01:00:52',135),(629,'(JP-YOK) Yusuke Ueda',NULL,NULL,NULL,NULL,NULL,NULL,NULL,NULL,0,0,1,NULL,NULL,NULL,NULL,20,NULL,29,NULL,0,4510,131,1,NULL,NULL,0,NULL,'',0,0.00,0.00,NULL,NULL,'2019-10-07 00:52:12','2019-10-08 01:00:58',136),(630,'(JP-YOK) Misae Nakaseko',NULL,NULL,NULL,NULL,NULL,NULL,NULL,NULL,0,0,1,NULL,NULL,NULL,NULL,20,NULL,29,NULL,0,4511,131,1,NULL,NULL,0,NULL,'',0,0.00,0.00,NULL,NULL,'2019-10-07 00:53:56','2019-10-08 01:01:04',137),(631,'(JP-ISE) Hiromichi Nakai',NULL,NULL,NULL,NULL,NULL,NULL,NULL,NULL,0,0,1,NULL,NULL,NULL,NULL,29,NULL,41,NULL,0,1527,128,1,NULL,NULL,0,NULL,'',0,0.00,0.00,NULL,NULL,'2019-10-07 00:53:56','2019-10-07 09:06:37',141),(632,'(JP-YOK) Daigo Hamaguchi',NULL,NULL,NULL,NULL,NULL,NULL,NULL,NULL,0,0,1,NULL,NULL,NULL,NULL,20,NULL,29,NULL,0,4512,131,1,NULL,NULL,0,NULL,'',0,0.00,0.00,NULL,NULL,'2019-10-07 00:54:39','2019-10-08 01:01:10',131),(633,'(JP-YOK) Takeshi Narukawa',NULL,NULL,NULL,NULL,NULL,NULL,NULL,NULL,0,0,1,NULL,NULL,NULL,NULL,20,NULL,29,NULL,0,4513,131,1,NULL,NULL,0,NULL,'',0,0.00,0.00,NULL,NULL,'2019-10-07 00:55:24','2019-10-08 01:01:18',138),(634,'(JP-YOK) Tetsuya Uemura',NULL,NULL,NULL,NULL,NULL,NULL,NULL,NULL,0,0,1,NULL,NULL,NULL,NULL,20,NULL,29,NULL,0,4514,131,1,NULL,NULL,0,NULL,'',0,0.00,0.00,NULL,NULL,'2019-10-07 00:56:04','2019-10-08 01:01:25',139),(635,'(JP-YOK) Kosuke Yamagishi',NULL,NULL,NULL,NULL,NULL,NULL,NULL,NULL,0,0,1,NULL,NULL,NULL,NULL,20,NULL,29,NULL,0,4515,131,1,NULL,NULL,0,NULL,'',0,0.00,0.00,NULL,NULL,'2019-10-07 00:56:46','2019-10-08 01:01:39',140),(636,'(JP-YOK) Hiromichi Nakai',NULL,NULL,NULL,NULL,NULL,NULL,NULL,NULL,0,0,1,NULL,NULL,NULL,NULL,20,NULL,29,NULL,0,4516,131,1,NULL,NULL,0,NULL,'',0,0.00,0.00,NULL,NULL,'2019-10-07 00:58:15','2019-10-08 01:01:46',141),(637,'(JP-YOK) Kiyoshiro Okazaki',NULL,NULL,NULL,NULL,NULL,NULL,NULL,NULL,0,0,1,NULL,NULL,NULL,NULL,20,NULL,29,NULL,0,4517,131,1,NULL,NULL,0,NULL,'',0,0.00,0.00,NULL,NULL,'2019-10-07 00:59:07','2019-10-08 01:01:52',142),(638,'(JP-ISE) Ayumi Nakamura',NULL,NULL,NULL,NULL,NULL,NULL,NULL,NULL,0,0,1,NULL,NULL,NULL,NULL,29,NULL,41,NULL,0,1528,128,1,NULL,NULL,0,NULL,'',0,0.00,0.00,NULL,NULL,'2019-10-07 00:59:49','2019-10-07 09:07:20',463),(639,'(JP-YOK) Takahiro Tanaka',NULL,NULL,NULL,NULL,NULL,NULL,NULL,NULL,0,0,1,NULL,NULL,NULL,NULL,20,NULL,29,NULL,0,4518,131,1,NULL,NULL,0,NULL,'',0,0.00,0.00,NULL,NULL,'2019-10-07 01:00:19','2019-10-08 01:01:59',143),(640,'(JP-YOK) Kentaro Iihoshi',NULL,NULL,NULL,NULL,NULL,NULL,NULL,NULL,0,0,1,NULL,NULL,NULL,NULL,20,NULL,29,NULL,0,4519,131,1,NULL,NULL,0,NULL,'',0,0.00,0.00,NULL,NULL,'2019-10-07 01:01:14','2019-10-08 01:02:04',144),(641,'(JP-YOK) Kayo Sakakibara',NULL,NULL,NULL,NULL,NULL,NULL,NULL,NULL,0,0,1,NULL,NULL,NULL,NULL,20,NULL,29,NULL,0,4520,131,1,NULL,NULL,0,NULL,'',0,0.00,0.00,NULL,NULL,'2019-10-07 01:01:49','2019-10-08 01:02:11',145),(642,'(JP-ISE) Masatoshi Nishiguchi',NULL,NULL,NULL,NULL,NULL,NULL,NULL,NULL,0,0,1,NULL,NULL,NULL,NULL,29,NULL,41,NULL,0,1529,128,1,NULL,NULL,0,NULL,'',0,0.00,0.00,NULL,NULL,'2019-10-07 01:01:54','2019-10-07 09:07:28',464),(643,'(JP-YOK) Rie Oka',NULL,NULL,NULL,NULL,NULL,NULL,NULL,NULL,0,0,1,NULL,NULL,NULL,NULL,20,NULL,29,NULL,0,4521,131,1,NULL,NULL,0,NULL,'',0,0.00,0.00,NULL,NULL,'2019-10-07 01:02:32','2019-10-08 01:02:16',146),(644,'(JP-YOK) Miyuki Tsujimura',NULL,NULL,NULL,NULL,NULL,NULL,NULL,NULL,0,0,1,NULL,NULL,NULL,NULL,20,NULL,29,NULL,0,4522,131,1,NULL,NULL,0,NULL,'',0,0.00,0.00,NULL,NULL,'2019-10-07 01:04:02','2019-10-08 01:02:24',147),(645,'(JP-ISE) Akiko Nishimura',NULL,NULL,NULL,NULL,NULL,NULL,NULL,NULL,0,0,1,NULL,NULL,NULL,NULL,29,NULL,41,NULL,0,1530,128,1,NULL,NULL,0,NULL,'',0,0.00,0.00,NULL,NULL,'2019-10-07 01:04:18','2019-10-07 09:07:38',465),(646,'(JP-ISE) Takafumi Noguchi',NULL,NULL,NULL,NULL,NULL,NULL,NULL,NULL,0,0,1,NULL,NULL,NULL,NULL,29,NULL,41,NULL,0,1531,128,1,NULL,NULL,0,NULL,'',0,0.00,0.00,NULL,NULL,'2019-10-07 01:11:55','2019-10-07 09:07:47',466),(647,'(JP-ISE) Yuko Noguchi',NULL,NULL,NULL,NULL,NULL,NULL,NULL,NULL,0,0,1,NULL,NULL,NULL,NULL,29,NULL,41,NULL,0,1532,128,1,NULL,NULL,0,NULL,'',0,0.00,0.00,NULL,NULL,'2019-10-07 01:15:12','2019-10-07 09:08:11',467),(648,'(JP-ISE) Naomi Nonaka',NULL,NULL,NULL,NULL,NULL,NULL,NULL,NULL,0,0,1,NULL,NULL,NULL,NULL,29,NULL,41,NULL,0,1533,128,1,NULL,NULL,0,NULL,'',0,0.00,0.00,NULL,NULL,'2019-10-07 01:16:44','2019-10-07 09:08:19',468),(649,'(JP-ISE) Hiroki Numata',NULL,NULL,NULL,NULL,NULL,NULL,NULL,NULL,0,0,1,NULL,NULL,NULL,NULL,29,NULL,41,NULL,0,1534,128,1,NULL,NULL,0,NULL,'',0,0.00,0.00,NULL,NULL,'2019-10-07 01:19:05','2019-10-07 09:08:23',133),(650,'(JP-ISE) Mamoru Ohkawa',NULL,NULL,NULL,NULL,NULL,NULL,NULL,NULL,0,0,1,NULL,NULL,NULL,NULL,29,NULL,41,NULL,0,1535,128,1,NULL,NULL,0,NULL,'',0,0.00,0.00,NULL,NULL,'2019-10-07 01:20:33','2019-10-07 09:08:31',469),(651,'(JP-ISE) Akiyo Ohnishi',NULL,NULL,NULL,NULL,NULL,NULL,NULL,NULL,0,0,1,NULL,NULL,NULL,NULL,29,NULL,41,NULL,0,1536,128,1,NULL,NULL,0,NULL,'',0,0.00,0.00,NULL,NULL,'2019-10-07 01:22:17','2019-10-07 09:08:39',470),(652,'(JP-ISE) Hironobu Ohnishi',NULL,NULL,NULL,NULL,NULL,NULL,NULL,NULL,0,0,1,NULL,NULL,NULL,NULL,29,NULL,41,NULL,0,1537,128,1,NULL,NULL,0,NULL,'',0,0.00,0.00,NULL,NULL,'2019-10-07 01:27:20','2019-10-07 09:08:45',174),(653,'(JP-ISE) Shuichi Ohyama',NULL,NULL,NULL,NULL,NULL,NULL,NULL,NULL,0,0,1,NULL,NULL,NULL,NULL,29,NULL,41,NULL,0,1538,128,1,NULL,NULL,0,NULL,'',0,0.00,0.00,NULL,NULL,'2019-10-07 01:29:07','2019-10-07 09:08:51',471),(654,'(JP-ISE) Kiyoshiro Okazaki',NULL,NULL,NULL,NULL,NULL,NULL,NULL,NULL,0,0,1,NULL,NULL,NULL,NULL,29,NULL,41,NULL,0,1539,128,1,NULL,NULL,0,NULL,'',0,0.00,0.00,NULL,NULL,'2019-10-07 01:33:35','2019-10-07 09:08:58',142),(655,'(JP-ISE) Junya Okuno',NULL,NULL,NULL,NULL,NULL,NULL,NULL,NULL,0,0,1,NULL,NULL,NULL,NULL,29,NULL,41,NULL,0,1540,128,1,NULL,NULL,0,NULL,'',0,0.00,0.00,NULL,NULL,'2019-10-07 01:34:56','2019-10-07 09:09:06',472),(656,'(JP-ISE) Hisayoshi Sato',NULL,NULL,NULL,NULL,NULL,NULL,NULL,NULL,0,0,1,NULL,NULL,NULL,NULL,29,NULL,41,NULL,0,1541,128,1,NULL,NULL,0,NULL,'',0,0.00,0.00,NULL,NULL,'2019-10-07 01:44:40','2019-10-07 09:09:14',473),(657,'(UK-KP) Site 25',NULL,NULL,NULL,NULL,NULL,NULL,NULL,NULL,0,0,1,NULL,NULL,NULL,NULL,26,NULL,32,NULL,0,8019,81,1,NULL,NULL,0,NULL,'',0,0.00,0.00,NULL,NULL,'2019-10-07 01:45:48','2019-10-08 00:56:43',NULL),(658,'(JP-ISE) Takayuki Shimada',NULL,NULL,NULL,NULL,NULL,NULL,NULL,NULL,0,0,1,NULL,NULL,NULL,NULL,29,NULL,41,NULL,0,1542,128,1,NULL,NULL,0,NULL,'',0,0.00,0.00,NULL,NULL,'2019-10-07 01:46:47','2019-10-07 09:09:22',474),(659,'(JP-ISE) Takumi Shimada',NULL,NULL,NULL,NULL,NULL,NULL,NULL,NULL,0,0,1,NULL,NULL,NULL,NULL,29,NULL,41,NULL,0,1543,128,1,NULL,NULL,0,NULL,'',0,0.00,0.00,NULL,NULL,'2019-10-07 01:48:01','2019-10-07 09:09:39',475),(660,'(JP-ISE) Tsubasa Takayama',NULL,NULL,NULL,NULL,NULL,NULL,NULL,NULL,0,0,1,NULL,NULL,NULL,NULL,29,NULL,41,NULL,0,1544,128,1,NULL,NULL,0,NULL,'',0,0.00,0.00,NULL,NULL,'2019-10-07 01:49:15','2019-10-07 09:10:05',430),(661,'(JP-ISE) Mayuko Tokuda',NULL,NULL,NULL,NULL,NULL,NULL,NULL,NULL,0,0,1,NULL,NULL,NULL,NULL,29,NULL,41,NULL,0,1545,128,1,NULL,NULL,0,NULL,'',0,0.00,0.00,NULL,NULL,'2019-10-07 01:50:27','2019-10-07 09:10:52',476),(662,'(UK-KP) Site 23',NULL,NULL,NULL,NULL,NULL,NULL,NULL,NULL,0,0,1,NULL,NULL,NULL,NULL,26,NULL,32,NULL,0,8020,82,1,NULL,NULL,0,NULL,'',0,0.00,0.00,NULL,NULL,'2019-10-07 01:51:40','2019-10-08 00:56:34',NULL),(663,'(UK-KP) Site 24',NULL,NULL,NULL,NULL,NULL,NULL,NULL,NULL,0,0,1,NULL,NULL,NULL,NULL,26,NULL,32,NULL,0,8021,83,1,NULL,NULL,0,NULL,'',0,0.00,0.00,NULL,NULL,'2019-10-07 01:52:36','2019-10-08 00:56:32',NULL),(664,'(JP-ISE) Shinya Watanabe',NULL,NULL,NULL,NULL,NULL,NULL,NULL,NULL,0,0,1,NULL,NULL,NULL,NULL,29,NULL,41,NULL,0,1546,128,1,NULL,NULL,0,NULL,'',0,0.00,0.00,NULL,NULL,'2019-10-07 01:52:39','2019-10-07 09:11:02',477),(666,'(JP-ISE) Koji X Yamamoto',NULL,NULL,NULL,NULL,NULL,NULL,NULL,NULL,0,0,1,NULL,NULL,NULL,NULL,29,NULL,41,NULL,0,1547,128,1,NULL,NULL,0,NULL,'',0,0.00,0.00,NULL,NULL,'2019-10-07 01:57:34','2019-10-07 09:11:10',478),(667,'(JP-ISE) Ryota Yamanaka',NULL,NULL,NULL,NULL,NULL,NULL,NULL,NULL,0,0,1,NULL,NULL,NULL,NULL,29,NULL,41,NULL,0,1548,128,1,NULL,NULL,0,NULL,'',0,0.00,0.00,NULL,NULL,'2019-10-07 01:59:08','2019-10-07 09:11:34',479),(668,'(UK-KP) Sarah Williams',NULL,NULL,NULL,NULL,NULL,NULL,NULL,NULL,0,0,1,NULL,NULL,NULL,NULL,35,NULL,32,NULL,0,8501,135,1,NULL,NULL,0,NULL,'',0,0.00,0.00,NULL,NULL,'2019-10-07 01:59:53','2019-10-12 07:46:06',288),(669,'(JP-ISE) Takahiro Yamazaki',NULL,NULL,NULL,NULL,NULL,NULL,NULL,NULL,0,0,1,NULL,NULL,NULL,NULL,29,NULL,41,NULL,0,1549,128,1,NULL,NULL,0,NULL,'',0,0.00,0.00,NULL,NULL,'2019-10-07 02:00:33','2019-10-07 09:12:19',480),(670,'(UK-KP) Ian Watch',NULL,NULL,NULL,NULL,NULL,NULL,NULL,NULL,0,0,1,NULL,NULL,NULL,NULL,35,NULL,32,NULL,0,8502,135,1,NULL,NULL,0,NULL,'',0,0.00,0.00,NULL,NULL,'2019-10-07 02:00:37','2019-10-12 07:46:06',289),(671,'(UK-KP) Ben Mercer',NULL,NULL,NULL,NULL,NULL,NULL,NULL,NULL,0,0,1,NULL,NULL,NULL,NULL,35,NULL,32,NULL,0,8503,135,1,NULL,NULL,0,NULL,'',0,0.00,0.00,NULL,NULL,'2019-10-07 02:01:05','2019-10-12 07:46:06',284),(672,'(JP-ISE) Yuichiro Yamazaki',NULL,NULL,NULL,NULL,NULL,NULL,NULL,NULL,0,0,1,NULL,NULL,NULL,NULL,29,NULL,41,NULL,0,1550,128,1,NULL,NULL,0,NULL,'',0,0.00,0.00,NULL,NULL,'2019-10-07 02:01:50','2019-10-07 09:12:31',481),(673,'(JP-ISE) Toshifumi Yoneshige',NULL,NULL,NULL,NULL,NULL,NULL,NULL,NULL,0,0,1,NULL,NULL,NULL,NULL,29,NULL,41,NULL,0,1551,128,1,NULL,NULL,0,NULL,'',0,0.00,0.00,NULL,NULL,'2019-10-07 02:03:22','2019-10-07 09:13:40',482),(674,'(JP-ISE) Yutaka Yoshida',NULL,NULL,NULL,NULL,NULL,NULL,NULL,NULL,0,0,1,NULL,NULL,NULL,NULL,29,NULL,41,NULL,0,1552,128,1,NULL,NULL,0,NULL,'',0,0.00,0.00,NULL,NULL,'2019-10-07 02:05:05','2019-10-07 09:13:52',483),(675,'(JP-ISE) Yuya Ohira',NULL,NULL,NULL,NULL,NULL,NULL,NULL,NULL,0,0,1,NULL,NULL,NULL,NULL,29,NULL,41,NULL,0,1553,128,1,NULL,NULL,0,NULL,'',0,0.00,0.00,NULL,NULL,'2019-10-07 02:06:15','2019-10-07 09:14:04',484),(677,'(UK-KP) Andrew Edwards',NULL,NULL,NULL,NULL,NULL,NULL,NULL,NULL,0,0,1,NULL,NULL,NULL,NULL,35,NULL,32,NULL,0,8505,136,1,NULL,NULL,0,NULL,'',0,0.00,0.00,NULL,NULL,'2019-10-07 02:09:14','2019-10-12 07:46:06',291),(678,'(UK-KP) Mohamed Toubella',NULL,NULL,NULL,NULL,NULL,NULL,NULL,NULL,0,0,1,NULL,NULL,NULL,NULL,35,NULL,32,NULL,0,8506,136,1,NULL,NULL,0,NULL,'',0,0.00,0.00,NULL,NULL,'2019-10-07 02:09:51','2019-10-12 07:46:06',292),(680,'(UK-KP) Patrick Jones',NULL,NULL,NULL,NULL,NULL,NULL,NULL,NULL,0,0,1,NULL,NULL,NULL,NULL,35,NULL,32,NULL,0,8508,136,1,NULL,NULL,0,NULL,'',0,0.00,0.00,NULL,NULL,'2019-10-07 02:12:04','2019-10-12 07:46:06',294),(681,'(UK-KP) Max Passell',NULL,NULL,NULL,NULL,NULL,NULL,NULL,NULL,0,0,1,NULL,NULL,NULL,NULL,35,NULL,32,NULL,0,8509,136,1,NULL,NULL,0,NULL,'',0,0.00,0.00,NULL,NULL,'2019-10-07 02:12:38','2019-10-12 07:46:06',295),(682,'(UK-KP) Andrew Harding',NULL,NULL,NULL,NULL,NULL,NULL,NULL,NULL,0,0,1,NULL,NULL,NULL,NULL,35,NULL,32,NULL,0,8510,136,1,NULL,NULL,0,NULL,'',0,0.00,0.00,NULL,NULL,'2019-10-07 02:13:14','2019-10-12 07:46:06',296),(683,'(UK-KP) Mark Perry',NULL,NULL,NULL,NULL,NULL,NULL,NULL,NULL,0,0,1,NULL,NULL,NULL,NULL,35,NULL,32,NULL,0,8511,136,1,NULL,NULL,0,NULL,'',0,0.00,0.00,NULL,NULL,'2019-10-07 02:13:52','2019-10-12 07:46:06',297),(684,'(UK-KP) James OReilly',NULL,NULL,NULL,NULL,NULL,NULL,NULL,NULL,0,0,1,NULL,NULL,NULL,NULL,35,NULL,32,NULL,0,8512,136,1,NULL,NULL,0,NULL,'',0,0.00,0.00,NULL,NULL,'2019-10-07 02:14:41','2019-10-12 23:02:49',298),(686,'(UK-KP) Alison Johnston',NULL,NULL,NULL,NULL,NULL,NULL,NULL,NULL,0,0,1,NULL,NULL,NULL,NULL,35,NULL,32,NULL,0,8514,NULL,1,NULL,NULL,0,NULL,'',0,0.00,0.00,NULL,NULL,'2019-10-07 02:19:54','2019-10-12 07:46:06',300),(687,'(UK-KP) John Ferdinand',NULL,NULL,NULL,NULL,NULL,NULL,NULL,NULL,0,0,1,NULL,NULL,NULL,NULL,35,NULL,32,NULL,0,8515,136,1,NULL,NULL,0,NULL,'',0,0.00,0.00,NULL,NULL,'2019-10-07 02:20:22','2019-10-12 07:46:06',301),(688,'(UK-KP) Tom Sleigh',NULL,NULL,NULL,NULL,NULL,NULL,NULL,NULL,0,0,1,NULL,NULL,NULL,NULL,35,NULL,32,NULL,0,8516,136,1,NULL,NULL,0,NULL,'',0,0.00,0.00,NULL,NULL,'2019-10-07 02:21:39','2019-10-12 07:46:06',302),(689,'(UK-KP) Marco Zunarelli',NULL,NULL,NULL,NULL,NULL,NULL,NULL,NULL,0,0,1,NULL,NULL,NULL,NULL,35,NULL,32,NULL,0,8517,136,1,NULL,NULL,0,NULL,'',0,0.00,0.00,NULL,NULL,'2019-10-07 02:22:37','2019-10-12 07:46:06',303),(690,'(UK-KP) Eric Phiri',NULL,NULL,NULL,NULL,NULL,NULL,NULL,NULL,0,0,1,NULL,NULL,NULL,NULL,26,NULL,32,NULL,0,8518,135,1,NULL,NULL,0,NULL,'',0,0.00,0.00,NULL,NULL,'2019-10-07 02:24:39','2019-10-08 01:21:43',304),(691,'(UK-KP) Lewis Hu',NULL,NULL,NULL,NULL,NULL,NULL,NULL,NULL,0,0,1,NULL,NULL,NULL,NULL,26,NULL,32,NULL,0,8519,136,1,NULL,NULL,0,NULL,'',0,0.00,0.00,NULL,NULL,'2019-10-07 02:25:27','2019-10-08 01:21:46',305),(692,'(UK-KP) Adam Brown',NULL,NULL,NULL,NULL,NULL,NULL,NULL,NULL,0,0,1,NULL,NULL,NULL,NULL,26,NULL,32,NULL,0,8520,136,1,NULL,NULL,0,NULL,'',0,0.00,0.00,NULL,NULL,'2019-10-07 02:26:07','2019-10-08 01:21:49',306),(693,'(UK-KP) John Hernandez',NULL,NULL,NULL,NULL,NULL,NULL,NULL,NULL,0,0,1,NULL,NULL,NULL,NULL,26,NULL,32,NULL,0,8521,135,1,NULL,NULL,0,NULL,'',0,0.00,0.00,NULL,NULL,'2019-10-07 02:32:36','2019-10-08 01:21:51',506),(694,'(UK-KP) Pete Fox',NULL,NULL,NULL,NULL,NULL,NULL,NULL,NULL,0,0,1,NULL,NULL,NULL,NULL,26,NULL,32,NULL,0,8522,136,1,NULL,NULL,0,NULL,'',0,0.00,0.00,NULL,NULL,'2019-10-07 02:33:00','2019-10-08 01:21:53',307),(695,'(UK-KP) Nick Raptopoulos',NULL,NULL,NULL,NULL,NULL,NULL,NULL,NULL,0,0,1,NULL,NULL,NULL,NULL,26,NULL,32,NULL,0,8523,136,1,NULL,NULL,0,NULL,'',0,0.00,0.00,NULL,NULL,'2019-10-07 02:34:01','2019-10-08 01:21:56',308),(696,'(UK-KP) Nigel Clift',NULL,NULL,NULL,NULL,NULL,NULL,NULL,NULL,0,0,1,NULL,NULL,NULL,NULL,26,NULL,32,NULL,0,8524,136,1,NULL,NULL,0,NULL,'',0,0.00,0.00,NULL,NULL,'2019-10-07 02:34:35','2019-10-08 01:21:59',309),(697,'(UK-KP) Engin Kodal',NULL,NULL,NULL,NULL,NULL,NULL,NULL,NULL,0,0,1,NULL,NULL,NULL,NULL,26,NULL,32,NULL,0,8525,135,1,NULL,NULL,0,NULL,'',0,0.00,0.00,NULL,NULL,'2019-10-07 02:35:11','2019-10-08 01:22:01',310),(698,'(UK-KP) Bahar Kordi-Borojeni',NULL,NULL,NULL,NULL,NULL,NULL,NULL,NULL,0,0,1,NULL,NULL,NULL,NULL,26,NULL,32,NULL,0,8526,136,1,NULL,NULL,0,NULL,'',0,0.00,0.00,NULL,NULL,'2019-10-07 02:35:52','2019-10-08 01:22:04',311),(699,'(UK-KP) Pawel Zackiewicz',NULL,NULL,NULL,NULL,NULL,NULL,NULL,NULL,0,0,1,NULL,NULL,NULL,NULL,26,NULL,32,NULL,0,8527,136,1,NULL,NULL,0,NULL,'',0,0.00,0.00,NULL,NULL,'2019-10-07 02:36:24','2019-10-08 01:22:06',312),(700,'(UK-KP) Ivan Alonso',NULL,NULL,NULL,NULL,NULL,NULL,NULL,NULL,0,0,1,NULL,NULL,NULL,NULL,26,NULL,32,NULL,0,8528,136,1,NULL,NULL,0,NULL,'',0,0.00,0.00,NULL,NULL,'2019-10-07 02:36:56','2019-10-08 01:22:09',313),(701,'(UK-KP) Nick Le Bas',NULL,NULL,NULL,NULL,NULL,NULL,NULL,NULL,0,0,1,NULL,NULL,NULL,NULL,26,NULL,32,NULL,0,8529,136,1,NULL,NULL,0,NULL,'',0,0.00,0.00,NULL,NULL,'2019-10-07 02:37:31','2019-10-08 01:22:15',314),(702,'(UK-KP) Davide Orlandini',NULL,NULL,NULL,NULL,NULL,NULL,NULL,NULL,0,0,1,NULL,NULL,NULL,NULL,26,NULL,32,NULL,0,8530,136,1,NULL,NULL,0,NULL,'',0,0.00,0.00,NULL,NULL,'2019-10-07 02:38:12','2019-10-08 01:22:18',315),(703,'(UK-KP) Marc Montserrat',NULL,NULL,NULL,NULL,NULL,NULL,NULL,NULL,0,0,1,NULL,NULL,NULL,NULL,28,NULL,32,NULL,0,8531,135,1,NULL,NULL,0,NULL,'',0,0.00,0.00,NULL,NULL,'2019-10-07 02:39:11','2019-10-08 01:22:21',316),(704,'(UK-KP) Chanthu Theverajah',NULL,NULL,NULL,NULL,NULL,NULL,NULL,NULL,0,0,1,NULL,NULL,NULL,NULL,28,NULL,32,NULL,0,8532,135,1,NULL,NULL,0,NULL,'',0,0.00,0.00,NULL,NULL,'2019-10-07 02:39:59','2019-10-08 01:22:23',317),(705,'(UK-KP) Masood Khan',NULL,NULL,NULL,NULL,NULL,NULL,NULL,NULL,0,0,1,NULL,NULL,NULL,NULL,28,NULL,32,NULL,0,8533,NULL,1,NULL,NULL,0,NULL,'',0,0.00,0.00,NULL,NULL,'2019-10-07 02:40:36','2019-10-08 01:22:27',318),(706,'(UK-KP) Harmohan Sahota',NULL,NULL,NULL,NULL,NULL,NULL,NULL,NULL,0,0,1,NULL,NULL,NULL,NULL,28,NULL,32,NULL,0,8534,136,1,NULL,NULL,0,NULL,'',0,0.00,0.00,NULL,NULL,'2019-10-07 02:41:01','2019-10-08 01:22:30',319),(707,'(UK-KP) Ravish Foolchund',NULL,NULL,NULL,NULL,NULL,NULL,NULL,NULL,0,0,1,NULL,NULL,NULL,NULL,28,NULL,32,NULL,0,8535,136,1,NULL,NULL,0,NULL,'',0,0.00,0.00,NULL,NULL,'2019-10-07 02:41:30','2019-10-08 01:22:32',320),(708,'(CN-SON) Shawn Wen',NULL,NULL,NULL,NULL,NULL,NULL,NULL,NULL,0,0,1,NULL,NULL,NULL,NULL,9,NULL,12,NULL,0,12501,137,1,NULL,NULL,0,NULL,'',0,0.00,0.00,NULL,NULL,'2019-10-07 05:39:52','2019-10-08 09:09:42',387),(709,'(CN-SON) Echo Yin',NULL,NULL,NULL,NULL,NULL,NULL,NULL,NULL,0,0,1,NULL,NULL,NULL,NULL,9,NULL,12,NULL,0,12502,137,1,NULL,NULL,0,NULL,'',0,0.00,0.00,NULL,NULL,'2019-10-07 05:58:16','2019-10-08 09:09:42',388),(710,'(CN-SON) Wing Liang',NULL,NULL,NULL,NULL,NULL,NULL,NULL,NULL,0,0,1,NULL,NULL,NULL,NULL,9,NULL,12,NULL,0,12503,137,1,NULL,NULL,0,NULL,'',0,0.00,0.00,NULL,NULL,'2019-10-07 06:00:12','2019-10-08 09:09:42',389),(711,'(CN-SON) Susan Liu',NULL,NULL,NULL,NULL,NULL,NULL,NULL,NULL,0,0,1,NULL,NULL,NULL,NULL,9,NULL,12,NULL,0,12504,137,1,NULL,NULL,0,NULL,'',0,0.00,0.00,NULL,NULL,'2019-10-07 06:01:33','2019-10-08 09:09:42',390),(712,'(CN-SON) Vicky Gao',NULL,NULL,NULL,NULL,NULL,NULL,NULL,NULL,0,0,1,NULL,NULL,NULL,NULL,9,NULL,12,NULL,0,12505,137,1,NULL,NULL,0,NULL,'',0,0.00,0.00,NULL,NULL,'2019-10-07 06:06:32','2019-10-08 09:09:42',391),(713,'(CN-SON) Colin Yu',NULL,NULL,NULL,NULL,NULL,NULL,NULL,NULL,0,0,1,NULL,NULL,NULL,NULL,9,NULL,12,NULL,0,12506,137,1,NULL,NULL,0,NULL,'',0,0.00,0.00,NULL,NULL,'2019-10-07 06:08:11','2019-10-08 09:09:42',392),(714,'(CN-SON) Leal Xue',NULL,NULL,NULL,NULL,NULL,NULL,NULL,NULL,0,0,1,NULL,NULL,NULL,NULL,9,NULL,12,NULL,0,12507,137,1,NULL,NULL,0,NULL,'',0,0.00,0.00,NULL,NULL,'2019-10-07 06:09:15','2019-10-08 09:09:42',393),(715,'(CN-SON) Dean Hua',NULL,NULL,NULL,NULL,NULL,NULL,NULL,NULL,0,0,1,NULL,NULL,NULL,NULL,9,NULL,12,NULL,0,12508,137,1,NULL,NULL,0,NULL,'',0,0.00,0.00,NULL,NULL,'2019-10-07 06:10:33','2019-10-08 09:09:42',394),(716,'(DE-STU) Bernd Woerl',NULL,NULL,NULL,NULL,NULL,NULL,NULL,NULL,0,0,1,NULL,NULL,NULL,NULL,21,NULL,17,NULL,0,9501,140,1,NULL,NULL,0,NULL,'',0,0.00,0.00,NULL,NULL,'2019-10-07 06:17:12','2019-10-08 01:24:34',422),(717,'(DE-STU) Asim Shahzad',NULL,NULL,NULL,NULL,NULL,NULL,NULL,NULL,0,0,1,NULL,NULL,NULL,NULL,21,NULL,17,NULL,0,9502,140,1,NULL,NULL,0,NULL,'',0,0.00,0.00,NULL,NULL,'2019-10-07 06:17:46','2019-10-08 01:24:41',425),(718,'(DE-STU) Vladimir Eppel',NULL,NULL,NULL,NULL,NULL,NULL,NULL,NULL,0,0,1,NULL,NULL,NULL,NULL,21,NULL,17,NULL,0,9503,140,1,NULL,NULL,0,NULL,'',0,0.00,0.00,NULL,NULL,'2019-10-07 06:18:03','2019-10-08 01:24:51',426),(719,'(DE-STU) Devang Chauhan',NULL,NULL,NULL,NULL,NULL,NULL,NULL,NULL,0,0,1,NULL,NULL,NULL,NULL,21,NULL,17,NULL,0,9504,140,1,NULL,NULL,0,NULL,'',0,0.00,0.00,NULL,NULL,'2019-10-07 06:18:32','2019-10-08 01:25:00',427),(720,'(DE-STU) Ajit Phadtare',NULL,NULL,NULL,NULL,NULL,NULL,NULL,NULL,0,0,1,NULL,NULL,NULL,NULL,22,NULL,17,NULL,0,9505,140,1,NULL,NULL,0,NULL,'',0,0.00,0.00,NULL,NULL,'2019-10-07 06:19:50','2019-10-08 01:25:23',423),(721,'(DE-STU) Krume Ivanov',NULL,NULL,NULL,NULL,NULL,NULL,NULL,NULL,0,0,1,NULL,NULL,NULL,NULL,22,NULL,17,NULL,0,9506,140,1,NULL,NULL,0,NULL,'',0,0.00,0.00,NULL,NULL,'2019-10-07 06:20:05','2019-10-08 01:25:34',428),(722,'(DE-STU) Abdou Salifou',NULL,NULL,NULL,NULL,NULL,NULL,NULL,NULL,0,0,1,NULL,NULL,NULL,NULL,22,NULL,17,NULL,0,9507,140,1,NULL,NULL,0,NULL,'',0,0.00,0.00,NULL,NULL,'2019-10-07 06:20:24','2019-10-08 01:25:58',429),(723,'(CN-SON) James Qin',NULL,NULL,NULL,NULL,NULL,NULL,NULL,NULL,0,0,1,NULL,NULL,NULL,NULL,9,NULL,12,NULL,0,12509,137,1,NULL,NULL,0,NULL,'',0,0.00,0.00,NULL,NULL,'2019-10-07 06:26:24','2019-10-08 09:09:42',395),(724,'(CN-SON) Andy Xiong',NULL,NULL,NULL,NULL,NULL,NULL,NULL,NULL,0,0,1,NULL,NULL,NULL,NULL,9,NULL,12,NULL,0,12510,137,1,NULL,NULL,0,NULL,'',0,0.00,0.00,NULL,NULL,'2019-10-07 06:27:37','2019-10-08 09:09:42',396),(725,'(CN-SON) Denny Huang',NULL,NULL,NULL,NULL,NULL,NULL,NULL,NULL,0,0,1,NULL,NULL,NULL,NULL,9,NULL,12,NULL,0,12511,137,1,NULL,NULL,0,NULL,'',0,0.00,0.00,NULL,NULL,'2019-10-07 06:28:35','2019-10-08 09:09:42',397),(726,'(CN-SON) Gary Zhang',NULL,NULL,NULL,NULL,NULL,NULL,NULL,NULL,0,0,1,NULL,NULL,NULL,NULL,9,NULL,12,NULL,0,12512,137,1,NULL,NULL,0,NULL,'',0,0.00,0.00,NULL,NULL,'2019-10-07 06:29:45','2019-10-08 09:09:42',398),(727,'(CN-SON) Kebo Zhang',NULL,NULL,NULL,NULL,NULL,NULL,NULL,NULL,0,0,1,NULL,NULL,NULL,NULL,9,NULL,12,NULL,0,12513,137,1,NULL,NULL,0,NULL,'',0,0.00,0.00,NULL,NULL,'2019-10-07 06:31:21','2019-10-08 09:09:42',399),(728,'(CN-SON) Andy Wan',NULL,NULL,NULL,NULL,NULL,NULL,NULL,NULL,0,0,1,NULL,NULL,NULL,NULL,9,NULL,12,NULL,0,12514,137,1,NULL,NULL,0,NULL,'',0,0.00,0.00,NULL,NULL,'2019-10-07 06:32:33','2019-10-08 09:09:42',400),(729,'(CN-SON) Jacky Jiang',NULL,NULL,NULL,NULL,NULL,NULL,NULL,NULL,0,0,1,NULL,NULL,NULL,NULL,9,NULL,12,NULL,0,12515,137,1,NULL,NULL,0,NULL,'',0,0.00,0.00,NULL,NULL,'2019-10-07 06:33:29','2019-10-08 09:09:42',401),(730,'(CN-SON) Fanny Huang',NULL,NULL,NULL,NULL,NULL,NULL,NULL,NULL,0,0,1,NULL,NULL,NULL,NULL,9,NULL,12,NULL,0,12516,137,1,NULL,NULL,0,NULL,'',0,0.00,0.00,NULL,NULL,'2019-10-07 06:34:35','2019-10-08 09:09:42',402),(731,'(CN-SON) Desmond Li',NULL,NULL,NULL,NULL,NULL,NULL,NULL,NULL,0,0,1,NULL,NULL,NULL,NULL,9,NULL,12,NULL,0,12517,137,1,NULL,NULL,0,NULL,'',0,0.00,0.00,NULL,NULL,'2019-10-07 06:37:00','2019-10-08 09:09:42',403),(732,'(CN-SON) Mick Zhang',NULL,NULL,NULL,NULL,NULL,NULL,NULL,NULL,0,0,1,NULL,NULL,NULL,NULL,9,NULL,12,NULL,0,12518,137,1,NULL,NULL,0,NULL,'',0,0.00,0.00,NULL,NULL,'2019-10-07 06:38:05','2019-10-08 09:09:42',404),(733,'(CN-SON) Welbol Feng',NULL,NULL,NULL,NULL,NULL,NULL,NULL,NULL,0,0,1,NULL,NULL,NULL,NULL,9,NULL,12,NULL,0,12519,137,1,NULL,NULL,0,NULL,'',0,0.00,0.00,NULL,NULL,'2019-10-07 06:39:42','2019-10-08 09:09:42',405),(734,'(CN-SON) Zain Zhong',NULL,NULL,NULL,NULL,NULL,NULL,NULL,NULL,0,0,1,NULL,NULL,NULL,NULL,9,NULL,12,NULL,0,12520,137,1,NULL,NULL,0,NULL,'',0,0.00,0.00,NULL,NULL,'2019-10-07 06:40:55','2019-10-08 09:09:42',406),(735,'(CN-SON) Rui Wang',NULL,NULL,NULL,NULL,NULL,NULL,NULL,NULL,0,0,1,NULL,NULL,NULL,NULL,9,NULL,12,NULL,0,12521,137,1,NULL,NULL,0,NULL,'',0,0.00,0.00,NULL,NULL,'2019-10-07 06:42:00','2019-10-08 09:09:42',407),(736,'(CN-SON) Leon Lin',NULL,NULL,NULL,NULL,NULL,NULL,NULL,NULL,0,0,1,NULL,NULL,NULL,NULL,9,NULL,12,NULL,0,12522,137,1,NULL,NULL,0,NULL,'',0,0.00,0.00,NULL,NULL,'2019-10-07 06:43:25','2019-10-08 09:09:42',408),(737,'(CN-SON) Ziliang Lu',NULL,NULL,NULL,NULL,NULL,NULL,NULL,NULL,0,0,1,NULL,NULL,NULL,NULL,9,NULL,12,NULL,0,12523,137,1,NULL,NULL,0,NULL,'',0,0.00,0.00,NULL,NULL,'2019-10-07 06:45:12','2019-10-08 09:09:42',409),(738,'(CN-SON) Jason Liu',NULL,NULL,NULL,NULL,NULL,NULL,NULL,NULL,0,0,1,NULL,NULL,NULL,NULL,9,NULL,12,NULL,0,12524,137,1,NULL,NULL,0,NULL,'',0,0.00,0.00,NULL,NULL,'2019-10-07 06:47:26','2019-10-08 09:09:42',410),(748,'(KR-SU) Geunbeom Jang',NULL,NULL,NULL,NULL,NULL,NULL,NULL,NULL,0,0,1,NULL,NULL,NULL,NULL,2,NULL,8,NULL,0,10501,139,1,NULL,NULL,0,NULL,'',0,0.00,0.00,NULL,NULL,'2019-10-07 07:04:21','2019-10-17 01:14:10',335),(749,'(KR-SU) Hyeyoung Kim',NULL,NULL,NULL,NULL,NULL,NULL,NULL,NULL,0,0,1,NULL,NULL,NULL,NULL,2,NULL,8,NULL,0,10502,139,1,NULL,NULL,0,NULL,'',0,0.00,0.00,NULL,NULL,'2019-10-07 07:04:48','2019-10-17 01:14:14',336),(750,'(TW-HSI) Stanley Wu',NULL,NULL,NULL,NULL,NULL,NULL,NULL,NULL,0,0,1,NULL,NULL,NULL,NULL,7,NULL,9,NULL,0,11506,138,1,NULL,NULL,0,NULL,'',0,0.00,0.00,NULL,NULL,'2019-10-07 07:05:12','2019-10-16 05:09:18',412),(752,'(KR-SU) Jaehyun Oh',NULL,NULL,NULL,NULL,NULL,NULL,NULL,NULL,0,0,1,NULL,NULL,NULL,NULL,2,NULL,8,NULL,0,10503,139,1,NULL,NULL,0,NULL,'',0,0.00,0.00,NULL,NULL,'2019-10-07 07:05:55','2019-10-17 01:14:18',337),(753,'(KR-SU) JiHyeon Park',NULL,NULL,NULL,NULL,NULL,NULL,NULL,NULL,0,0,1,NULL,NULL,NULL,NULL,2,NULL,8,NULL,0,10504,139,1,NULL,NULL,0,NULL,'',0,0.00,0.00,NULL,NULL,'2019-10-07 07:06:23','2019-10-17 01:14:23',338),(754,'(TW-HSI) Dylan Yang',NULL,NULL,NULL,NULL,NULL,NULL,NULL,NULL,0,0,1,NULL,NULL,NULL,NULL,7,NULL,9,NULL,0,11507,138,1,NULL,NULL,0,NULL,'',0,0.00,0.00,NULL,NULL,'2019-10-07 07:06:29','2019-10-16 05:09:35',415),(755,'(KR-SU) Sieun Park',NULL,NULL,NULL,NULL,NULL,NULL,NULL,NULL,0,0,1,NULL,NULL,NULL,NULL,2,NULL,8,NULL,0,10505,139,1,NULL,NULL,0,NULL,'',0,0.00,0.00,NULL,NULL,'2019-10-07 07:06:52','2019-10-17 01:14:29',339),(756,'(KR-SU) Seokhwan Hong',NULL,NULL,NULL,NULL,NULL,NULL,NULL,NULL,0,0,1,NULL,NULL,NULL,NULL,2,NULL,8,NULL,0,10506,139,1,NULL,NULL,0,NULL,'',0,0.00,0.00,NULL,NULL,'2019-10-07 07:07:17','2019-10-17 01:14:36',340),(757,'(TW-HSI) Howard Kao',NULL,NULL,NULL,NULL,NULL,NULL,NULL,NULL,0,0,1,NULL,NULL,NULL,NULL,7,NULL,9,NULL,0,11508,138,1,NULL,NULL,0,NULL,'',0,0.00,0.00,NULL,NULL,'2019-10-07 07:07:29','2019-10-16 05:09:50',418),(759,'(TW-HSI) Will Chen',NULL,NULL,NULL,NULL,NULL,NULL,NULL,NULL,0,0,1,NULL,NULL,NULL,NULL,7,NULL,9,NULL,0,11509,138,1,NULL,NULL,0,NULL,'',0,0.00,0.00,NULL,NULL,'2019-10-07 07:09:03','2019-10-16 05:09:59',419),(760,'(TW-HSI) Wayne Chen',NULL,NULL,NULL,NULL,NULL,NULL,NULL,NULL,0,0,1,NULL,NULL,NULL,NULL,7,NULL,9,NULL,0,11510,138,1,NULL,NULL,0,NULL,'',0,0.00,0.00,NULL,NULL,'2019-10-07 07:10:47','2019-10-16 05:10:07',420),(761,'(KR-SU) Sungeun Lee',NULL,NULL,NULL,NULL,NULL,NULL,NULL,NULL,0,0,1,NULL,NULL,NULL,NULL,2,NULL,8,NULL,0,10507,139,1,NULL,NULL,0,NULL,'',0,0.00,0.00,NULL,NULL,'2019-10-07 07:10:59','2019-10-17 01:14:42',341),(762,'(KR-SU) Yeonhee Lim',NULL,NULL,NULL,NULL,NULL,NULL,NULL,NULL,0,0,1,NULL,NULL,NULL,NULL,2,NULL,8,NULL,0,10508,139,1,NULL,NULL,0,NULL,'',0,0.00,0.00,NULL,NULL,'2019-10-07 07:11:24','2019-10-17 01:14:46',342),(765,'(KR-SU) Dexter Yun',NULL,NULL,NULL,NULL,NULL,NULL,NULL,NULL,0,0,1,NULL,NULL,NULL,NULL,2,NULL,8,NULL,0,10509,139,1,NULL,NULL,0,NULL,'',0,0.00,0.00,NULL,NULL,'2019-10-07 07:12:15','2019-10-17 01:14:52',343),(766,'(KR-SU) Eunji Choi',NULL,NULL,NULL,NULL,NULL,NULL,NULL,NULL,0,0,1,NULL,NULL,NULL,NULL,2,NULL,8,NULL,0,10510,139,1,NULL,NULL,0,NULL,'',0,0.00,0.00,NULL,NULL,'2019-10-07 07:12:43','2019-10-17 01:15:01',344),(767,'(KR-SU) Seungyeon Kim',NULL,NULL,NULL,NULL,NULL,NULL,NULL,NULL,0,0,1,NULL,NULL,NULL,NULL,2,NULL,8,NULL,0,10511,139,1,NULL,NULL,0,NULL,'',0,0.00,0.00,NULL,NULL,'2019-10-07 07:13:17','2019-10-17 01:16:20',345),(769,'(KR-SU) SangHwa Lee',NULL,NULL,NULL,NULL,NULL,NULL,NULL,NULL,0,0,1,NULL,NULL,NULL,NULL,2,NULL,8,NULL,0,10512,139,1,NULL,NULL,0,NULL,'',0,0.00,0.00,NULL,NULL,'2019-10-07 07:14:30','2019-10-17 01:16:24',346),(770,'(KR-SU) SeongGon Lee',NULL,NULL,NULL,NULL,NULL,NULL,NULL,NULL,0,0,1,NULL,NULL,NULL,NULL,2,NULL,8,NULL,0,10513,NULL,1,NULL,NULL,0,NULL,'',0,0.00,0.00,NULL,NULL,'2019-10-07 07:14:58','2019-10-17 01:16:30',347),(772,'(KR-SU) Jeongyeon Won',NULL,NULL,NULL,NULL,NULL,NULL,NULL,NULL,0,0,1,NULL,NULL,NULL,NULL,2,NULL,8,NULL,0,10514,139,1,NULL,NULL,0,NULL,'',0,0.00,0.00,NULL,NULL,'2019-10-07 07:15:44','2019-10-17 01:16:34',348),(773,'(KR-SU) Eunhee Yang',NULL,NULL,NULL,NULL,NULL,NULL,NULL,NULL,0,0,1,NULL,NULL,NULL,NULL,2,NULL,8,NULL,0,10515,NULL,1,NULL,NULL,0,NULL,'',0,0.00,0.00,NULL,NULL,'2019-10-07 07:16:12','2019-10-17 01:16:39',349),(774,'(KR-SU) Anthony Kim',NULL,NULL,NULL,NULL,NULL,NULL,NULL,NULL,0,0,1,NULL,NULL,NULL,NULL,2,NULL,8,NULL,0,10516,139,1,NULL,NULL,0,NULL,'',0,0.00,0.00,NULL,NULL,'2019-10-07 07:16:30','2019-10-17 01:16:45',350),(775,'(KR-SU) Neo Lee',NULL,NULL,NULL,NULL,NULL,NULL,NULL,NULL,0,0,1,NULL,NULL,NULL,NULL,2,NULL,8,NULL,0,10517,139,1,NULL,NULL,0,NULL,'',0,0.00,0.00,NULL,NULL,'2019-10-07 07:16:52','2019-10-17 01:16:49',351),(776,'(KR-SU) Robby Lee',NULL,NULL,NULL,NULL,NULL,NULL,NULL,NULL,0,0,1,NULL,NULL,NULL,NULL,2,NULL,8,NULL,0,10518,139,1,NULL,NULL,0,NULL,'',0,0.00,0.00,NULL,NULL,'2019-10-07 07:17:20','2019-10-17 01:16:55',352),(777,'(TW-HSI) Waternil Guan',NULL,NULL,NULL,NULL,NULL,NULL,NULL,NULL,0,0,1,NULL,NULL,NULL,NULL,7,NULL,9,NULL,0,11511,138,1,NULL,NULL,0,NULL,'',0,0.00,0.00,NULL,NULL,'2019-10-08 02:47:54','2019-10-16 05:10:14',421),(778,'(JP-KAS) Atsushi Takahashi',NULL,NULL,NULL,NULL,NULL,NULL,NULL,NULL,0,0,1,NULL,NULL,NULL,NULL,18,NULL,23,NULL,0,2506,129,1,NULL,NULL,0,NULL,'',0,0.00,0.00,NULL,NULL,'2019-10-08 02:49:14','2019-10-08 05:54:35',50),(779,'(UK-KP) RPT Holiday',NULL,NULL,NULL,NULL,NULL,NULL,NULL,NULL,0,0,1,NULL,NULL,NULL,NULL,35,NULL,32,NULL,0,0,NULL,1,NULL,NULL,0,NULL,'',0,0.00,0.00,NULL,NULL,'2019-10-10 14:55:21','2019-10-12 07:46:05',NULL),(780,'(TW-HSI) Roy Chen',NULL,NULL,NULL,NULL,NULL,NULL,NULL,NULL,0,0,1,NULL,NULL,NULL,NULL,6,NULL,9,NULL,0,11501,138,1,NULL,NULL,0,NULL,'',0,0.00,0.00,NULL,NULL,'2019-10-17 01:24:17','2019-10-17 01:24:49',411),(781,'(TW-HSI) Hank Yang',NULL,NULL,NULL,NULL,NULL,NULL,NULL,NULL,0,0,1,NULL,NULL,NULL,NULL,6,NULL,9,NULL,0,11502,138,1,NULL,NULL,0,NULL,'',0,0.00,0.00,NULL,NULL,'2019-10-17 01:26:38','2019-10-17 01:27:16',413),(782,'(TW-HSI) Edison Lin',NULL,NULL,NULL,NULL,NULL,NULL,NULL,NULL,0,0,1,NULL,NULL,NULL,NULL,6,NULL,9,NULL,0,11503,138,1,NULL,NULL,0,NULL,'',0,0.00,0.00,NULL,NULL,'2019-10-17 01:29:07','2019-10-17 01:29:23',416),(783,'(TW-HSI) Eric Fan',NULL,NULL,NULL,NULL,NULL,NULL,NULL,NULL,0,0,1,NULL,NULL,NULL,NULL,6,NULL,9,NULL,0,11504,138,1,NULL,NULL,0,NULL,'',0,0.00,0.00,NULL,NULL,'2019-10-17 01:30:40','2019-10-17 01:31:11',417),(784,'(TW-HSI) Sky Zhou',NULL,NULL,NULL,NULL,NULL,NULL,NULL,NULL,0,0,1,NULL,NULL,NULL,NULL,8,NULL,9,NULL,0,11505,138,1,NULL,NULL,0,NULL,'',0,0.00,0.00,NULL,NULL,'2019-10-17 01:35:53','2019-10-17 01:37:26',414),(785,'(TW-HSI) San Lin',NULL,NULL,NULL,NULL,NULL,NULL,NULL,NULL,0,0,1,NULL,NULL,NULL,NULL,8,NULL,9,NULL,0,11512,138,1,NULL,NULL,0,NULL,'',0,0.00,0.00,NULL,NULL,'2019-10-17 02:07:11','2019-10-17 02:07:47',509),(786,'(US-NBK) Sean Drobinski',NULL,NULL,NULL,NULL,NULL,NULL,NULL,NULL,0,0,1,NULL,NULL,NULL,NULL,32,NULL,44,NULL,0,7507,126,1,NULL,NULL,0,NULL,'',0,0.00,0.00,NULL,NULL,'2019-10-22 09:28:30','2019-10-22 09:46:14',510);
/*!40000 ALTER TABLE `resources` ENABLE KEYS */;
UNLOCK TABLES;

--
-- Table structure for table `roles`
--

DROP TABLE IF EXISTS `roles`;
/*!40101 SET @saved_cs_client     = @@character_set_client */;
/*!40101 SET character_set_client = utf8 */;
CREATE TABLE `roles` (
  `role_id` tinyint(2) unsigned NOT NULL,
  `name` varchar(85) DEFAULT NULL,
  `role_level` tinyint(2) unsigned DEFAULT NULL,
  PRIMARY KEY (`role_id`)
) ENGINE=InnoDB DEFAULT CHARSET=utf8;
/*!40101 SET character_set_client = @saved_cs_client */;

--
-- Dumping data for table `roles`
--

LOCK TABLES `roles` WRITE;
/*!40000 ALTER TABLE `roles` DISABLE KEYS */;
INSERT INTO `roles` VALUES (1,'Group Admin',1),(2,'Application Admin',2),(3,'Resource Admin',3),(4,'Schedule Admin',4);
/*!40000 ALTER TABLE `roles` ENABLE KEYS */;
UNLOCK TABLES;

--
-- Table structure for table `saved_reports`
--

DROP TABLE IF EXISTS `saved_reports`;
/*!40101 SET @saved_cs_client     = @@character_set_client */;
/*!40101 SET character_set_client = utf8 */;
CREATE TABLE `saved_reports` (
  `saved_report_id` mediumint(8) unsigned NOT NULL AUTO_INCREMENT,
  `report_name` varchar(50) DEFAULT NULL,
  `user_id` mediumint(8) unsigned NOT NULL,
  `date_created` datetime NOT NULL,
  `report_details` varchar(500) NOT NULL,
  PRIMARY KEY (`saved_report_id`),
  KEY `user_id` (`user_id`),
  CONSTRAINT `saved_reports_ibfk_1` FOREIGN KEY (`user_id`) REFERENCES `users` (`user_id`) ON DELETE CASCADE
) ENGINE=InnoDB DEFAULT CHARSET=utf8;
/*!40101 SET character_set_client = @saved_cs_client */;

--
-- Dumping data for table `saved_reports`
--

LOCK TABLES `saved_reports` WRITE;
/*!40000 ALTER TABLE `saved_reports` DISABLE KEYS */;
/*!40000 ALTER TABLE `saved_reports` ENABLE KEYS */;
UNLOCK TABLES;

--
-- Table structure for table `schedules`
--

DROP TABLE IF EXISTS `schedules`;
/*!40101 SET @saved_cs_client     = @@character_set_client */;
/*!40101 SET character_set_client = utf8 */;
CREATE TABLE `schedules` (
  `schedule_id` smallint(5) unsigned NOT NULL AUTO_INCREMENT,
  `name` varchar(85) NOT NULL,
  `isdefault` tinyint(1) unsigned NOT NULL,
  `weekdaystart` tinyint(2) unsigned NOT NULL,
  `daysvisible` tinyint(2) unsigned NOT NULL DEFAULT '7',
  `layout_id` mediumint(8) unsigned NOT NULL,
  `legacyid` char(16) DEFAULT NULL,
  `public_id` varchar(20) DEFAULT NULL,
  `allow_calendar_subscription` tinyint(1) NOT NULL DEFAULT '0',
  `admin_group_id` smallint(5) unsigned DEFAULT NULL,
  `start_date` datetime DEFAULT NULL,
  `end_date` datetime DEFAULT NULL,
  `allow_concurrent_bookings` tinyint(1) unsigned NOT NULL DEFAULT '0',
  `default_layout` tinyint(4) NOT NULL DEFAULT '0',
  PRIMARY KEY (`schedule_id`),
  UNIQUE KEY `public_id` (`public_id`),
  KEY `layout_id` (`layout_id`),
  KEY `schedules_groups_admin_group_id` (`admin_group_id`),
  CONSTRAINT `schedules_groups_admin_group_id` FOREIGN KEY (`admin_group_id`) REFERENCES `groups` (`group_id`) ON DELETE SET NULL,
  CONSTRAINT `schedules_ibfk_1` FOREIGN KEY (`layout_id`) REFERENCES `layouts` (`layout_id`) ON DELETE CASCADE ON UPDATE CASCADE
) ENGINE=InnoDB AUTO_INCREMENT=36 DEFAULT CHARSET=utf8;
/*!40101 SET character_set_client = @saved_cs_client */;

--
-- Dumping data for table `schedules`
--

LOCK TABLES `schedules` WRITE;
/*!40000 ALTER TABLE `schedules` DISABLE KEYS */;
INSERT INTO `schedules` VALUES (1,'Default',0,0,7,1,NULL,NULL,0,1,NULL,NULL,0,0),(2,'KR-SU Schedule',0,0,7,68,NULL,NULL,0,8,NULL,NULL,0,0),(6,'TW-HSI EMC Schedule',0,1,6,86,NULL,NULL,0,9,NULL,NULL,0,0),(7,'TW-HSI RF Schedule',0,1,6,87,NULL,NULL,0,9,NULL,NULL,0,0),(8,'TW-HSI SAR Schedule',0,1,6,88,NULL,NULL,0,9,NULL,NULL,0,0),(9,'CN-SON EMC Schedule',0,1,7,49,NULL,NULL,0,12,NULL,NULL,0,0),(10,'CN-SON RF Schedule',0,1,7,55,NULL,NULL,0,12,NULL,NULL,0,0),(11,'CN-SON OTA Schedule',0,1,7,51,NULL,NULL,0,12,NULL,NULL,0,0),(12,'CN-SON SAR Schedule',0,1,7,56,NULL,NULL,0,12,NULL,NULL,0,0),(13,'CN-SON QC Schedule',0,1,7,53,NULL,NULL,0,12,NULL,NULL,0,0),(14,'CN-SON Qi Schedule',0,1,7,54,NULL,NULL,0,12,NULL,NULL,0,0),(15,'CN-SON NAC Schedule',0,1,7,50,NULL,NULL,0,12,NULL,NULL,0,0),(16,'CN-SON PWB Schedule',0,1,7,52,NULL,NULL,0,12,NULL,NULL,0,0),(17,'JP-ATC ATC Lab Schedule',0,100,7,81,NULL,NULL,0,20,NULL,NULL,0,0),(18,'JP-KAS Kashima EMC Lab Schedule',0,100,7,83,NULL,NULL,0,23,NULL,NULL,0,0),(19,'JP-SHO Shonan EMC Lab Schedule',0,100,7,84,NULL,NULL,0,26,NULL,NULL,0,0),(20,'JP-YOK Yokowa EMC Lab Schedule',0,100,7,85,NULL,NULL,0,29,NULL,NULL,0,0),(21,'DE-STU EMC Schedule',0,1,7,61,NULL,NULL,0,17,NULL,NULL,0,0),(22,'DE-STU Radio Schedule',0,1,7,62,NULL,NULL,0,17,NULL,NULL,0,0),(23,'US-FRE EMC Schedule',0,100,7,40,NULL,NULL,0,34,NULL,NULL,0,0),(24,'US-FRE Innovations Schedule',0,100,7,43,NULL,NULL,0,34,NULL,NULL,0,0),(25,'US-FRE OTA Schedule',0,100,7,42,NULL,NULL,0,34,NULL,NULL,0,0),(26,'UK-KP EMC Schedule',1,1,7,72,NULL,NULL,0,32,NULL,NULL,0,0),(28,'UK-KP SAR Schedule',0,1,7,34,NULL,NULL,0,32,NULL,NULL,0,0),(29,'JP-ISE EMC LAB Schedule',0,1,7,82,NULL,NULL,0,41,NULL,NULL,0,0),(30,'US-RTPW EMC Schedule',0,100,7,59,NULL,NULL,0,37,NULL,NULL,0,0),(31,'US-RTPW MOR Wireless Schedule',0,100,7,73,NULL,NULL,0,37,NULL,NULL,0,0),(32,'US-NBK EMC Schedule',0,1,7,74,NULL,NULL,0,44,NULL,NULL,0,0),(35,'UK-KP RPT Schedule',0,1,7,34,NULL,NULL,0,32,NULL,NULL,0,0);
/*!40000 ALTER TABLE `schedules` ENABLE KEYS */;
UNLOCK TABLES;

--
-- Table structure for table `terms_of_service`
--

DROP TABLE IF EXISTS `terms_of_service`;
/*!40101 SET @saved_cs_client     = @@character_set_client */;
/*!40101 SET character_set_client = utf8 */;
CREATE TABLE `terms_of_service` (
  `terms_of_service_id` int(10) unsigned NOT NULL AUTO_INCREMENT,
  `terms_text` text,
  `terms_url` varchar(255) DEFAULT NULL,
  `terms_file` varchar(50) DEFAULT NULL,
  `applicability` varchar(50) DEFAULT NULL,
  `date_created` datetime NOT NULL,
  PRIMARY KEY (`terms_of_service_id`)
) ENGINE=InnoDB DEFAULT CHARSET=utf8;
/*!40101 SET character_set_client = @saved_cs_client */;

--
-- Dumping data for table `terms_of_service`
--

LOCK TABLES `terms_of_service` WRITE;
/*!40000 ALTER TABLE `terms_of_service` DISABLE KEYS */;
/*!40000 ALTER TABLE `terms_of_service` ENABLE KEYS */;
UNLOCK TABLES;

--
-- Table structure for table `time_blocks`
--

DROP TABLE IF EXISTS `time_blocks`;
/*!40101 SET @saved_cs_client     = @@character_set_client */;
/*!40101 SET character_set_client = utf8 */;
CREATE TABLE `time_blocks` (
  `block_id` mediumint(8) unsigned NOT NULL AUTO_INCREMENT,
  `label` varchar(85) DEFAULT NULL,
  `end_label` varchar(85) DEFAULT NULL,
  `availability_code` tinyint(2) unsigned NOT NULL,
  `layout_id` mediumint(8) unsigned NOT NULL,
  `start_time` time NOT NULL,
  `end_time` time NOT NULL,
  `day_of_week` smallint(5) unsigned DEFAULT NULL,
  PRIMARY KEY (`block_id`),
  KEY `layout_id` (`layout_id`),
  CONSTRAINT `time_blocks_ibfk_1` FOREIGN KEY (`layout_id`) REFERENCES `layouts` (`layout_id`) ON DELETE CASCADE ON UPDATE CASCADE
) ENGINE=InnoDB AUTO_INCREMENT=1929 DEFAULT CHARSET=utf8;
/*!40101 SET character_set_client = @saved_cs_client */;

--
-- Dumping data for table `time_blocks`
--

LOCK TABLES `time_blocks` WRITE;
/*!40000 ALTER TABLE `time_blocks` DISABLE KEYS */;
INSERT INTO `time_blocks` VALUES (1,NULL,NULL,2,1,'00:00:00','08:00:00',NULL),(2,NULL,NULL,1,1,'08:00:00','08:30:00',NULL),(3,NULL,NULL,1,1,'08:30:00','09:00:00',NULL),(4,NULL,NULL,1,1,'09:00:00','09:30:00',NULL),(5,NULL,NULL,1,1,'09:30:00','10:00:00',NULL),(6,NULL,NULL,1,1,'10:00:00','10:30:00',NULL),(7,NULL,NULL,1,1,'10:30:00','11:00:00',NULL),(8,NULL,NULL,1,1,'11:00:00','11:30:00',NULL),(9,NULL,NULL,1,1,'11:30:00','12:00:00',NULL),(10,NULL,NULL,1,1,'12:00:00','12:30:00',NULL),(11,NULL,NULL,1,1,'12:30:00','13:00:00',NULL),(12,NULL,NULL,1,1,'13:00:00','13:30:00',NULL),(13,NULL,NULL,1,1,'13:30:00','14:00:00',NULL),(14,NULL,NULL,1,1,'14:00:00','14:30:00',NULL),(15,NULL,NULL,1,1,'14:30:00','15:00:00',NULL),(16,NULL,NULL,1,1,'15:00:00','15:30:00',NULL),(17,NULL,NULL,1,1,'15:30:00','16:00:00',NULL),(18,NULL,NULL,1,1,'16:00:00','16:30:00',NULL),(19,NULL,NULL,1,1,'16:30:00','17:00:00',NULL),(20,NULL,NULL,1,1,'17:00:00','17:30:00',NULL),(21,NULL,NULL,1,1,'17:30:00','18:00:00',NULL),(22,NULL,NULL,2,1,'18:00:00','00:00:00',NULL),(670,NULL,NULL,1,34,'00:00:00','04:00:00',NULL),(671,NULL,NULL,1,34,'04:00:00','08:00:00',NULL),(672,NULL,NULL,1,34,'08:00:00','12:00:00',NULL),(673,NULL,NULL,1,34,'12:00:00','16:00:00',NULL),(674,NULL,NULL,1,34,'16:00:00','20:00:00',NULL),(675,NULL,NULL,1,34,'20:00:00','00:00:00',NULL),(807,NULL,NULL,1,40,'00:00:00','04:00:00',NULL),(808,NULL,NULL,1,40,'04:00:00','08:00:00',NULL),(809,NULL,NULL,1,40,'08:00:00','12:00:00',NULL),(810,NULL,NULL,1,40,'12:00:00','16:00:00',NULL),(811,NULL,NULL,1,40,'16:00:00','20:00:00',NULL),(812,NULL,NULL,1,40,'20:00:00','00:00:00',NULL),(832,NULL,NULL,2,42,'00:00:00','07:00:00',NULL),(833,NULL,NULL,1,42,'07:00:00','08:00:00',NULL),(834,NULL,NULL,1,42,'08:00:00','09:00:00',NULL),(835,NULL,NULL,1,42,'09:00:00','10:00:00',NULL),(836,NULL,NULL,1,42,'10:00:00','11:00:00',NULL),(837,NULL,NULL,1,42,'11:00:00','12:00:00',NULL),(838,NULL,NULL,1,42,'12:00:00','13:00:00',NULL),(839,NULL,NULL,1,42,'13:00:00','14:00:00',NULL),(840,NULL,NULL,1,42,'14:00:00','15:00:00',NULL),(841,NULL,NULL,1,42,'15:00:00','16:00:00',NULL),(842,NULL,NULL,1,42,'16:00:00','17:00:00',NULL),(843,NULL,NULL,1,42,'17:00:00','18:00:00',NULL),(844,NULL,NULL,1,42,'18:00:00','19:00:00',NULL),(845,NULL,NULL,1,42,'19:00:00','20:00:00',NULL),(846,NULL,NULL,1,42,'20:00:00','21:00:00',NULL),(847,NULL,NULL,1,42,'21:00:00','22:00:00',NULL),(848,NULL,NULL,1,42,'22:00:00','23:00:00',NULL),(849,NULL,NULL,1,42,'23:00:00','00:00:00',NULL),(850,NULL,NULL,2,43,'00:00:00','09:30:00',NULL),(851,NULL,NULL,1,43,'09:30:00','10:00:00',NULL),(852,NULL,NULL,1,43,'10:00:00','10:30:00',NULL),(853,NULL,NULL,1,43,'10:30:00','11:00:00',NULL),(854,NULL,NULL,1,43,'11:00:00','11:30:00',NULL),(855,NULL,NULL,1,43,'11:30:00','12:00:00',NULL),(856,NULL,NULL,1,43,'12:00:00','12:30:00',NULL),(857,NULL,NULL,1,43,'12:30:00','13:00:00',NULL),(858,NULL,NULL,1,43,'13:00:00','13:30:00',NULL),(859,NULL,NULL,1,43,'13:30:00','14:00:00',NULL),(860,NULL,NULL,1,43,'14:00:00','14:30:00',NULL),(861,NULL,NULL,1,43,'14:30:00','15:00:00',NULL),(862,NULL,NULL,1,43,'15:00:00','15:30:00',NULL),(863,NULL,NULL,1,43,'15:30:00','16:00:00',NULL),(864,NULL,NULL,1,43,'16:00:00','16:30:00',NULL),(865,NULL,NULL,1,43,'16:30:00','17:00:00',NULL),(866,NULL,NULL,1,43,'17:00:00','17:30:00',NULL),(867,NULL,NULL,1,43,'17:30:00','18:00:00',NULL),(868,NULL,NULL,2,43,'18:00:00','00:00:00',NULL),(1036,NULL,NULL,2,49,'00:00:00','08:00:00',NULL),(1037,NULL,NULL,1,49,'08:00:00','12:00:00',NULL),(1038,NULL,NULL,1,49,'12:00:00','16:00:00',NULL),(1039,NULL,NULL,1,49,'16:00:00','20:00:00',NULL),(1040,NULL,NULL,1,49,'20:00:00','00:00:00',NULL),(1041,NULL,NULL,2,50,'00:00:00','08:00:00',NULL),(1042,NULL,NULL,1,50,'08:00:00','12:00:00',NULL),(1043,NULL,NULL,1,50,'12:00:00','16:00:00',NULL),(1044,NULL,NULL,1,50,'16:00:00','20:00:00',NULL),(1045,NULL,NULL,1,50,'20:00:00','00:00:00',NULL),(1046,NULL,NULL,2,51,'00:00:00','08:00:00',NULL),(1047,NULL,NULL,1,51,'08:00:00','12:00:00',NULL),(1048,NULL,NULL,1,51,'12:00:00','16:00:00',NULL),(1049,NULL,NULL,1,51,'16:00:00','20:00:00',NULL),(1050,NULL,NULL,1,51,'20:00:00','00:00:00',NULL),(1051,NULL,NULL,2,52,'00:00:00','08:00:00',NULL),(1052,NULL,NULL,1,52,'08:00:00','12:00:00',NULL),(1053,NULL,NULL,1,52,'12:00:00','16:00:00',NULL),(1054,NULL,NULL,1,52,'16:00:00','20:00:00',NULL),(1055,NULL,NULL,1,52,'20:00:00','00:00:00',NULL),(1056,NULL,NULL,2,53,'00:00:00','08:00:00',NULL),(1057,NULL,NULL,1,53,'08:00:00','12:00:00',NULL),(1058,NULL,NULL,1,53,'12:00:00','16:00:00',NULL),(1059,NULL,NULL,1,53,'16:00:00','20:00:00',NULL),(1060,NULL,NULL,1,53,'20:00:00','00:00:00',NULL),(1061,NULL,NULL,2,54,'00:00:00','08:00:00',NULL),(1062,NULL,NULL,1,54,'08:00:00','12:00:00',NULL),(1063,NULL,NULL,1,54,'12:00:00','16:00:00',NULL),(1064,NULL,NULL,1,54,'16:00:00','20:00:00',NULL),(1065,NULL,NULL,1,54,'20:00:00','00:00:00',NULL),(1066,NULL,NULL,2,55,'00:00:00','08:00:00',NULL),(1067,NULL,NULL,1,55,'08:00:00','12:00:00',NULL),(1068,NULL,NULL,1,55,'12:00:00','16:00:00',NULL),(1069,NULL,NULL,1,55,'16:00:00','20:00:00',NULL),(1070,NULL,NULL,1,55,'20:00:00','00:00:00',NULL),(1071,NULL,NULL,2,56,'00:00:00','08:00:00',NULL),(1072,NULL,NULL,1,56,'08:00:00','12:00:00',NULL),(1073,NULL,NULL,1,56,'12:00:00','16:00:00',NULL),(1074,NULL,NULL,1,56,'16:00:00','20:00:00',NULL),(1075,NULL,NULL,1,56,'20:00:00','00:00:00',NULL),(1084,NULL,NULL,2,59,'00:00:00','08:00:00',NULL),(1085,NULL,NULL,1,59,'08:00:00','10:00:00',NULL),(1086,NULL,NULL,1,59,'10:00:00','12:00:00',NULL),(1087,NULL,NULL,1,59,'12:00:00','14:00:00',NULL),(1088,NULL,NULL,1,59,'14:00:00','16:00:00',NULL),(1089,NULL,NULL,1,59,'16:00:00','18:00:00',NULL),(1090,NULL,NULL,1,59,'18:00:00','20:00:00',NULL),(1091,NULL,NULL,1,59,'20:00:00','22:00:00',NULL),(1092,NULL,NULL,1,59,'22:00:00','00:00:00',NULL),(1093,NULL,NULL,2,59,'23:00:00','00:00:00',NULL),(1143,NULL,NULL,2,61,'00:00:00','06:00:00',NULL),(1144,NULL,NULL,1,61,'06:00:00','08:00:00',NULL),(1145,NULL,NULL,1,61,'08:00:00','12:00:00',NULL),(1146,NULL,NULL,1,61,'12:00:00','16:00:00',NULL),(1147,NULL,NULL,1,61,'16:00:00','18:00:00',NULL),(1148,NULL,NULL,1,61,'18:00:00','21:00:00',NULL),(1149,NULL,NULL,2,61,'21:00:00','00:00:00',NULL),(1150,NULL,NULL,2,62,'00:00:00','06:00:00',NULL),(1151,NULL,NULL,1,62,'06:00:00','08:00:00',NULL),(1152,NULL,NULL,1,62,'08:00:00','12:00:00',NULL),(1153,NULL,NULL,1,62,'12:00:00','16:00:00',NULL),(1154,NULL,NULL,1,62,'16:00:00','18:00:00',NULL),(1155,NULL,NULL,1,62,'18:00:00','21:00:00',NULL),(1156,NULL,NULL,2,62,'21:00:00','00:00:00',NULL),(1177,NULL,NULL,1,68,'00:00:00','01:00:00',NULL),(1178,NULL,NULL,1,68,'01:00:00','02:00:00',NULL),(1179,NULL,NULL,1,68,'02:00:00','03:00:00',NULL),(1180,NULL,NULL,1,68,'03:00:00','04:00:00',NULL),(1181,NULL,NULL,1,68,'04:00:00','05:00:00',NULL),(1182,NULL,NULL,1,68,'05:00:00','06:00:00',NULL),(1183,NULL,NULL,1,68,'06:00:00','07:00:00',NULL),(1184,NULL,NULL,1,68,'07:00:00','08:00:00',NULL),(1185,NULL,NULL,1,68,'08:00:00','09:00:00',NULL),(1186,NULL,NULL,1,68,'09:00:00','10:00:00',NULL),(1187,NULL,NULL,1,68,'10:00:00','11:00:00',NULL),(1188,NULL,NULL,1,68,'11:00:00','12:00:00',NULL),(1189,NULL,NULL,1,68,'12:00:00','13:00:00',NULL),(1190,NULL,NULL,1,68,'13:00:00','14:00:00',NULL),(1191,NULL,NULL,1,68,'14:00:00','15:00:00',NULL),(1192,NULL,NULL,1,68,'15:00:00','16:00:00',NULL),(1193,NULL,NULL,1,68,'16:00:00','17:00:00',NULL),(1194,NULL,NULL,1,68,'17:00:00','18:00:00',NULL),(1195,NULL,NULL,1,68,'18:00:00','19:00:00',NULL),(1196,NULL,NULL,1,68,'19:00:00','20:00:00',NULL),(1197,NULL,NULL,1,68,'20:00:00','21:00:00',NULL),(1198,NULL,NULL,1,68,'21:00:00','22:00:00',NULL),(1199,NULL,NULL,1,68,'22:00:00','23:00:00',NULL),(1200,NULL,NULL,2,68,'23:00:00','00:00:00',NULL),(1201,NULL,NULL,1,69,'00:00:00','01:00:00',NULL),(1202,NULL,NULL,1,69,'01:00:00','02:00:00',NULL),(1203,NULL,NULL,1,69,'02:00:00','03:00:00',NULL),(1204,NULL,NULL,1,69,'03:00:00','04:00:00',NULL),(1205,NULL,NULL,1,69,'04:00:00','05:00:00',NULL),(1206,NULL,NULL,1,69,'05:00:00','06:00:00',NULL),(1207,NULL,NULL,1,69,'06:00:00','07:00:00',NULL),(1208,NULL,NULL,1,69,'07:00:00','08:00:00',NULL),(1209,NULL,NULL,1,69,'08:00:00','09:00:00',NULL),(1210,NULL,NULL,1,69,'09:00:00','10:00:00',NULL),(1211,NULL,NULL,1,69,'10:00:00','11:00:00',NULL),(1212,NULL,NULL,1,69,'11:00:00','12:00:00',NULL),(1213,NULL,NULL,1,69,'12:00:00','13:00:00',NULL),(1214,NULL,NULL,1,69,'13:00:00','14:00:00',NULL),(1215,NULL,NULL,1,69,'14:00:00','15:00:00',NULL),(1216,NULL,NULL,1,69,'15:00:00','16:00:00',NULL),(1217,NULL,NULL,1,69,'16:00:00','17:00:00',NULL),(1218,NULL,NULL,1,69,'17:00:00','18:00:00',NULL),(1219,NULL,NULL,1,69,'18:00:00','19:00:00',NULL),(1220,NULL,NULL,1,69,'19:00:00','20:00:00',NULL),(1221,NULL,NULL,1,69,'20:00:00','21:00:00',NULL),(1222,NULL,NULL,1,69,'21:00:00','22:00:00',NULL),(1223,NULL,NULL,1,69,'22:00:00','23:00:00',NULL),(1224,NULL,NULL,1,69,'23:00:00','00:00:00',NULL),(1225,NULL,NULL,1,70,'00:00:00','01:00:00',NULL),(1226,NULL,NULL,1,70,'01:00:00','02:00:00',NULL),(1227,NULL,NULL,1,70,'02:00:00','03:00:00',NULL),(1228,NULL,NULL,1,70,'03:00:00','04:00:00',NULL),(1229,NULL,NULL,1,70,'04:00:00','05:00:00',NULL),(1230,NULL,NULL,1,70,'05:00:00','06:00:00',NULL),(1231,NULL,NULL,1,70,'06:00:00','07:00:00',NULL),(1232,NULL,NULL,1,70,'07:00:00','08:00:00',NULL),(1233,NULL,NULL,1,70,'08:00:00','09:00:00',NULL),(1234,NULL,NULL,1,70,'09:00:00','10:00:00',NULL),(1235,NULL,NULL,1,70,'10:00:00','11:00:00',NULL),(1236,NULL,NULL,1,70,'11:00:00','12:00:00',NULL),(1237,NULL,NULL,1,70,'12:00:00','13:00:00',NULL),(1238,NULL,NULL,1,70,'13:00:00','14:00:00',NULL),(1239,NULL,NULL,1,70,'14:00:00','15:00:00',NULL),(1240,NULL,NULL,1,70,'15:00:00','16:00:00',NULL),(1241,NULL,NULL,1,70,'16:00:00','17:00:00',NULL),(1242,NULL,NULL,1,70,'17:00:00','18:00:00',NULL),(1243,NULL,NULL,1,70,'18:00:00','19:00:00',NULL),(1244,NULL,NULL,1,70,'19:00:00','20:00:00',NULL),(1245,NULL,NULL,1,70,'20:00:00','21:00:00',NULL),(1246,NULL,NULL,1,70,'21:00:00','22:00:00',NULL),(1247,NULL,NULL,1,70,'22:00:00','23:00:00',NULL),(1248,NULL,NULL,1,70,'23:00:00','00:00:00',NULL),(1249,NULL,NULL,1,71,'00:00:00','01:00:00',NULL),(1250,NULL,NULL,1,71,'01:00:00','02:00:00',NULL),(1251,NULL,NULL,1,71,'02:00:00','03:00:00',NULL),(1252,NULL,NULL,1,71,'03:00:00','04:00:00',NULL),(1253,NULL,NULL,1,71,'04:00:00','05:00:00',NULL),(1254,NULL,NULL,1,71,'05:00:00','06:00:00',NULL),(1255,NULL,NULL,1,71,'06:00:00','07:00:00',NULL),(1256,NULL,NULL,1,71,'07:00:00','08:00:00',NULL),(1257,NULL,NULL,1,71,'08:00:00','09:00:00',NULL),(1258,NULL,NULL,1,71,'09:00:00','10:00:00',NULL),(1259,NULL,NULL,1,71,'10:00:00','11:00:00',NULL),(1260,NULL,NULL,1,71,'11:00:00','12:00:00',NULL),(1261,NULL,NULL,1,71,'12:00:00','13:00:00',NULL),(1262,NULL,NULL,1,71,'13:00:00','14:00:00',NULL),(1263,NULL,NULL,1,71,'14:00:00','15:00:00',NULL),(1264,NULL,NULL,1,71,'15:00:00','16:00:00',NULL),(1265,NULL,NULL,1,71,'16:00:00','17:00:00',NULL),(1266,NULL,NULL,1,71,'17:00:00','18:00:00',NULL),(1267,NULL,NULL,1,71,'18:00:00','19:00:00',NULL),(1268,NULL,NULL,1,71,'19:00:00','20:00:00',NULL),(1269,NULL,NULL,1,71,'20:00:00','21:00:00',NULL),(1270,NULL,NULL,1,71,'21:00:00','22:00:00',NULL),(1271,NULL,NULL,1,71,'22:00:00','23:00:00',NULL),(1272,NULL,NULL,1,71,'23:00:00','00:00:00',NULL),(1273,NULL,NULL,1,72,'00:00:00','00:45:00',NULL),(1274,NULL,NULL,2,72,'00:45:00','04:45:00',NULL),(1275,NULL,NULL,1,72,'04:45:00','08:15:00',NULL),(1276,NULL,NULL,2,72,'08:15:00','08:45:00',NULL),(1277,NULL,NULL,1,72,'08:45:00','12:15:00',NULL),(1278,NULL,NULL,2,72,'12:15:00','13:15:00',NULL),(1279,NULL,NULL,1,72,'13:15:00','16:45:00',NULL),(1280,NULL,NULL,2,72,'16:45:00','17:15:00',NULL),(1281,NULL,NULL,1,72,'17:15:00','20:45:00',NULL),(1282,NULL,NULL,2,72,'20:45:00','21:15:00',NULL),(1283,NULL,NULL,1,72,'21:15:00','00:00:00',NULL),(1284,NULL,NULL,1,73,'00:00:00','04:00:00',NULL),(1285,NULL,NULL,1,73,'04:00:00','08:00:00',NULL),(1286,NULL,NULL,1,73,'08:00:00','12:00:00',NULL),(1287,NULL,NULL,1,73,'12:00:00','16:00:00',NULL),(1288,NULL,NULL,1,73,'16:00:00','20:00:00',NULL),(1289,NULL,NULL,1,73,'20:00:00','00:00:00',NULL),(1290,NULL,NULL,1,74,'00:00:00','07:00:00',NULL),(1291,NULL,NULL,1,74,'07:00:00','11:00:00',NULL),(1292,NULL,NULL,1,74,'11:00:00','15:00:00',NULL),(1293,NULL,NULL,1,74,'15:00:00','19:00:00',NULL),(1294,NULL,NULL,1,74,'19:00:00','00:00:00',NULL),(1311,NULL,NULL,2,81,'00:00:00','08:30:00',NULL),(1312,NULL,NULL,1,81,'08:30:00','18:00:00',NULL),(1313,NULL,NULL,1,81,'18:00:00','00:00:00',NULL),(1314,NULL,NULL,2,82,'00:00:00','08:30:00',NULL),(1315,NULL,NULL,1,82,'08:30:00','18:00:00',NULL),(1316,NULL,NULL,1,82,'18:00:00','00:00:00',NULL),(1317,NULL,NULL,2,83,'00:00:00','08:30:00',NULL),(1318,NULL,NULL,1,83,'08:30:00','18:00:00',NULL),(1319,NULL,NULL,1,83,'18:00:00','00:00:00',NULL),(1320,NULL,NULL,2,84,'00:00:00','08:30:00',NULL),(1321,NULL,NULL,1,84,'08:30:00','18:00:00',NULL),(1322,NULL,NULL,1,84,'18:00:00','00:00:00',NULL),(1323,NULL,NULL,2,85,'00:00:00','08:30:00',NULL),(1324,NULL,NULL,1,85,'08:30:00','18:00:00',NULL),(1325,NULL,NULL,1,85,'18:00:00','00:00:00',NULL),(1326,NULL,NULL,2,86,'00:00:00','00:00:00',0),(1327,NULL,NULL,2,86,'00:00:00','08:30:00',1),(1328,NULL,NULL,1,86,'08:30:00','09:00:00',1),(1329,NULL,NULL,1,86,'09:00:00','09:30:00',1),(1330,NULL,NULL,1,86,'09:30:00','10:00:00',1),(1331,NULL,NULL,1,86,'10:00:00','10:30:00',1),(1332,NULL,NULL,1,86,'10:30:00','11:00:00',1),(1333,NULL,NULL,1,86,'11:00:00','11:30:00',1),(1334,NULL,NULL,1,86,'11:30:00','12:00:00',1),(1335,NULL,NULL,1,86,'12:00:00','12:30:00',1),(1336,NULL,NULL,1,86,'12:30:00','13:00:00',1),(1337,NULL,NULL,1,86,'13:00:00','13:30:00',1),(1338,NULL,NULL,1,86,'13:30:00','14:00:00',1),(1339,NULL,NULL,1,86,'14:00:00','14:30:00',1),(1340,NULL,NULL,1,86,'14:30:00','15:00:00',1),(1341,NULL,NULL,1,86,'15:00:00','15:30:00',1),(1342,NULL,NULL,1,86,'15:30:00','16:00:00',1),(1343,NULL,NULL,1,86,'16:00:00','16:30:00',1),(1344,NULL,NULL,1,86,'16:30:00','17:00:00',1),(1345,NULL,NULL,1,86,'17:00:00','17:30:00',1),(1346,NULL,NULL,1,86,'17:30:00','18:00:00',1),(1347,NULL,NULL,1,86,'18:00:00','18:30:00',1),(1348,NULL,NULL,1,86,'18:30:00','19:00:00',1),(1349,NULL,NULL,1,86,'19:00:00','19:30:00',1),(1350,NULL,NULL,1,86,'19:30:00','20:00:00',1),(1351,NULL,NULL,1,86,'20:00:00','20:30:00',1),(1352,NULL,NULL,1,86,'20:30:00','21:00:00',1),(1353,NULL,NULL,1,86,'21:00:00','21:30:00',1),(1354,NULL,NULL,1,86,'21:30:00','22:00:00',1),(1355,NULL,NULL,1,86,'22:00:00','22:30:00',1),(1356,NULL,NULL,1,86,'22:30:00','23:00:00',1),(1357,NULL,NULL,1,86,'23:00:00','23:30:00',1),(1358,NULL,NULL,1,86,'23:30:00','00:00:00',1),(1359,NULL,NULL,2,86,'00:00:00','08:30:00',2),(1360,NULL,NULL,1,86,'08:30:00','09:00:00',2),(1361,NULL,NULL,1,86,'09:00:00','09:30:00',2),(1362,NULL,NULL,1,86,'09:30:00','10:00:00',2),(1363,NULL,NULL,1,86,'10:00:00','10:30:00',2),(1364,NULL,NULL,1,86,'10:30:00','11:00:00',2),(1365,NULL,NULL,1,86,'11:00:00','11:30:00',2),(1366,NULL,NULL,1,86,'11:30:00','12:00:00',2),(1367,NULL,NULL,1,86,'12:00:00','12:30:00',2),(1368,NULL,NULL,1,86,'12:30:00','13:00:00',2),(1369,NULL,NULL,1,86,'13:00:00','13:30:00',2),(1370,NULL,NULL,1,86,'13:30:00','14:00:00',2),(1371,NULL,NULL,1,86,'14:00:00','14:30:00',2),(1372,NULL,NULL,1,86,'14:30:00','15:00:00',2),(1373,NULL,NULL,1,86,'15:00:00','15:30:00',2),(1374,NULL,NULL,1,86,'15:30:00','16:00:00',2),(1375,NULL,NULL,1,86,'16:00:00','16:30:00',2),(1376,NULL,NULL,1,86,'16:30:00','17:00:00',2),(1377,NULL,NULL,1,86,'17:00:00','17:30:00',2),(1378,NULL,NULL,1,86,'17:30:00','18:00:00',2),(1379,NULL,NULL,1,86,'18:00:00','18:30:00',2),(1380,NULL,NULL,1,86,'18:30:00','19:00:00',2),(1381,NULL,NULL,1,86,'19:00:00','19:30:00',2),(1382,NULL,NULL,1,86,'19:30:00','20:00:00',2),(1383,NULL,NULL,1,86,'20:00:00','20:30:00',2),(1384,NULL,NULL,1,86,'20:30:00','21:00:00',2),(1385,NULL,NULL,1,86,'21:00:00','21:30:00',2),(1386,NULL,NULL,1,86,'21:30:00','22:00:00',2),(1387,NULL,NULL,1,86,'22:00:00','22:30:00',2),(1388,NULL,NULL,1,86,'22:30:00','23:00:00',2),(1389,NULL,NULL,1,86,'23:00:00','23:30:00',2),(1390,NULL,NULL,1,86,'23:30:00','00:00:00',2),(1391,NULL,NULL,2,86,'00:00:00','08:30:00',3),(1392,NULL,NULL,1,86,'08:30:00','09:00:00',3),(1393,NULL,NULL,1,86,'09:00:00','09:30:00',3),(1394,NULL,NULL,1,86,'09:30:00','10:00:00',3),(1395,NULL,NULL,1,86,'10:00:00','10:30:00',3),(1396,NULL,NULL,1,86,'10:30:00','11:00:00',3),(1397,NULL,NULL,1,86,'11:00:00','11:30:00',3),(1398,NULL,NULL,1,86,'11:30:00','12:00:00',3),(1399,NULL,NULL,1,86,'12:00:00','12:30:00',3),(1400,NULL,NULL,1,86,'12:30:00','13:00:00',3),(1401,NULL,NULL,1,86,'13:00:00','13:30:00',3),(1402,NULL,NULL,1,86,'13:30:00','14:00:00',3),(1403,NULL,NULL,1,86,'14:00:00','14:30:00',3),(1404,NULL,NULL,1,86,'14:30:00','15:00:00',3),(1405,NULL,NULL,1,86,'15:00:00','15:30:00',3),(1406,NULL,NULL,1,86,'15:30:00','16:00:00',3),(1407,NULL,NULL,1,86,'16:00:00','16:30:00',3),(1408,NULL,NULL,1,86,'16:30:00','17:00:00',3),(1409,NULL,NULL,1,86,'17:00:00','17:30:00',3),(1410,NULL,NULL,1,86,'17:30:00','18:00:00',3),(1411,NULL,NULL,1,86,'18:00:00','18:30:00',3),(1412,NULL,NULL,1,86,'18:30:00','19:00:00',3),(1413,NULL,NULL,1,86,'19:00:00','19:30:00',3),(1414,NULL,NULL,1,86,'19:30:00','20:00:00',3),(1415,NULL,NULL,1,86,'20:00:00','20:30:00',3),(1416,NULL,NULL,1,86,'20:30:00','21:00:00',3),(1417,NULL,NULL,1,86,'21:00:00','21:30:00',3),(1418,NULL,NULL,1,86,'21:30:00','22:00:00',3),(1419,NULL,NULL,1,86,'22:00:00','22:30:00',3),(1420,NULL,NULL,1,86,'22:30:00','23:00:00',3),(1421,NULL,NULL,1,86,'23:00:00','23:30:00',3),(1422,NULL,NULL,1,86,'23:30:00','00:00:00',3),(1423,NULL,NULL,2,86,'00:00:00','08:30:00',4),(1424,NULL,NULL,1,86,'08:30:00','09:00:00',4),(1425,NULL,NULL,1,86,'09:00:00','09:30:00',4),(1426,NULL,NULL,1,86,'09:30:00','10:00:00',4),(1427,NULL,NULL,1,86,'10:00:00','10:30:00',4),(1428,NULL,NULL,1,86,'10:30:00','11:00:00',4),(1429,NULL,NULL,1,86,'11:00:00','11:30:00',4),(1430,NULL,NULL,1,86,'11:30:00','12:00:00',4),(1431,NULL,NULL,1,86,'12:00:00','12:30:00',4),(1432,NULL,NULL,1,86,'12:30:00','13:00:00',4),(1433,NULL,NULL,1,86,'13:00:00','13:30:00',4),(1434,NULL,NULL,1,86,'13:30:00','14:00:00',4),(1435,NULL,NULL,1,86,'14:00:00','14:30:00',4),(1436,NULL,NULL,1,86,'14:30:00','15:00:00',4),(1437,NULL,NULL,1,86,'15:00:00','15:30:00',4),(1438,NULL,NULL,1,86,'15:30:00','16:00:00',4),(1439,NULL,NULL,1,86,'16:00:00','16:30:00',4),(1440,NULL,NULL,1,86,'16:30:00','17:00:00',4),(1441,NULL,NULL,1,86,'17:00:00','17:30:00',4),(1442,NULL,NULL,1,86,'17:30:00','18:00:00',4),(1443,NULL,NULL,1,86,'18:00:00','18:30:00',4),(1444,NULL,NULL,1,86,'18:30:00','19:00:00',4),(1445,NULL,NULL,1,86,'19:00:00','19:30:00',4),(1446,NULL,NULL,1,86,'19:30:00','20:00:00',4),(1447,NULL,NULL,1,86,'20:00:00','20:30:00',4),(1448,NULL,NULL,1,86,'20:30:00','21:00:00',4),(1449,NULL,NULL,1,86,'21:00:00','21:30:00',4),(1450,NULL,NULL,1,86,'21:30:00','22:00:00',4),(1451,NULL,NULL,1,86,'22:00:00','22:30:00',4),(1452,NULL,NULL,1,86,'22:30:00','23:00:00',4),(1453,NULL,NULL,1,86,'23:00:00','23:30:00',4),(1454,NULL,NULL,1,86,'23:30:00','00:00:00',4),(1455,NULL,NULL,2,86,'00:00:00','08:30:00',5),(1456,NULL,NULL,1,86,'08:30:00','09:00:00',5),(1457,NULL,NULL,1,86,'09:00:00','09:30:00',5),(1458,NULL,NULL,1,86,'09:30:00','10:00:00',5),(1459,NULL,NULL,1,86,'10:00:00','10:30:00',5),(1460,NULL,NULL,1,86,'10:30:00','11:00:00',5),(1461,NULL,NULL,1,86,'11:00:00','11:30:00',5),(1462,NULL,NULL,1,86,'11:30:00','12:00:00',5),(1463,NULL,NULL,1,86,'12:00:00','12:30:00',5),(1464,NULL,NULL,1,86,'12:30:00','13:00:00',5),(1465,NULL,NULL,1,86,'13:00:00','13:30:00',5),(1466,NULL,NULL,1,86,'13:30:00','14:00:00',5),(1467,NULL,NULL,1,86,'14:00:00','14:30:00',5),(1468,NULL,NULL,1,86,'14:30:00','15:00:00',5),(1469,NULL,NULL,1,86,'15:00:00','15:30:00',5),(1470,NULL,NULL,1,86,'15:30:00','16:00:00',5),(1471,NULL,NULL,1,86,'16:00:00','16:30:00',5),(1472,NULL,NULL,1,86,'16:30:00','17:00:00',5),(1473,NULL,NULL,1,86,'17:00:00','17:30:00',5),(1474,NULL,NULL,1,86,'17:30:00','18:00:00',5),(1475,NULL,NULL,1,86,'18:00:00','18:30:00',5),(1476,NULL,NULL,1,86,'18:30:00','19:00:00',5),(1477,NULL,NULL,1,86,'19:00:00','19:30:00',5),(1478,NULL,NULL,1,86,'19:30:00','20:00:00',5),(1479,NULL,NULL,1,86,'20:00:00','20:30:00',5),(1480,NULL,NULL,1,86,'20:30:00','21:00:00',5),(1481,NULL,NULL,1,86,'21:00:00','21:30:00',5),(1482,NULL,NULL,1,86,'21:30:00','22:00:00',5),(1483,NULL,NULL,1,86,'22:00:00','22:30:00',5),(1484,NULL,NULL,1,86,'22:30:00','23:00:00',5),(1485,NULL,NULL,1,86,'23:00:00','23:30:00',5),(1486,NULL,NULL,1,86,'23:30:00','00:00:00',5),(1487,NULL,NULL,2,86,'00:00:00','08:30:00',6),(1488,NULL,NULL,1,86,'08:30:00','09:00:00',6),(1489,NULL,NULL,1,86,'09:00:00','09:30:00',6),(1490,NULL,NULL,1,86,'09:30:00','10:00:00',6),(1491,NULL,NULL,1,86,'10:00:00','10:30:00',6),(1492,NULL,NULL,1,86,'10:30:00','11:00:00',6),(1493,NULL,NULL,1,86,'11:00:00','11:30:00',6),(1494,NULL,NULL,1,86,'11:30:00','12:00:00',6),(1495,NULL,NULL,1,86,'12:00:00','12:30:00',6),(1496,NULL,NULL,1,86,'12:30:00','13:00:00',6),(1497,NULL,NULL,1,86,'13:00:00','13:30:00',6),(1498,NULL,NULL,1,86,'13:30:00','14:00:00',6),(1499,NULL,NULL,1,86,'14:00:00','14:30:00',6),(1500,NULL,NULL,1,86,'14:30:00','15:00:00',6),(1501,NULL,NULL,1,86,'15:00:00','15:30:00',6),(1502,NULL,NULL,1,86,'15:30:00','16:00:00',6),(1503,NULL,NULL,1,86,'16:00:00','16:30:00',6),(1504,NULL,NULL,1,86,'16:30:00','17:00:00',6),(1505,NULL,NULL,1,86,'17:00:00','17:30:00',6),(1506,NULL,NULL,1,86,'17:30:00','18:00:00',6),(1507,NULL,NULL,1,86,'18:00:00','18:30:00',6),(1508,NULL,NULL,1,86,'18:30:00','19:00:00',6),(1509,NULL,NULL,1,86,'19:00:00','19:30:00',6),(1510,NULL,NULL,1,86,'19:30:00','20:00:00',6),(1511,NULL,NULL,1,86,'20:00:00','20:30:00',6),(1512,NULL,NULL,1,86,'20:30:00','21:00:00',6),(1513,NULL,NULL,1,86,'21:00:00','21:30:00',6),(1514,NULL,NULL,1,86,'21:30:00','22:00:00',6),(1515,NULL,NULL,1,86,'22:00:00','22:30:00',6),(1516,NULL,NULL,2,86,'22:30:00','00:00:00',6),(1517,NULL,NULL,2,87,'00:00:00','00:00:00',0),(1518,NULL,NULL,2,87,'00:00:00','08:30:00',1),(1519,NULL,NULL,1,87,'08:30:00','09:00:00',1),(1520,NULL,NULL,1,87,'09:00:00','09:30:00',1),(1521,NULL,NULL,1,87,'09:30:00','10:00:00',1),(1522,NULL,NULL,1,87,'10:00:00','10:30:00',1),(1523,NULL,NULL,1,87,'10:30:00','11:00:00',1),(1524,NULL,NULL,1,87,'11:00:00','11:30:00',1),(1525,NULL,NULL,1,87,'11:30:00','12:00:00',1),(1526,NULL,NULL,1,87,'12:00:00','12:30:00',1),(1527,NULL,NULL,1,87,'12:30:00','13:00:00',1),(1528,NULL,NULL,1,87,'13:00:00','13:30:00',1),(1529,NULL,NULL,1,87,'13:30:00','14:00:00',1),(1530,NULL,NULL,1,87,'14:00:00','14:30:00',1),(1531,NULL,NULL,1,87,'14:30:00','15:00:00',1),(1532,NULL,NULL,1,87,'15:00:00','15:30:00',1),(1533,NULL,NULL,1,87,'15:30:00','16:00:00',1),(1534,NULL,NULL,1,87,'16:00:00','16:30:00',1),(1535,NULL,NULL,1,87,'16:30:00','17:00:00',1),(1536,NULL,NULL,1,87,'17:00:00','17:30:00',1),(1537,NULL,NULL,1,87,'17:30:00','18:00:00',1),(1538,NULL,NULL,1,87,'18:00:00','18:30:00',1),(1539,NULL,NULL,1,87,'18:30:00','19:00:00',1),(1540,NULL,NULL,1,87,'19:00:00','19:30:00',1),(1541,NULL,NULL,1,87,'19:30:00','20:00:00',1),(1542,NULL,NULL,1,87,'20:00:00','20:30:00',1),(1543,NULL,NULL,1,87,'20:30:00','21:00:00',1),(1544,NULL,NULL,1,87,'21:00:00','21:30:00',1),(1545,NULL,NULL,1,87,'21:30:00','22:00:00',1),(1546,NULL,NULL,1,87,'22:00:00','22:30:00',1),(1547,NULL,NULL,1,87,'22:30:00','23:00:00',1),(1548,NULL,NULL,1,87,'23:00:00','23:30:00',1),(1549,NULL,NULL,1,87,'23:30:00','00:00:00',1),(1550,NULL,NULL,2,87,'00:00:00','08:30:00',2),(1551,NULL,NULL,1,87,'08:30:00','09:00:00',2),(1552,NULL,NULL,1,87,'09:00:00','09:30:00',2),(1553,NULL,NULL,1,87,'09:30:00','10:00:00',2),(1554,NULL,NULL,1,87,'10:00:00','10:30:00',2),(1555,NULL,NULL,1,87,'10:30:00','11:00:00',2),(1556,NULL,NULL,1,87,'11:00:00','11:30:00',2),(1557,NULL,NULL,1,87,'11:30:00','12:00:00',2),(1558,NULL,NULL,1,87,'12:00:00','12:30:00',2),(1559,NULL,NULL,1,87,'12:30:00','13:00:00',2),(1560,NULL,NULL,1,87,'13:00:00','13:30:00',2),(1561,NULL,NULL,1,87,'13:30:00','14:00:00',2),(1562,NULL,NULL,1,87,'14:00:00','14:30:00',2),(1563,NULL,NULL,1,87,'14:30:00','15:00:00',2),(1564,NULL,NULL,1,87,'15:00:00','15:30:00',2),(1565,NULL,NULL,1,87,'15:30:00','16:00:00',2),(1566,NULL,NULL,1,87,'16:00:00','16:30:00',2),(1567,NULL,NULL,1,87,'16:30:00','17:00:00',2),(1568,NULL,NULL,1,87,'17:00:00','17:30:00',2),(1569,NULL,NULL,1,87,'17:30:00','18:00:00',2),(1570,NULL,NULL,1,87,'18:00:00','18:30:00',2),(1571,NULL,NULL,1,87,'18:30:00','19:00:00',2),(1572,NULL,NULL,1,87,'19:00:00','19:30:00',2),(1573,NULL,NULL,1,87,'19:30:00','20:00:00',2),(1574,NULL,NULL,1,87,'20:00:00','20:30:00',2),(1575,NULL,NULL,1,87,'20:30:00','21:00:00',2),(1576,NULL,NULL,1,87,'21:00:00','21:30:00',2),(1577,NULL,NULL,1,87,'21:30:00','22:00:00',2),(1578,NULL,NULL,1,87,'22:00:00','22:30:00',2),(1579,NULL,NULL,1,87,'22:30:00','23:00:00',2),(1580,NULL,NULL,1,87,'23:00:00','23:30:00',2),(1581,NULL,NULL,1,87,'23:30:00','00:00:00',2),(1582,NULL,NULL,2,87,'00:00:00','08:30:00',3),(1583,NULL,NULL,1,87,'08:30:00','09:00:00',3),(1584,NULL,NULL,1,87,'09:00:00','09:30:00',3),(1585,NULL,NULL,1,87,'09:30:00','10:00:00',3),(1586,NULL,NULL,1,87,'10:00:00','10:30:00',3),(1587,NULL,NULL,1,87,'10:30:00','11:00:00',3),(1588,NULL,NULL,1,87,'11:00:00','11:30:00',3),(1589,NULL,NULL,1,87,'11:30:00','12:00:00',3),(1590,NULL,NULL,1,87,'12:00:00','12:30:00',3),(1591,NULL,NULL,1,87,'12:30:00','13:00:00',3),(1592,NULL,NULL,1,87,'13:00:00','13:30:00',3),(1593,NULL,NULL,1,87,'13:30:00','14:00:00',3),(1594,NULL,NULL,1,87,'14:00:00','14:30:00',3),(1595,NULL,NULL,1,87,'14:30:00','15:00:00',3),(1596,NULL,NULL,1,87,'15:00:00','15:30:00',3),(1597,NULL,NULL,1,87,'15:30:00','16:00:00',3),(1598,NULL,NULL,1,87,'16:00:00','16:30:00',3),(1599,NULL,NULL,1,87,'16:30:00','17:00:00',3),(1600,NULL,NULL,1,87,'17:00:00','17:30:00',3),(1601,NULL,NULL,1,87,'17:30:00','18:00:00',3),(1602,NULL,NULL,1,87,'18:00:00','18:30:00',3),(1603,NULL,NULL,1,87,'18:30:00','19:00:00',3),(1604,NULL,NULL,1,87,'19:00:00','19:30:00',3),(1605,NULL,NULL,1,87,'19:30:00','20:00:00',3),(1606,NULL,NULL,1,87,'20:00:00','20:30:00',3),(1607,NULL,NULL,1,87,'20:30:00','21:00:00',3),(1608,NULL,NULL,1,87,'21:00:00','21:30:00',3),(1609,NULL,NULL,1,87,'21:30:00','22:00:00',3),(1610,NULL,NULL,1,87,'22:00:00','22:30:00',3),(1611,NULL,NULL,1,87,'22:30:00','23:00:00',3),(1612,NULL,NULL,1,87,'23:00:00','23:30:00',3),(1613,NULL,NULL,1,87,'23:30:00','00:00:00',3),(1614,NULL,NULL,2,87,'00:00:00','08:30:00',4),(1615,NULL,NULL,1,87,'08:30:00','09:00:00',4),(1616,NULL,NULL,1,87,'09:00:00','09:30:00',4),(1617,NULL,NULL,1,87,'09:30:00','10:00:00',4),(1618,NULL,NULL,1,87,'10:00:00','10:30:00',4),(1619,NULL,NULL,1,87,'10:30:00','11:00:00',4),(1620,NULL,NULL,1,87,'11:00:00','11:30:00',4),(1621,NULL,NULL,1,87,'11:30:00','12:00:00',4),(1622,NULL,NULL,1,87,'12:00:00','12:30:00',4),(1623,NULL,NULL,1,87,'12:30:00','13:00:00',4),(1624,NULL,NULL,1,87,'13:00:00','13:30:00',4),(1625,NULL,NULL,1,87,'13:30:00','14:00:00',4),(1626,NULL,NULL,1,87,'14:00:00','14:30:00',4),(1627,NULL,NULL,1,87,'14:30:00','15:00:00',4),(1628,NULL,NULL,1,87,'15:00:00','15:30:00',4),(1629,NULL,NULL,1,87,'15:30:00','16:00:00',4),(1630,NULL,NULL,1,87,'16:00:00','16:30:00',4),(1631,NULL,NULL,1,87,'16:30:00','17:00:00',4),(1632,NULL,NULL,1,87,'17:00:00','17:30:00',4),(1633,NULL,NULL,1,87,'17:30:00','18:00:00',4),(1634,NULL,NULL,1,87,'18:00:00','18:30:00',4),(1635,NULL,NULL,1,87,'18:30:00','19:00:00',4),(1636,NULL,NULL,1,87,'19:00:00','19:30:00',4),(1637,NULL,NULL,1,87,'19:30:00','20:00:00',4),(1638,NULL,NULL,1,87,'20:00:00','20:30:00',4),(1639,NULL,NULL,1,87,'20:30:00','21:00:00',4),(1640,NULL,NULL,1,87,'21:00:00','21:30:00',4),(1641,NULL,NULL,1,87,'21:30:00','22:00:00',4),(1642,NULL,NULL,1,87,'22:00:00','22:30:00',4),(1643,NULL,NULL,1,87,'22:30:00','23:00:00',4),(1644,NULL,NULL,1,87,'23:00:00','23:30:00',4),(1645,NULL,NULL,1,87,'23:30:00','00:00:00',4),(1646,NULL,NULL,2,87,'00:00:00','08:30:00',5),(1647,NULL,NULL,1,87,'08:30:00','09:00:00',5),(1648,NULL,NULL,1,87,'09:00:00','09:30:00',5),(1649,NULL,NULL,1,87,'09:30:00','10:00:00',5),(1650,NULL,NULL,1,87,'10:00:00','10:30:00',5),(1651,NULL,NULL,1,87,'10:30:00','11:00:00',5),(1652,NULL,NULL,1,87,'11:00:00','11:30:00',5),(1653,NULL,NULL,1,87,'11:30:00','12:00:00',5),(1654,NULL,NULL,1,87,'12:00:00','12:30:00',5),(1655,NULL,NULL,1,87,'12:30:00','13:00:00',5),(1656,NULL,NULL,1,87,'13:00:00','13:30:00',5),(1657,NULL,NULL,1,87,'13:30:00','14:00:00',5),(1658,NULL,NULL,1,87,'14:00:00','14:30:00',5),(1659,NULL,NULL,1,87,'14:30:00','15:00:00',5),(1660,NULL,NULL,1,87,'15:00:00','15:30:00',5),(1661,NULL,NULL,1,87,'15:30:00','16:00:00',5),(1662,NULL,NULL,1,87,'16:00:00','16:30:00',5),(1663,NULL,NULL,1,87,'16:30:00','17:00:00',5),(1664,NULL,NULL,1,87,'17:00:00','17:30:00',5),(1665,NULL,NULL,1,87,'17:30:00','18:00:00',5),(1666,NULL,NULL,1,87,'18:00:00','18:30:00',5),(1667,NULL,NULL,1,87,'18:30:00','19:00:00',5),(1668,NULL,NULL,1,87,'19:00:00','19:30:00',5),(1669,NULL,NULL,1,87,'19:30:00','20:00:00',5),(1670,NULL,NULL,1,87,'20:00:00','20:30:00',5),(1671,NULL,NULL,1,87,'20:30:00','21:00:00',5),(1672,NULL,NULL,1,87,'21:00:00','21:30:00',5),(1673,NULL,NULL,1,87,'21:30:00','22:00:00',5),(1674,NULL,NULL,1,87,'22:00:00','22:30:00',5),(1675,NULL,NULL,1,87,'22:30:00','23:00:00',5),(1676,NULL,NULL,1,87,'23:00:00','23:30:00',5),(1677,NULL,NULL,1,87,'23:30:00','00:00:00',5),(1678,NULL,NULL,2,87,'00:00:00','08:30:00',6),(1679,NULL,NULL,1,87,'08:30:00','09:00:00',6),(1680,NULL,NULL,1,87,'09:00:00','09:30:00',6),(1681,NULL,NULL,1,87,'09:30:00','10:00:00',6),(1682,NULL,NULL,1,87,'10:00:00','10:30:00',6),(1683,NULL,NULL,1,87,'10:30:00','11:00:00',6),(1684,NULL,NULL,1,87,'11:00:00','11:30:00',6),(1685,NULL,NULL,1,87,'11:30:00','12:00:00',6),(1686,NULL,NULL,1,87,'12:00:00','12:30:00',6),(1687,NULL,NULL,1,87,'12:30:00','13:00:00',6),(1688,NULL,NULL,1,87,'13:00:00','13:30:00',6),(1689,NULL,NULL,1,87,'13:30:00','14:00:00',6),(1690,NULL,NULL,1,87,'14:00:00','14:30:00',6),(1691,NULL,NULL,1,87,'14:30:00','15:00:00',6),(1692,NULL,NULL,1,87,'15:00:00','15:30:00',6),(1693,NULL,NULL,1,87,'15:30:00','16:00:00',6),(1694,NULL,NULL,1,87,'16:00:00','16:30:00',6),(1695,NULL,NULL,1,87,'16:30:00','17:00:00',6),(1696,NULL,NULL,1,87,'17:00:00','17:30:00',6),(1697,NULL,NULL,1,87,'17:30:00','18:00:00',6),(1698,NULL,NULL,1,87,'18:00:00','18:30:00',6),(1699,NULL,NULL,1,87,'18:30:00','19:00:00',6),(1700,NULL,NULL,1,87,'19:00:00','19:30:00',6),(1701,NULL,NULL,1,87,'19:30:00','20:00:00',6),(1702,NULL,NULL,1,87,'20:00:00','20:30:00',6),(1703,NULL,NULL,1,87,'20:30:00','21:00:00',6),(1704,NULL,NULL,1,87,'21:00:00','21:30:00',6),(1705,NULL,NULL,1,87,'21:30:00','22:00:00',6),(1706,NULL,NULL,1,87,'22:00:00','22:30:00',6),(1707,NULL,NULL,2,87,'22:30:00','00:00:00',6),(1708,NULL,NULL,2,88,'00:00:00','00:00:00',0),(1709,NULL,NULL,2,88,'00:00:00','08:30:00',1),(1710,NULL,NULL,1,88,'08:30:00','09:00:00',1),(1711,NULL,NULL,1,88,'09:00:00','09:30:00',1),(1712,NULL,NULL,1,88,'09:30:00','10:00:00',1),(1713,NULL,NULL,1,88,'10:00:00','10:30:00',1),(1714,NULL,NULL,1,88,'10:30:00','11:00:00',1),(1715,NULL,NULL,1,88,'11:00:00','11:30:00',1),(1716,NULL,NULL,1,88,'11:30:00','12:00:00',1),(1717,NULL,NULL,1,88,'12:00:00','12:30:00',1),(1718,NULL,NULL,1,88,'12:30:00','13:00:00',1),(1719,NULL,NULL,1,88,'13:00:00','13:30:00',1),(1720,NULL,NULL,1,88,'13:30:00','14:00:00',1),(1721,NULL,NULL,1,88,'14:00:00','14:30:00',1),(1722,NULL,NULL,1,88,'14:30:00','15:00:00',1),(1723,NULL,NULL,1,88,'15:00:00','15:30:00',1),(1724,NULL,NULL,1,88,'15:30:00','16:00:00',1),(1725,NULL,NULL,1,88,'16:00:00','16:30:00',1),(1726,NULL,NULL,1,88,'16:30:00','17:00:00',1),(1727,NULL,NULL,1,88,'17:00:00','17:30:00',1),(1728,NULL,NULL,1,88,'17:30:00','18:00:00',1),(1729,NULL,NULL,1,88,'18:00:00','18:30:00',1),(1730,NULL,NULL,1,88,'18:30:00','19:00:00',1),(1731,NULL,NULL,1,88,'19:00:00','19:30:00',1),(1732,NULL,NULL,1,88,'19:30:00','20:00:00',1),(1733,NULL,NULL,1,88,'20:00:00','20:30:00',1),(1734,NULL,NULL,1,88,'20:30:00','21:00:00',1),(1735,NULL,NULL,1,88,'21:00:00','21:30:00',1),(1736,NULL,NULL,1,88,'21:30:00','22:00:00',1),(1737,NULL,NULL,1,88,'22:00:00','22:30:00',1),(1738,NULL,NULL,1,88,'22:30:00','23:00:00',1),(1739,NULL,NULL,1,88,'23:00:00','23:30:00',1),(1740,NULL,NULL,1,88,'23:30:00','00:00:00',1),(1741,NULL,NULL,2,88,'00:00:00','08:30:00',2),(1742,NULL,NULL,1,88,'08:30:00','09:00:00',2),(1743,NULL,NULL,1,88,'09:00:00','09:30:00',2),(1744,NULL,NULL,1,88,'09:30:00','10:00:00',2),(1745,NULL,NULL,1,88,'10:00:00','10:30:00',2),(1746,NULL,NULL,1,88,'10:30:00','11:00:00',2),(1747,NULL,NULL,1,88,'11:00:00','11:30:00',2),(1748,NULL,NULL,1,88,'11:30:00','12:00:00',2),(1749,NULL,NULL,1,88,'12:00:00','12:30:00',2),(1750,NULL,NULL,1,88,'12:30:00','13:00:00',2),(1751,NULL,NULL,1,88,'13:00:00','13:30:00',2),(1752,NULL,NULL,1,88,'13:30:00','14:00:00',2),(1753,NULL,NULL,1,88,'14:00:00','14:30:00',2),(1754,NULL,NULL,1,88,'14:30:00','15:00:00',2),(1755,NULL,NULL,1,88,'15:00:00','15:30:00',2),(1756,NULL,NULL,1,88,'15:30:00','16:00:00',2),(1757,NULL,NULL,1,88,'16:00:00','16:30:00',2),(1758,NULL,NULL,1,88,'16:30:00','17:00:00',2),(1759,NULL,NULL,1,88,'17:00:00','17:30:00',2),(1760,NULL,NULL,1,88,'17:30:00','18:00:00',2),(1761,NULL,NULL,1,88,'18:00:00','18:30:00',2),(1762,NULL,NULL,1,88,'18:30:00','19:00:00',2),(1763,NULL,NULL,1,88,'19:00:00','19:30:00',2),(1764,NULL,NULL,1,88,'19:30:00','20:00:00',2),(1765,NULL,NULL,1,88,'20:00:00','20:30:00',2),(1766,NULL,NULL,1,88,'20:30:00','21:00:00',2),(1767,NULL,NULL,1,88,'21:00:00','21:30:00',2),(1768,NULL,NULL,1,88,'21:30:00','22:00:00',2),(1769,NULL,NULL,1,88,'22:00:00','22:30:00',2),(1770,NULL,NULL,1,88,'22:30:00','23:00:00',2),(1771,NULL,NULL,1,88,'23:00:00','23:30:00',2),(1772,NULL,NULL,1,88,'23:30:00','00:00:00',2),(1773,NULL,NULL,2,88,'00:00:00','08:30:00',3),(1774,NULL,NULL,1,88,'08:30:00','09:00:00',3),(1775,NULL,NULL,1,88,'09:00:00','09:30:00',3),(1776,NULL,NULL,1,88,'09:30:00','10:00:00',3),(1777,NULL,NULL,1,88,'10:00:00','10:30:00',3),(1778,NULL,NULL,1,88,'10:30:00','11:00:00',3),(1779,NULL,NULL,1,88,'11:00:00','11:30:00',3),(1780,NULL,NULL,1,88,'11:30:00','12:00:00',3),(1781,NULL,NULL,1,88,'12:00:00','12:30:00',3),(1782,NULL,NULL,1,88,'12:30:00','13:00:00',3),(1783,NULL,NULL,1,88,'13:00:00','13:30:00',3),(1784,NULL,NULL,1,88,'13:30:00','14:00:00',3),(1785,NULL,NULL,1,88,'14:00:00','14:30:00',3),(1786,NULL,NULL,1,88,'14:30:00','15:00:00',3),(1787,NULL,NULL,1,88,'15:00:00','15:30:00',3),(1788,NULL,NULL,1,88,'15:30:00','16:00:00',3),(1789,NULL,NULL,1,88,'16:00:00','16:30:00',3),(1790,NULL,NULL,1,88,'16:30:00','17:00:00',3),(1791,NULL,NULL,1,88,'17:00:00','17:30:00',3),(1792,NULL,NULL,1,88,'17:30:00','18:00:00',3),(1793,NULL,NULL,1,88,'18:00:00','18:30:00',3),(1794,NULL,NULL,1,88,'18:30:00','19:00:00',3),(1795,NULL,NULL,1,88,'19:00:00','19:30:00',3),(1796,NULL,NULL,1,88,'19:30:00','20:00:00',3),(1797,NULL,NULL,1,88,'20:00:00','20:30:00',3),(1798,NULL,NULL,1,88,'20:30:00','21:00:00',3),(1799,NULL,NULL,1,88,'21:00:00','21:30:00',3),(1800,NULL,NULL,1,88,'21:30:00','22:00:00',3),(1801,NULL,NULL,1,88,'22:00:00','22:30:00',3),(1802,NULL,NULL,1,88,'22:30:00','23:00:00',3),(1803,NULL,NULL,1,88,'23:00:00','23:30:00',3),(1804,NULL,NULL,1,88,'23:30:00','00:00:00',3),(1805,NULL,NULL,2,88,'00:00:00','08:30:00',4),(1806,NULL,NULL,1,88,'08:30:00','09:00:00',4),(1807,NULL,NULL,1,88,'09:00:00','09:30:00',4),(1808,NULL,NULL,1,88,'09:30:00','10:00:00',4),(1809,NULL,NULL,1,88,'10:00:00','10:30:00',4),(1810,NULL,NULL,1,88,'10:30:00','11:00:00',4),(1811,NULL,NULL,1,88,'11:00:00','11:30:00',4),(1812,NULL,NULL,1,88,'11:30:00','12:00:00',4),(1813,NULL,NULL,1,88,'12:00:00','12:30:00',4),(1814,NULL,NULL,1,88,'12:30:00','13:00:00',4),(1815,NULL,NULL,1,88,'13:00:00','13:30:00',4),(1816,NULL,NULL,1,88,'13:30:00','14:00:00',4),(1817,NULL,NULL,1,88,'14:00:00','14:30:00',4),(1818,NULL,NULL,1,88,'14:30:00','15:00:00',4),(1819,NULL,NULL,1,88,'15:00:00','15:30:00',4),(1820,NULL,NULL,1,88,'15:30:00','16:00:00',4),(1821,NULL,NULL,1,88,'16:00:00','16:30:00',4),(1822,NULL,NULL,1,88,'16:30:00','17:00:00',4),(1823,NULL,NULL,1,88,'17:00:00','17:30:00',4),(1824,NULL,NULL,1,88,'17:30:00','18:00:00',4),(1825,NULL,NULL,1,88,'18:00:00','18:30:00',4),(1826,NULL,NULL,1,88,'18:30:00','19:00:00',4),(1827,NULL,NULL,1,88,'19:00:00','19:30:00',4),(1828,NULL,NULL,1,88,'19:30:00','20:00:00',4),(1829,NULL,NULL,1,88,'20:00:00','20:30:00',4),(1830,NULL,NULL,1,88,'20:30:00','21:00:00',4),(1831,NULL,NULL,1,88,'21:00:00','21:30:00',4),(1832,NULL,NULL,1,88,'21:30:00','22:00:00',4),(1833,NULL,NULL,1,88,'22:00:00','22:30:00',4),(1834,NULL,NULL,1,88,'22:30:00','23:00:00',4),(1835,NULL,NULL,1,88,'23:00:00','23:30:00',4),(1836,NULL,NULL,1,88,'23:30:00','00:00:00',4),(1837,NULL,NULL,2,88,'00:00:00','08:30:00',5),(1838,NULL,NULL,1,88,'08:30:00','09:00:00',5),(1839,NULL,NULL,1,88,'09:00:00','09:30:00',5),(1840,NULL,NULL,1,88,'09:30:00','10:00:00',5),(1841,NULL,NULL,1,88,'10:00:00','10:30:00',5),(1842,NULL,NULL,1,88,'10:30:00','11:00:00',5),(1843,NULL,NULL,1,88,'11:00:00','11:30:00',5),(1844,NULL,NULL,1,88,'11:30:00','12:00:00',5),(1845,NULL,NULL,1,88,'12:00:00','12:30:00',5),(1846,NULL,NULL,1,88,'12:30:00','13:00:00',5),(1847,NULL,NULL,1,88,'13:00:00','13:30:00',5),(1848,NULL,NULL,1,88,'13:30:00','14:00:00',5),(1849,NULL,NULL,1,88,'14:00:00','14:30:00',5),(1850,NULL,NULL,1,88,'14:30:00','15:00:00',5),(1851,NULL,NULL,1,88,'15:00:00','15:30:00',5),(1852,NULL,NULL,1,88,'15:30:00','16:00:00',5),(1853,NULL,NULL,1,88,'16:00:00','16:30:00',5),(1854,NULL,NULL,1,88,'16:30:00','17:00:00',5),(1855,NULL,NULL,1,88,'17:00:00','17:30:00',5),(1856,NULL,NULL,1,88,'17:30:00','18:00:00',5),(1857,NULL,NULL,1,88,'18:00:00','18:30:00',5),(1858,NULL,NULL,1,88,'18:30:00','19:00:00',5),(1859,NULL,NULL,1,88,'19:00:00','19:30:00',5),(1860,NULL,NULL,1,88,'19:30:00','20:00:00',5),(1861,NULL,NULL,1,88,'20:00:00','20:30:00',5),(1862,NULL,NULL,1,88,'20:30:00','21:00:00',5),(1863,NULL,NULL,1,88,'21:00:00','21:30:00',5),(1864,NULL,NULL,1,88,'21:30:00','22:00:00',5),(1865,NULL,NULL,1,88,'22:00:00','22:30:00',5),(1866,NULL,NULL,1,88,'22:30:00','23:00:00',5),(1867,NULL,NULL,1,88,'23:00:00','23:30:00',5),(1868,NULL,NULL,1,88,'23:30:00','00:00:00',5),(1869,NULL,NULL,2,88,'00:00:00','08:30:00',6),(1870,NULL,NULL,1,88,'08:30:00','09:00:00',6),(1871,NULL,NULL,1,88,'09:00:00','09:30:00',6),(1872,NULL,NULL,1,88,'09:30:00','10:00:00',6),(1873,NULL,NULL,1,88,'10:00:00','10:30:00',6),(1874,NULL,NULL,1,88,'10:30:00','11:00:00',6),(1875,NULL,NULL,1,88,'11:00:00','11:30:00',6),(1876,NULL,NULL,1,88,'11:30:00','12:00:00',6),(1877,NULL,NULL,1,88,'12:00:00','12:30:00',6),(1878,NULL,NULL,1,88,'12:30:00','13:00:00',6),(1879,NULL,NULL,1,88,'13:00:00','13:30:00',6),(1880,NULL,NULL,1,88,'13:30:00','14:00:00',6),(1881,NULL,NULL,1,88,'14:00:00','14:30:00',6),(1882,NULL,NULL,1,88,'14:30:00','15:00:00',6),(1883,NULL,NULL,1,88,'15:00:00','15:30:00',6),(1884,NULL,NULL,1,88,'15:30:00','16:00:00',6),(1885,NULL,NULL,1,88,'16:00:00','16:30:00',6),(1886,NULL,NULL,1,88,'16:30:00','17:00:00',6),(1887,NULL,NULL,1,88,'17:00:00','17:30:00',6),(1888,NULL,NULL,1,88,'17:30:00','18:00:00',6),(1889,NULL,NULL,1,88,'18:00:00','18:30:00',6),(1890,NULL,NULL,1,88,'18:30:00','19:00:00',6),(1891,NULL,NULL,1,88,'19:00:00','19:30:00',6),(1892,NULL,NULL,1,88,'19:30:00','20:00:00',6),(1893,NULL,NULL,1,88,'20:00:00','20:30:00',6),(1894,NULL,NULL,1,88,'20:30:00','21:00:00',6),(1895,NULL,NULL,1,88,'21:00:00','21:30:00',6),(1896,NULL,NULL,1,88,'21:30:00','22:00:00',6),(1897,NULL,NULL,1,88,'22:00:00','22:30:00',6),(1898,NULL,NULL,2,88,'22:30:00','00:00:00',6),(1923,NULL,NULL,1,94,'00:00:00','04:00:00',NULL),(1924,NULL,NULL,1,94,'04:00:00','08:00:00',NULL),(1925,NULL,NULL,1,94,'08:00:00','12:00:00',NULL),(1926,NULL,NULL,1,94,'12:00:00','16:00:00',NULL),(1927,NULL,NULL,1,94,'16:00:00','20:00:00',NULL),(1928,NULL,NULL,1,94,'20:00:00','00:00:00',NULL);
/*!40000 ALTER TABLE `time_blocks` ENABLE KEYS */;
UNLOCK TABLES;

--
-- Table structure for table `user_email_preferences`
--

DROP TABLE IF EXISTS `user_email_preferences`;
/*!40101 SET @saved_cs_client     = @@character_set_client */;
/*!40101 SET character_set_client = utf8 */;
CREATE TABLE `user_email_preferences` (
  `user_id` mediumint(8) unsigned NOT NULL,
  `event_category` varchar(45) NOT NULL,
  `event_type` varchar(45) NOT NULL,
  PRIMARY KEY (`user_id`,`event_category`,`event_type`),
  CONSTRAINT `user_email_preferences_ibfk_1` FOREIGN KEY (`user_id`) REFERENCES `users` (`user_id`) ON DELETE CASCADE ON UPDATE CASCADE
) ENGINE=InnoDB DEFAULT CHARSET=latin1;
/*!40101 SET character_set_client = @saved_cs_client */;

--
-- Dumping data for table `user_email_preferences`
--

LOCK TABLES `user_email_preferences` WRITE;
/*!40000 ALTER TABLE `user_email_preferences` DISABLE KEYS */;
INSERT INTO `user_email_preferences` VALUES (1,'reservation','created'),(306,'reservation','created'),(306,'reservation','deleted'),(306,'reservation','series_ending'),(306,'reservation','updated'),(310,'reservation','created'),(310,'reservation','deleted'),(310,'reservation','series_ending'),(310,'reservation','updated'),(321,'reservation','created'),(321,'reservation','deleted'),(321,'reservation','series_ending'),(321,'reservation','updated');
/*!40000 ALTER TABLE `user_email_preferences` ENABLE KEYS */;
UNLOCK TABLES;

--
-- Table structure for table `user_groups`
--

DROP TABLE IF EXISTS `user_groups`;
/*!40101 SET @saved_cs_client     = @@character_set_client */;
/*!40101 SET character_set_client = utf8 */;
CREATE TABLE `user_groups` (
  `user_id` mediumint(8) unsigned NOT NULL,
  `group_id` smallint(5) unsigned NOT NULL,
  PRIMARY KEY (`group_id`,`user_id`),
  KEY `user_id` (`user_id`),
  KEY `group_id` (`group_id`),
  CONSTRAINT `user_groups_ibfk_1` FOREIGN KEY (`user_id`) REFERENCES `users` (`user_id`) ON DELETE CASCADE ON UPDATE CASCADE,
  CONSTRAINT `user_groups_ibfk_2` FOREIGN KEY (`group_id`) REFERENCES `groups` (`group_id`) ON DELETE CASCADE ON UPDATE CASCADE
) ENGINE=InnoDB DEFAULT CHARSET=utf8;
/*!40101 SET character_set_client = @saved_cs_client */;

--
-- Dumping data for table `user_groups`
--

LOCK TABLES `user_groups` WRITE;
/*!40000 ALTER TABLE `user_groups` DISABLE KEYS */;
INSERT INTO `user_groups` VALUES (1,1),(2,1),(18,1),(500,1),(507,1),(335,2),(336,2),(337,2),(338,2),(339,2),(340,2),(341,2),(342,2),(343,2),(344,2),(345,2),(346,2),(347,2),(348,2),(349,2),(350,2),(351,2),(352,2),(326,3),(327,3),(328,3),(416,6),(417,6),(418,6),(419,6),(420,6),(421,6),(411,7),(412,7),(326,8),(327,8),(328,8),(329,8),(330,8),(331,8),(332,8),(333,8),(334,8),(411,9),(412,9),(413,9),(414,9),(415,9),(509,9),(388,10),(389,10),(390,10),(391,10),(392,10),(393,10),(394,10),(395,10),(396,10),(397,10),(398,10),(399,10),(400,10),(401,10),(402,10),(403,10),(404,10),(405,10),(406,10),(407,10),(408,10),(409,10),(410,10),(387,11),(387,12),(425,15),(426,15),(427,15),(428,15),(429,15),(508,15),(422,16),(423,16),(422,17),(423,17),(424,17),(23,18),(24,18),(25,18),(26,18),(27,18),(28,18),(29,18),(30,18),(31,18),(34,18),(35,18),(36,18),(37,18),(38,18),(39,18),(40,18),(41,18),(42,18),(43,18),(44,18),(430,18),(437,18),(19,19),(19,20),(20,20),(21,20),(22,20),(32,20),(33,20),(49,21),(50,21),(51,21),(52,21),(53,21),(54,21),(55,21),(56,21),(57,21),(58,21),(59,21),(60,21),(61,21),(62,21),(63,21),(64,21),(65,21),(66,21),(67,21),(68,21),(69,21),(70,21),(71,21),(72,21),(73,21),(74,21),(75,21),(76,21),(77,21),(78,21),(79,21),(80,21),(81,21),(82,21),(83,21),(84,21),(430,21),(437,21),(45,22),(45,23),(46,23),(47,23),(48,23),(480,23),(501,23),(502,23),(503,23),(504,23),(505,23),(101,24),(102,24),(103,24),(104,24),(105,24),(106,24),(107,24),(108,24),(109,24),(110,24),(111,24),(112,24),(113,24),(114,24),(115,24),(116,24),(117,24),(118,24),(119,24),(120,24),(121,24),(122,24),(123,24),(124,24),(125,24),(126,24),(127,24),(430,24),(437,24),(85,25),(85,26),(86,26),(87,26),(88,26),(89,26),(90,26),(91,26),(92,26),(93,26),(94,26),(95,26),(96,26),(97,26),(98,26),(99,26),(100,26),(132,27),(133,27),(134,27),(135,27),(136,27),(137,27),(138,27),(139,27),(140,27),(141,27),(142,27),(143,27),(144,27),(145,27),(146,27),(147,27),(430,27),(437,27),(128,28),(128,29),(129,29),(130,29),(131,29),(290,30),(291,30),(292,30),(293,30),(294,30),(295,30),(296,30),(297,30),(298,30),(299,30),(300,30),(301,30),(302,30),(303,30),(304,30),(305,30),(306,30),(307,30),(308,30),(309,30),(310,30),(311,30),(312,30),(313,30),(314,30),(315,30),(316,30),(317,30),(318,30),(319,30),(320,30),(321,30),(322,30),(323,30),(324,30),(325,30),(506,30),(2,31),(281,31),(2,32),(281,32),(282,32),(283,32),(284,32),(285,32),(286,32),(287,32),(288,32),(289,32),(310,32),(204,33),(254,33),(201,34),(204,34),(254,34),(268,34),(279,34),(364,35),(365,35),(366,35),(367,35),(368,35),(369,35),(370,35),(371,35),(372,35),(373,35),(374,35),(375,35),(376,35),(377,35),(378,35),(379,35),(380,35),(381,35),(382,35),(383,35),(384,35),(385,35),(386,35),(362,36),(353,37),(354,37),(355,37),(356,37),(357,37),(358,37),(359,37),(360,37),(361,37),(362,37),(363,37),(19,38),(33,38),(148,38),(149,38),(150,38),(151,38),(152,38),(153,38),(154,38),(155,38),(156,38),(157,38),(158,38),(159,38),(160,38),(161,38),(162,38),(163,38),(164,38),(165,38),(166,38),(167,38),(168,38),(169,38),(170,38),(171,38),(172,38),(173,38),(174,38),(175,38),(176,38),(177,38),(178,38),(179,38),(180,38),(181,38),(182,38),(183,38),(184,38),(185,38),(186,38),(187,38),(188,38),(189,38),(190,38),(191,38),(192,38),(193,38),(194,38),(195,38),(196,38),(197,38),(198,38),(199,38),(200,38),(202,38),(203,38),(205,38),(206,38),(207,38),(208,38),(209,38),(210,38),(211,38),(212,38),(213,38),(214,38),(215,38),(216,38),(217,38),(218,38),(219,38),(220,38),(221,38),(222,38),(223,38),(224,38),(225,38),(226,38),(227,38),(228,38),(229,38),(230,38),(231,38),(232,38),(233,38),(234,38),(235,38),(236,38),(237,38),(238,38),(239,38),(240,38),(241,38),(242,38),(243,38),(244,38),(245,38),(246,38),(247,38),(248,38),(249,38),(250,38),(251,38),(252,38),(253,38),(255,38),(256,38),(257,38),(258,38),(259,38),(260,38),(261,38),(262,38),(263,38),(264,38),(265,38),(266,38),(267,38),(269,38),(270,38),(271,38),(272,38),(273,38),(274,38),(275,38),(276,38),(277,38),(278,38),(280,38),(133,39),(141,39),(142,39),(174,39),(439,39),(440,39),(441,39),(442,39),(443,39),(444,39),(445,39),(447,39),(448,39),(449,39),(450,39),(451,39),(452,39),(453,39),(454,39),(455,39),(457,39),(459,39),(460,39),(461,39),(462,39),(463,39),(464,39),(465,39),(466,39),(467,39),(468,39),(470,39),(471,39),(472,39),(473,39),(476,39),(477,39),(478,39),(480,39),(481,39),(482,39),(483,39),(484,39),(430,40),(437,40),(469,40),(430,41),(437,41),(438,41),(446,41),(456,41),(458,41),(469,41),(474,41),(475,41),(479,41),(487,42),(488,42),(489,42),(490,42),(491,42),(492,42),(493,42),(494,42),(495,42),(496,42),(497,42),(498,42),(499,42),(510,42),(486,43),(486,44);
/*!40000 ALTER TABLE `user_groups` ENABLE KEYS */;
UNLOCK TABLES;

--
-- Table structure for table `user_preferences`
--

DROP TABLE IF EXISTS `user_preferences`;
/*!40101 SET @saved_cs_client     = @@character_set_client */;
/*!40101 SET character_set_client = utf8 */;
CREATE TABLE `user_preferences` (
  `user_preferences_id` int(10) unsigned NOT NULL AUTO_INCREMENT,
  `user_id` mediumint(8) unsigned NOT NULL,
  `name` varchar(100) NOT NULL,
  `value` text,
  PRIMARY KEY (`user_preferences_id`),
  KEY `user_id` (`user_id`),
  CONSTRAINT `user_preferences_ibfk_1` FOREIGN KEY (`user_id`) REFERENCES `users` (`user_id`) ON DELETE CASCADE ON UPDATE CASCADE
) ENGINE=InnoDB AUTO_INCREMENT=68 DEFAULT CHARSET=utf8;
/*!40101 SET character_set_client = @saved_cs_client */;

--
-- Dumping data for table `user_preferences`
--

LOCK TABLES `user_preferences` WRITE;
/*!40000 ALTER TABLE `user_preferences` DISABLE KEYS */;
INSERT INTO `user_preferences` VALUES (1,1,'FilterStartDateDelta','-9'),(2,1,'FilterEndDateDelta','5'),(3,1,'FilterUserId',''),(4,1,'FilterUserName',''),(5,1,'FilterScheduleId','0'),(6,1,'FilterResourceId','0'),(7,1,'FilterReservationStatusId','0'),(8,1,'FilterReferenceNumber',NULL),(9,1,'FilterResourceStatusId',NULL),(10,1,'FilterResourceReasonId',NULL),(11,1,'FilterCustomAttributes','a:0:{}'),(12,1,'FilterTitle',NULL),(13,1,'FilterDescription',NULL),(14,1,'FilterMissedCheckin','0'),(15,1,'FilterMissedCheckout','0'),(17,1,'CalendarFilter','|23|'),(22,18,'CalendarFilter','||'),(23,2,'CalendarFilter','||'),(24,431,'CalendarFilter','||'),(25,310,'CalendarFilter','|26|'),(26,286,'CalendarFilter','||'),(27,330,'CalendarFilter','||'),(28,334,'CalendarFilter','||'),(29,386,'CalendarFilter','||'),(30,362,'CalendarFilter','||'),(31,415,'CalendarFilter','||'),(32,284,'CalendarFilter','||'),(33,284,'FilterStartDateDelta','-7'),(34,284,'FilterEndDateDelta','7'),(35,284,'FilterUserId',''),(36,284,'FilterUserName',''),(37,284,'FilterScheduleId','33'),(38,284,'FilterResourceId','0'),(39,284,'FilterReservationStatusId','0'),(40,284,'FilterReferenceNumber',NULL),(41,284,'FilterResourceStatusId',''),(42,284,'FilterResourceReasonId',''),(43,284,'FilterCustomAttributes','a:0:{}'),(44,284,'FilterTitle',''),(45,284,'FilterDescription',''),(46,284,'FilterMissedCheckin','0'),(47,284,'FilterMissedCheckout','0'),(48,321,'CalendarFilter','||'),(49,500,'CalendarFilter','||'),(50,288,'CalendarFilter','|27|'),(51,362,'FilterStartDateDelta','-7'),(52,362,'FilterEndDateDelta','7'),(53,362,'FilterUserId',''),(54,362,'FilterUserName',''),(55,362,'FilterScheduleId','30'),(56,362,'FilterResourceId','0'),(57,362,'FilterReservationStatusId','0'),(58,362,'FilterReferenceNumber',NULL),(59,362,'FilterResourceStatusId',''),(60,362,'FilterResourceReasonId',''),(61,362,'FilterCustomAttributes','a:0:{}'),(62,362,'FilterTitle',''),(63,362,'FilterDescription',''),(64,362,'FilterMissedCheckin','0'),(65,362,'FilterMissedCheckout','0'),(66,322,'CalendarFilter','||'),(67,509,'CalendarFilter','||');
/*!40000 ALTER TABLE `user_preferences` ENABLE KEYS */;
UNLOCK TABLES;

--
-- Table structure for table `user_resource_permissions`
--

DROP TABLE IF EXISTS `user_resource_permissions`;
/*!40101 SET @saved_cs_client     = @@character_set_client */;
/*!40101 SET character_set_client = utf8 */;
CREATE TABLE `user_resource_permissions` (
  `user_id` mediumint(8) unsigned NOT NULL,
  `resource_id` smallint(5) unsigned NOT NULL,
  `permission_id` tinyint(2) unsigned NOT NULL DEFAULT '1',
  `permission_type` tinyint(3) unsigned NOT NULL DEFAULT '0',
  PRIMARY KEY (`user_id`,`resource_id`),
  KEY `user_id` (`user_id`),
  KEY `resource_id` (`resource_id`),
  KEY `user_id_2` (`user_id`),
  KEY `resource_id_2` (`resource_id`),
  CONSTRAINT `user_resource_permissions_ibfk_1` FOREIGN KEY (`user_id`) REFERENCES `users` (`user_id`) ON DELETE CASCADE ON UPDATE CASCADE,
  CONSTRAINT `user_resource_permissions_ibfk_2` FOREIGN KEY (`resource_id`) REFERENCES `resources` (`resource_id`) ON DELETE CASCADE ON UPDATE CASCADE
) ENGINE=InnoDB DEFAULT CHARSET=utf8;
/*!40101 SET character_set_client = @saved_cs_client */;

--
-- Dumping data for table `user_resource_permissions`
--

LOCK TABLES `user_resource_permissions` WRITE;
/*!40000 ALTER TABLE `user_resource_permissions` DISABLE KEYS */;
/*!40000 ALTER TABLE `user_resource_permissions` ENABLE KEYS */;
UNLOCK TABLES;

--
-- Table structure for table `user_session`
--

DROP TABLE IF EXISTS `user_session`;
/*!40101 SET @saved_cs_client     = @@character_set_client */;
/*!40101 SET character_set_client = utf8 */;
CREATE TABLE `user_session` (
  `user_session_id` mediumint(8) unsigned NOT NULL AUTO_INCREMENT,
  `user_id` mediumint(8) unsigned NOT NULL,
  `last_modified` datetime NOT NULL,
  `session_token` varchar(50) NOT NULL,
  `user_session_value` text NOT NULL,
  PRIMARY KEY (`user_session_id`),
  KEY `user_session_user_id` (`user_id`),
  KEY `user_session_session_token` (`session_token`),
  CONSTRAINT `user_session_ibfk_1` FOREIGN KEY (`user_id`) REFERENCES `users` (`user_id`) ON DELETE CASCADE
) ENGINE=InnoDB DEFAULT CHARSET=utf8;
/*!40101 SET character_set_client = @saved_cs_client */;

--
-- Dumping data for table `user_session`
--

LOCK TABLES `user_session` WRITE;
/*!40000 ALTER TABLE `user_session` DISABLE KEYS */;
/*!40000 ALTER TABLE `user_session` ENABLE KEYS */;
UNLOCK TABLES;

--
-- Table structure for table `user_statuses`
--

DROP TABLE IF EXISTS `user_statuses`;
/*!40101 SET @saved_cs_client     = @@character_set_client */;
/*!40101 SET character_set_client = utf8 */;
CREATE TABLE `user_statuses` (
  `status_id` tinyint(2) unsigned NOT NULL,
  `description` varchar(85) DEFAULT NULL,
  PRIMARY KEY (`status_id`)
) ENGINE=InnoDB DEFAULT CHARSET=utf8;
/*!40101 SET character_set_client = @saved_cs_client */;

--
-- Dumping data for table `user_statuses`
--

LOCK TABLES `user_statuses` WRITE;
/*!40000 ALTER TABLE `user_statuses` DISABLE KEYS */;
INSERT INTO `user_statuses` VALUES (1,'Active'),(2,'Awaiting'),(3,'Inactive');
/*!40000 ALTER TABLE `user_statuses` ENABLE KEYS */;
UNLOCK TABLES;

--
-- Table structure for table `users`
--

DROP TABLE IF EXISTS `users`;
/*!40101 SET @saved_cs_client     = @@character_set_client */;
/*!40101 SET character_set_client = utf8 */;
CREATE TABLE `users` (
  `user_id` mediumint(8) unsigned NOT NULL AUTO_INCREMENT,
  `fname` varchar(85) DEFAULT NULL,
  `lname` varchar(85) DEFAULT NULL,
  `username` varchar(85) DEFAULT NULL,
  `email` varchar(85) NOT NULL,
  `password` varchar(85) NOT NULL,
  `salt` varchar(85) NOT NULL,
  `organization` varchar(85) DEFAULT NULL,
  `position` varchar(85) DEFAULT NULL,
  `phone` varchar(85) DEFAULT NULL,
  `timezone` varchar(85) NOT NULL,
  `language` varchar(10) NOT NULL,
  `homepageid` tinyint(2) unsigned NOT NULL DEFAULT '1',
  `date_created` datetime NOT NULL,
  `last_modified` timestamp NOT NULL DEFAULT CURRENT_TIMESTAMP ON UPDATE CURRENT_TIMESTAMP,
  `lastlogin` datetime DEFAULT NULL,
  `status_id` tinyint(2) unsigned NOT NULL,
  `legacyid` char(16) DEFAULT NULL,
  `legacypassword` varchar(32) DEFAULT NULL,
  `public_id` varchar(20) DEFAULT NULL,
  `allow_calendar_subscription` tinyint(1) NOT NULL DEFAULT '0',
  `default_schedule_id` smallint(5) unsigned DEFAULT NULL,
  `credit_count` decimal(7,2) DEFAULT '0.00',
  `terms_date_accepted` datetime DEFAULT NULL,
  PRIMARY KEY (`user_id`),
  UNIQUE KEY `public_id` (`public_id`),
  KEY `status_id` (`status_id`),
  CONSTRAINT `users_ibfk_1` FOREIGN KEY (`status_id`) REFERENCES `user_statuses` (`status_id`) ON UPDATE CASCADE
) ENGINE=InnoDB AUTO_INCREMENT=511 DEFAULT CHARSET=utf8;
/*!40101 SET character_set_client = @saved_cs_client */;

--
-- Dumping data for table `users`
--

LOCK TABLES `users` WRITE;
/*!40000 ALTER TABLE `users` DISABLE KEYS */;
INSERT INTO `users` VALUES (1,'VIncent','Michael','83653','vmbarmedilla@gmail.com','3d3568e5c26e4f18e8a9b4bd3fd064d124c68e93','7c9c890c','','','','Asia/Tokyo','en_us',2,'2019-07-16 11:28:14','2019-10-23 12:29:04','2019-10-23 12:29:04',1,NULL,NULL,'44d88afbb928613621f7',0,NULL,0.00,NULL),(2,'Irwin','Moya','45114','irwin.moya@ul.com','caa8727ed6c18d5581f0647cbbd9cc64b4791124','5165ea4f','','','','Europe/London','en_us',1,'2019-07-17 00:59:32','2019-10-23 12:30:13','2019-10-23 12:30:13',1,NULL,NULL,'1b7a93e06cbd0e58d8c5',0,18,0.00,NULL),(15,'Winston','Nario','45101','winston.nario@ul.com','a17e828bcd44a05053ac8919ef713f4ee9c460d3','2a21e93e','',NULL,NULL,'Asia/Manila','en_us',1,'2019-07-19 02:04:54','2019-07-19 02:13:28','2019-07-19 02:13:28',1,NULL,NULL,'c5ad90dd11fcc0842582',0,NULL,0.00,NULL),(16,'Jason','Muyot','83629','Jason.Muyot@ul.com','bc9aaca6f49a1b5574f041ac4aaacd0ce89cf607','06bf5af0','','','','America/New_York','en_us',1,'2019-07-22 06:25:20','2019-10-02 01:41:13','2019-10-02 01:41:13',1,NULL,NULL,'7141aa5ffc940ebcb2e9',0,NULL,0.00,NULL),(17,'Mhae','Quizon','80355','CharmaineMay.Quizon@ul.com','222a05a38f668feaafbe3a68ae786b89e1c0c54f','55201391','','','','America/New_York','en_us',1,'2019-07-22 06:26:27','2019-07-23 08:16:49',NULL,1,NULL,NULL,NULL,0,NULL,0.00,NULL),(18,'Sofia','Wabe','83707','Mariasofiavheliza.Wabe@ul.com','bfd80aa49c13cbf70d8de6ecbb5426dff9262ec0','456cfb65','','','','America/New_York','en_us',1,'2019-07-22 06:27:03','2019-10-22 07:44:48','2019-10-22 07:44:48',1,NULL,NULL,'6553424b961932a2a6f6',0,NULL,0.00,NULL),(19,'Masanori','Nishiyama','40744','Masanori.Nishiyama@ul.com','a46e0a9ff362fc58067b2cbd98db22a90a196bc6','07f1116f','','','','Asia/Tokyo','en_us',1,'2019-07-23 07:01:36','2019-07-23 07:01:36',NULL,1,NULL,NULL,NULL,0,NULL,0.00,NULL),(20,'Takashi','Nakazawa','40759','Takashi.Nakazawa@ul.com','2e255a32fb1f507eee3fb17af42dd8aa2140aa5f','0e9f7845','','','','Asia/Tokyo','en_us',1,'2019-07-23 07:01:36','2019-07-23 07:01:36',NULL,1,NULL,NULL,NULL,0,NULL,0.00,NULL),(21,'Kazuya','Yoshioka','10512','Kazuya.Yoshioka@ul.com','5c407ed730278e850abfcf83c44e01797d537106','4d819e37','','','','Asia/Tokyo','en_us',1,'2019-07-23 07:01:36','2019-07-23 07:01:36',NULL,1,NULL,NULL,NULL,0,NULL,0.00,NULL),(22,'Kazumi','Tsujiya','43231','Kazumi.Tsujiya@ul.com','15540eac6c22646df9a3d0df7c6d42b78f6ad4b3','77b6f915','','','','Asia/Tokyo','en_us',1,'2019-07-23 07:01:36','2019-07-23 07:01:36',NULL,1,NULL,NULL,NULL,0,NULL,0.00,NULL),(23,'Tomoyuki','Kawamura','2226','Tomoyuki.Kawamura@ul.com','97a20dd75968ca7a603a33038a80eb6e9b54b4b8','564c4847','','','','Asia/Tokyo','en_us',1,'2019-07-23 07:01:36','2019-07-23 07:01:36',NULL,1,NULL,NULL,NULL,0,NULL,0.00,NULL),(24,'Yuichiro','Imai','1504','Yuichiro.Imai@ul.com','cb70047cede716915b93b85af9ad8b515d011d65','67922896','','','','Asia/Tokyo','en_us',1,'2019-07-23 07:01:36','2019-07-23 07:01:37',NULL,1,NULL,NULL,NULL,0,NULL,0.00,NULL),(25,'Koji','Kawakita','2217','Koji.Kawakita@ul.com','7d2d12f191260474ef30b04cdd25cd6059602d87','31eeb601','','','','Asia/Tokyo','en_us',1,'2019-07-23 07:01:37','2019-07-23 07:01:37',NULL,1,NULL,NULL,NULL,0,NULL,0.00,NULL),(26,'Erina','Satoh','2227','Erina.Satoh@ul.com','1886cb38c200f91bc15c53330807d7feff0a4094','29edff78','','','','Asia/Tokyo','en_us',1,'2019-07-23 07:01:37','2019-07-23 07:01:37',NULL,1,NULL,NULL,NULL,0,NULL,0.00,NULL),(27,'Emi','Okada','20381','Emi.Okada@ul.com','48598910d449ee91166c0baf6b634cdbed53f182','43207c47','','','','Asia/Tokyo','en_us',1,'2019-07-23 07:01:37','2019-07-23 07:01:37',NULL,1,NULL,NULL,NULL,0,NULL,0.00,NULL),(28,'Norihiro','Sasaki','14057','Norihiro.Sasaki@ul.com','cf44a7904edfd17e197e059a9a43b8974a38451f','232b694d','','','','Asia/Tokyo','en_us',1,'2019-07-23 07:01:37','2019-07-23 07:01:37',NULL,1,NULL,NULL,NULL,0,NULL,0.00,NULL),(29,'Tomoyuki','Nakayama','51252','Tomoyuki.Nakayama@ul.com','c6030e71812b573c3224122277cb70e2637d083f','02806a7d','','','','Asia/Tokyo','en_us',1,'2019-07-23 07:01:37','2019-07-23 07:01:37',NULL,1,NULL,NULL,NULL,0,NULL,0.00,NULL),(30,'Kazuya','Yokota','14081','Kazuya.Yokota@ul.com','770ff8d2b95751d0cc76301913e2fc5673914df3','113a3caa','','','','Asia/Tokyo','en_us',1,'2019-07-23 07:01:37','2019-07-23 07:01:37',NULL,1,NULL,NULL,NULL,0,NULL,0.00,NULL),(31,'Megumi','Fujita','14165','Megumi.Fujita@ul.com','75a590d04487350836814af2a57c9ca874bdcb04','6e19bc8f','','','','Asia/Tokyo','en_us',1,'2019-07-23 07:01:37','2019-07-23 07:01:37',NULL,1,NULL,NULL,NULL,0,NULL,0.00,NULL),(32,'Hiroki','Kurata','43034','Hiroki.Kurata@ul.com','9e953fffe22a2c06b1f00f845df8056cf398aca5','1ae657e4','','','','Asia/Tokyo','en_us',1,'2019-07-23 07:01:37','2019-07-23 07:01:37',NULL,1,NULL,NULL,NULL,0,NULL,0.00,NULL),(33,'Tsubasa','Hiramoto','18628','Tsubasa.Hiramoto@ul.com','107844df18989cea2238166cb22e71d5f3c0bf7f','1321671a','','','','Asia/Tokyo','en_us',1,'2019-07-23 07:01:37','2019-07-23 07:01:37',NULL,1,NULL,NULL,NULL,0,NULL,0.00,NULL),(34,'Emi','Fukumura','14127','Emi.Fukumura@ul.com','f0208eb0c41da0d8a56a3fa3907a5d1b0e8273b3','4df34356','','','','Asia/Tokyo','en_us',1,'2019-07-23 07:01:37','2019-07-23 07:01:37',NULL,1,NULL,NULL,NULL,0,NULL,0.00,NULL),(35,'Shinsuke','Ono','14128','Shinsuke.Ono@ul.com','3e38108231df4e9e986740730ed23d69f5565d8f','5f6b7809','','','','Asia/Tokyo','en_us',1,'2019-07-23 07:01:37','2019-07-23 07:01:37',NULL,1,NULL,NULL,NULL,0,NULL,0.00,NULL),(36,'Daichi','Shimamori','14083','Daichi.Shimamori@ul.com','1557ab8c87b5a600d24b09be44a83fa19bd594d9','3817246b','','','','Asia/Tokyo','en_us',1,'2019-07-23 07:01:37','2019-07-23 07:01:37',NULL,1,NULL,NULL,NULL,0,NULL,0.00,NULL),(37,'Kento','Ando','14109','Kento.Ando@ul.com','4c3b6bbd09a7add9ed862756f1d39e56c758ab5a','2b5133a8','','','','Asia/Tokyo','en_us',1,'2019-07-23 07:01:37','2019-07-23 07:01:37',NULL,1,NULL,NULL,NULL,0,NULL,0.00,NULL),(38,'Daisuke','Imai','20379','Daisuke.Imai@ul.com','7af393741e9e3446cceebfbdd960646338140cd9','06df2db4','','','','Asia/Tokyo','en_us',1,'2019-07-23 07:01:38','2019-07-23 07:01:38',NULL,1,NULL,NULL,NULL,0,NULL,0.00,NULL),(39,'Takahiro','Ohno','20398','Takahiro.Ohno@ul.com','f7e0356f76b064ae22c1f094b18a6f18393e006a','2f6afa93','','','','Asia/Tokyo','en_us',1,'2019-07-23 07:01:38','2019-07-23 07:01:38',NULL,1,NULL,NULL,NULL,0,NULL,0.00,NULL),(40,'Kohei','Miyazaki','20399','Kohei.Miyazaki@ul.com','cf53432179c96507064f36d2fcbe42c4e1c2137b','64fd2b03','','','','Asia/Tokyo','en_us',1,'2019-07-23 07:01:38','2019-07-23 07:01:38',NULL,1,NULL,NULL,NULL,0,NULL,0.00,NULL),(41,'Mayu','Nishikawa','51244','Mayu.Nishikawa@ul.com','424950631ca5245226a760652bd09658e3d6a875','098fa573','','','','Asia/Tokyo','en_us',1,'2019-07-23 07:01:38','2019-07-23 07:01:38',NULL,1,NULL,NULL,NULL,0,NULL,0.00,NULL),(42,'Kazuma','Tanimoto','11142','Kazuma.Tanimoto@ul.com','9e9317ce92bbe40d8eadcfab7ee88f1c29c308dc','22e000d1','','','','Asia/Tokyo','en_us',1,'2019-07-23 07:01:38','2019-07-23 07:01:38',NULL,1,NULL,NULL,NULL,0,NULL,0.00,NULL),(43,'Fumito','Takahashi','22419','Fumito.Takahashi@ul.com','c039c79aa0a99828125c7a1acc82e2ab5f285b55','4b743fe4','','','','Asia/Tokyo','en_us',1,'2019-07-23 07:01:38','2019-07-23 07:01:38',NULL,1,NULL,NULL,NULL,0,NULL,0.00,NULL),(44,'Ryoga','Imamura','22424','Ryoga.Imamura@ul.com','ca5a96ffdd221c795180d3b42d79b9f9013caa7f','16d279be','','','','Asia/Tokyo','en_us',1,'2019-07-23 07:01:38','2019-07-23 07:01:38',NULL,1,NULL,NULL,NULL,0,NULL,0.00,NULL),(45,'Kenichi','Suda','43216','Kenichi.Suda@ul.com','f9f6a6d62f780b9f071b252c4013afd18b881ecd','36515ec9','','','','Asia/Tokyo','en_us',1,'2019-07-23 07:19:53','2019-07-23 07:19:53',NULL,1,NULL,NULL,NULL,0,NULL,0.00,NULL),(46,'Katsuyuki','Tanakajima','45635','Katsuyuki.Tanakajima@ul.com','54ca2183e226b2ca7ff468c7251c5cc8e8aacacc','1654dcfe','','','','Asia/Tokyo','en_us',1,'2019-07-23 07:19:53','2019-07-23 07:19:53',NULL,1,NULL,NULL,NULL,0,NULL,0.00,NULL),(47,'Tomoyuki','Yamashita','40747','Tomoyuki.Yamashita@ul.com','5ce16d9b83865c00ceea0f439209b4be6d55b6e5','4240c89c','','','','Asia/Tokyo','en_us',1,'2019-07-23 07:19:53','2019-07-23 07:19:53',NULL,1,NULL,NULL,NULL,0,NULL,0.00,NULL),(48,'Yutaka','Ohmizu','43238','Yutaka.Ohmizu@ul.com','29ee346263da64ca865640b7a7ec33a5633721b9','34862ce5','','','','Asia/Tokyo','en_us',1,'2019-07-23 07:19:53','2019-07-23 07:19:53',NULL,1,NULL,NULL,NULL,0,NULL,0.00,NULL),(49,'Yuki','Murata','43235','Yuki.Murata@ul.com','f36a1e6ec3569625d614c2e6078d585073b638d8','1ac265f7','','','','Asia/Tokyo','en_us',1,'2019-07-23 07:19:53','2019-07-23 07:19:53',NULL,1,NULL,NULL,NULL,0,NULL,0.00,NULL),(50,'Atsushi','Takahashi','48083','Atsushi.Takahashi@ul.com','ce6492c61efbbdab0c3a18462cff99a5737e3183','2544cda7','','','','Asia/Tokyo','en_us',1,'2019-07-23 07:19:54','2019-07-23 07:19:54',NULL,1,NULL,NULL,NULL,0,NULL,0.00,NULL),(51,'Shinnosuke','Arai','43241','Shinnosuke.Arai@ul.com','787f7809b2357a9e95411327108ef4189ad18ebb','1e3bf5f0','','','','Asia/Tokyo','en_us',1,'2019-07-23 07:19:54','2019-07-23 07:19:54',NULL,1,NULL,NULL,NULL,0,NULL,0.00,NULL),(52,'Hiroyuki','Miyata','01502','Hiroyuki.Miyata@ul.com','19436ce21fb4312b28d738a3d9bb2edd2664d976','1f2997a2','','','','Asia/Tokyo','en_us',1,'2019-07-23 07:19:54','2019-07-23 07:19:54',NULL,1,NULL,NULL,NULL,0,NULL,0.00,NULL),(53,'Katsutoshi','Kaneko','01495','Katsutoshi.Kaneko@ul.com','86f6f97c5e46f4181d3b60e1205b9162005cdf69','77b5533d','','','','Asia/Tokyo','en_us',1,'2019-07-23 07:19:54','2019-07-23 07:19:54',NULL,1,NULL,NULL,NULL,0,NULL,0.00,NULL),(54,'Tomomi','Takebuta','83249','Tomomi.Takebuta@ul.com','55595d0a7314c8c363ac19e42c6938dcb2dcfd3c','0222b0a0','','','','Asia/Tokyo','en_us',1,'2019-07-23 07:19:54','2019-07-23 07:19:54',NULL,1,NULL,NULL,NULL,0,NULL,0.00,NULL),(55,'Ebato','Makoto','43236','Makoto.Ebato@ul.com','07d9b48af03c51a853dda3ebd2bf6b7dd87951fc','3b93c3d4','','','','Asia/Tokyo','en_us',1,'2019-07-23 07:19:54','2019-07-23 07:19:54',NULL,1,NULL,NULL,NULL,0,NULL,0.00,NULL),(56,'Kazuhiro','Ando','43227','Kazuhiro.Ando@ul.com','edb85ee462f24508e311fca3313eebfa47fc81fe','4028aa28','','','','Asia/Tokyo','en_us',1,'2019-07-23 07:19:54','2019-07-23 07:19:54',NULL,1,NULL,NULL,NULL,0,NULL,0.00,NULL),(57,'Kazuaki','Suzuki','43222','Kazuaki.Suzuki@ul.com','2af542a5e9790894af474030409c651772b018c5','3a80b93c','','','','Asia/Tokyo','en_us',1,'2019-07-23 07:19:54','2019-07-23 07:19:54',NULL,1,NULL,NULL,NULL,0,NULL,0.00,NULL),(58,'Hiromitsu','Tanabe','43226','Hiromitsu.Tanabe@ul.com','742af84d590c05a8ce0452083926441cd2b7fadb','7a4dfb86','','','','Asia/Tokyo','en_us',1,'2019-07-23 07:19:54','2019-07-23 07:19:54',NULL,1,NULL,NULL,NULL,0,NULL,0.00,NULL),(59,'Tomoyuki','Watanabe','46927','Tomoyuki.Watanabe@ul.com','7f018efaaf74fbedd8f42b7e6998778e024de252','521af4f5','','','','Asia/Tokyo','en_us',1,'2019-07-23 07:19:54','2019-07-23 07:19:54',NULL,1,NULL,NULL,NULL,0,NULL,0.00,NULL),(60,'Kento','Enomoto','01484','Kento.Enomoto@ul.com','615c9961481fa675ea14022860d28ef7f4f73108','3cc116d2','','','','Asia/Tokyo','en_us',1,'2019-07-23 07:19:54','2019-07-23 07:19:54',NULL,1,NULL,NULL,NULL,0,NULL,0.00,NULL),(61,'Nobuyuki','Sakamoto','14071','Nobuyuki.Sakamoto@ul.com','f447a84ba089c68d9e3baa7b7457def637bbe2ea','0a3933ff','','','','Asia/Tokyo','en_us',1,'2019-07-23 07:19:54','2019-07-23 07:19:54',NULL,1,NULL,NULL,NULL,0,NULL,0.00,NULL),(62,'Hiroyuki','Tsubaki','14153','Hiroyuki.Tsubaki@ul.com','b4f3b5b6e0431f01663945724450bfd8961c622c','3b8d8d34','','','','Asia/Tokyo','en_us',1,'2019-07-23 07:19:55','2019-07-23 07:19:55',NULL,1,NULL,NULL,NULL,0,NULL,0.00,NULL),(63,'Makoto','Kawana','43233','Makoto.Kawana@ul.com','54c7fcc18862202e701a570e384b87bc4dd6651c','36a82c38','','','','Asia/Tokyo','en_us',1,'2019-07-23 07:19:55','2019-07-23 07:19:55',NULL,1,NULL,NULL,NULL,0,NULL,0.00,NULL),(64,'Yoshinori','Misawa','43237','Yoshinori.Misawa@ul.com','230d388be2734c10c6c5fc1a6cc654ebc96ad14c','76b2771e','','','','Asia/Tokyo','en_us',1,'2019-07-23 07:19:55','2019-07-23 07:19:55',NULL,1,NULL,NULL,NULL,0,NULL,0.00,NULL),(65,'Shinji','Ohno','43228','Shinji.Ohno@ul.com','c746d3aa3d49974053461e7f41470f15e30b0e81','429a8608','','','','Asia/Tokyo','en_us',1,'2019-07-23 07:19:55','2019-07-23 07:19:55',NULL,1,NULL,NULL,NULL,0,NULL,0.00,NULL),(66,'Atsushi','X.Takahashi','48097','Atsushi.X.Takahashi@ul.com','ab4e5b074066d3e713002542e83366729234ec3f','608b7501','','','','Asia/Tokyo','en_us',1,'2019-07-23 07:19:55','2019-07-23 07:19:55',NULL,1,NULL,NULL,NULL,0,NULL,0.00,NULL),(67,'Mitsuhiro','Jitsukawa','43224','Mitsuhiro.Jitsukawa@ul.com','83ec49cf97f93fa0d53471b83e75a1850fd22d43','32e0c825','','','','Asia/Tokyo','en_us',1,'2019-07-23 07:19:55','2019-07-23 07:19:55',NULL,1,NULL,NULL,NULL,0,NULL,0.00,NULL),(68,'Yuhi','Mori','02216','Yuhi.Mori@ul.com','92f8d8d6a9b826669f17fe1ef96915d68f669123','057af721','','','','Asia/Tokyo','en_us',1,'2019-07-23 07:19:55','2019-07-23 07:19:55',NULL,1,NULL,NULL,NULL,0,NULL,0.00,NULL),(69,'Hideaki','Tanaka','14134','Hideaki.Tanaka@ul.com','0b4e40af9204d61ba08948d498b896e1afa9908f','7e2bd808','','','','Asia/Tokyo','en_us',1,'2019-07-23 07:19:55','2019-07-23 07:19:55',NULL,1,NULL,NULL,NULL,0,NULL,0.00,NULL),(70,'Ryotaro','Nagai','14115','Ryotaro.Nagai@ul.com','a625a4c6ed249f2889bc6943f275c28376a1905b','07f77d60','','','','Asia/Tokyo','en_us',1,'2019-07-23 07:19:55','2019-07-23 07:19:55',NULL,1,NULL,NULL,NULL,0,NULL,0.00,NULL),(71,'Yutaka','Menzawa','20384','Yutaka.Menzawa@ul.com','7e360b63318fda4497633de3b0282b2e86da4069','6e9ad0f9','','','','Asia/Tokyo','en_us',1,'2019-07-23 07:19:55','2019-07-23 07:19:55',NULL,1,NULL,NULL,NULL,0,NULL,0.00,NULL),(72,'Ryuya','Akiyama','20383','Ryuya.Akiyama@ul.com','9ebd876e9477c42a56892a15e30082ab34c59000','40308065','','','','Asia/Tokyo','en_us',1,'2019-07-23 07:19:55','2019-07-23 07:19:55',NULL,1,NULL,NULL,NULL,0,NULL,0.00,NULL),(73,'Takuya','Chiba','01506','Takuya.Chiba@ul.com','b68be8a6ee07293138141b0d422a404e7c72ed46','423517fe','','','','Asia/Tokyo','en_us',1,'2019-07-23 07:19:55','2019-07-23 07:19:55',NULL,1,NULL,NULL,NULL,0,NULL,0.00,NULL),(74,'Yuki','Kaiharazuka','20404','Yuki.Kaiharazuka@ul.com','0bff60e29c558a1d486ba6db2b47555672010d72','79dd294b','','','','Asia/Tokyo','en_us',1,'2019-07-23 07:19:55','2019-07-23 07:19:55',NULL,1,NULL,NULL,NULL,0,NULL,0.00,NULL),(75,'Atsushi','Katayama','22420','Atsushi.Katayama@ul.com','8e77545e8e0fbf61fb53ff963e9b21b93c781028','1c0f23f1','','','','Asia/Tokyo','en_us',1,'2019-07-23 07:19:56','2019-07-23 07:19:56',NULL,1,NULL,NULL,NULL,0,NULL,0.00,NULL),(76,'Yuto','Ohneta','22433','Yuto.Ohneta@ul.com','b51a6f10d18d73c37d6c1ea27a49ad5b944e04e5','0d5a979f','','','','Asia/Tokyo','en_us',1,'2019-07-23 07:19:56','2019-07-23 07:19:56',NULL,1,NULL,NULL,NULL,0,NULL,0.00,NULL),(77,'Yusei','Yoshida','22436','Yusei.Yoshida@ul.com','e2047fca4801b94c69b696aa2ce6dd1b644a97c6','69f1c347','','','','Asia/Tokyo','en_us',1,'2019-07-23 07:19:56','2019-07-23 07:19:56',NULL,1,NULL,NULL,NULL,0,NULL,0.00,NULL),(78,'Yohei','Matsuura','22439','Yohei.Matsuura@ul.com','9eee97528fede0c962d29a732f7253cccfcda764','0f4d8715','','','','Asia/Tokyo','en_us',1,'2019-07-23 07:19:56','2019-07-23 07:19:56',NULL,1,NULL,NULL,NULL,0,NULL,0.00,NULL),(79,'Mikiko','Nayuki','48089','Mikiko.Nayuki@ul.com','8a04d7a9407a14ddb58c3d74abde492d58d278d4','10b8cfcc','','','','Asia/Tokyo','en_us',1,'2019-07-23 07:19:56','2019-07-23 07:19:56',NULL,1,NULL,NULL,NULL,0,NULL,0.00,NULL),(80,'Kazumi','Kyuzen','20396','Kazumi.Kyuzen@ul.com','a8c2f2d706099a6ee2905b5ec9f4abf562df8331','3f881c03','','','','Asia/Tokyo','en_us',1,'2019-07-23 07:19:56','2019-07-23 07:19:56',NULL,1,NULL,NULL,NULL,0,NULL,0.00,NULL),(81,'Chiyomi','Moki','81358','Chiyomi.Moki@ul.com','769485aa9000b8ed5aaf720a19ef879adedd716e','17174894','','','','Asia/Tokyo','en_us',1,'2019-07-23 07:19:56','2019-07-23 07:19:56',NULL,1,NULL,NULL,NULL,0,NULL,0.00,NULL),(82,'Yuki','Kono','82640','Yuki.Kono@ul.com','fe285d208b5be7a85309ce05d59e1cf97226a58a','2791bb5a','','','','Asia/Tokyo','en_us',1,'2019-07-23 07:19:56','2019-07-23 07:19:56',NULL,1,NULL,NULL,NULL,0,NULL,0.00,NULL),(83,'Sanae','Fujii','82820','Sanae.Fujii@ul.com','f31c125aa41ec4bedc2828f01e27535474f37d10','3ed71dc2','','','','Asia/Tokyo','en_us',1,'2019-07-23 07:19:56','2019-07-23 07:19:56',NULL,1,NULL,NULL,NULL,0,NULL,0.00,NULL),(84,'Yuko','Uzawa','43243','Yuko.Uzawa@ul.com','3ef2691c0bc0e48f4034a385b5f51ff4604a2d62','1efc3af2','','','','Asia/Tokyo','en_us',1,'2019-07-23 07:19:56','2019-07-23 07:19:56',NULL,1,NULL,NULL,NULL,0,NULL,0.00,NULL),(85,'Ichiro','Isozaki','40740','Ichiro.Isozaki@ul.com','8a2a8868b9cec60be28cbf9e908a34bf395ccfd9','3e06efff','','','','Asia/Tokyo','en_us',1,'2019-07-23 07:57:46','2019-07-23 07:57:46',NULL,1,NULL,NULL,NULL,0,NULL,0.00,NULL),(86,'Toyokazu','Imamura','40750','Toyokazu.Imamura@ul.com','7013faa7927bffbbe1df38d393c3939527daae44','2f94adae','','','','Asia/Tokyo','en_us',1,'2019-07-23 07:57:46','2019-07-23 07:57:46',NULL,1,NULL,NULL,NULL,0,NULL,0.00,NULL),(87,'Akira','Sato','40706','Akira.Sato@ul.com','b8fa87c2bb7df8dd6b981bdfee4b90b551e7ddfa','203cc3c6','','','','Asia/Tokyo','en_us',1,'2019-07-23 07:57:46','2019-07-23 07:57:46',NULL,1,NULL,NULL,NULL,0,NULL,0.00,NULL),(88,'Hikaru','Shirasawa','20049','Hikaru.Shirasawa@ul.com','f00db89adb31b8aba623139570f2e9e4abc75eb8','3cedf7df','','','','Asia/Tokyo','en_us',1,'2019-07-23 07:57:46','2019-07-23 07:57:46',NULL,1,NULL,NULL,NULL,0,NULL,0.00,NULL),(89,'Yusuke','Ohnuma','17644','Yusuke.Ohnuma@ul.com','28597a9377aa24613268ab02b9837f4b6e402783','4fb57a67','','','','Asia/Tokyo','en_us',1,'2019-07-23 07:57:46','2019-07-23 07:57:46',NULL,1,NULL,NULL,NULL,0,NULL,0.00,NULL),(90,'Akio','Hayashi','11965','Akio.Hayashi@ul.com','1dccfdc00ca47924a152d2a6a6f8d0ee4928ff7b','3edbe8e5','','','','Asia/Tokyo','en_us',1,'2019-07-23 07:57:46','2019-07-23 07:57:46',NULL,1,NULL,NULL,NULL,0,NULL,0.00,NULL),(91,'Shinichi','Takano','21746','Shinichi.Takano@ul.com','6e8a216eb4e61fd611435ffa88591bf7173e714f','00b27247','','','','Asia/Tokyo','en_us',1,'2019-07-23 07:57:46','2019-07-23 07:57:46',NULL,1,NULL,NULL,NULL,0,NULL,0.00,NULL),(92,'Makoto','Hosaka','01568','Makoto.Hosaka@ul.com','e185399b4a451c96412d76b639e48c491b4e3898','2b3f6a7e','','','','Asia/Tokyo','en_us',1,'2019-07-23 07:57:46','2019-07-23 07:57:46',NULL,1,NULL,NULL,NULL,0,NULL,0.00,NULL),(93,'Kazutaka','Takeyama','21876','Kazutaka.Takeyama@ul.com','abeec94b944abaecfae73a237ec56ad2604dfb7e','3d2df6ff','','','','Asia/Tokyo','en_us',1,'2019-07-23 07:57:46','2019-07-23 07:57:46',NULL,1,NULL,NULL,NULL,0,NULL,0.00,NULL),(94,'Akihiro','Oda','18620','Akihiro.Oda@ul.com','d1c1232ea6581289c3d3f848ff96c97cdc979c1f','07abfb96','','','','Asia/Tokyo','en_us',1,'2019-07-23 07:57:46','2019-07-23 07:57:46',NULL,1,NULL,NULL,NULL,0,NULL,0.00,NULL),(95,'Shiro','Kobayashi','48085','Shiro.Kobayashi@ul.com','9bf8334bb7a1a1f45183c4b34c6d7899d27debc4','07f331a3','','','','Asia/Tokyo','en_us',1,'2019-07-23 07:57:47','2019-07-23 07:57:47',NULL,1,NULL,NULL,NULL,0,NULL,0.00,NULL),(96,'Aya','Tanaka','40782','Aya.Tanaka@ul.com','793bc0f1f8b5c33c23a823d8aba577319719d302','0bca13d9','','','','Asia/Tokyo','en_us',1,'2019-07-23 07:57:47','2019-07-23 07:57:47',NULL,1,NULL,NULL,NULL,0,NULL,0.00,NULL),(97,'Tatsuya','Arai','08708','Tatsuya.Arai@ul.com','835c0e2eddeb2bcd8308b61a202bc54cb3aa49e6','296b5ca3','','','','Asia/Tokyo','en_us',1,'2019-07-23 07:57:47','2019-07-23 07:57:47',NULL,1,NULL,NULL,NULL,0,NULL,0.00,NULL),(98,'Maiko','Shimoda','48095','Maiko.Shimoda@ul.com','4069a764e7dc8f865189cd32ff40c2ccb6ad4856','083b42a1','','','','Asia/Tokyo','en_us',1,'2019-07-23 07:57:47','2019-07-23 07:57:47',NULL,1,NULL,NULL,NULL,0,NULL,0.00,NULL),(99,'Miki','Murasato','11169','Miki.Murasato@ul.com','7a0fb29eee1fac710d4a7a7f28f8f89028ed1285','23102bc2','','','','Asia/Tokyo','en_us',1,'2019-07-23 07:57:47','2019-07-23 07:57:47',NULL,1,NULL,NULL,NULL,0,NULL,0.00,NULL),(100,'Hiroyuki','Azuma','45632','Hiroyuki.Azuma@ul.com','0b93b4456cacde8bd6577110a0ae9bdc45c2aabb','2ed0dfd3','','','','Asia/Tokyo','en_us',1,'2019-07-23 07:57:47','2019-07-23 07:57:47',NULL,1,NULL,NULL,NULL,0,NULL,0.00,NULL),(101,'Yosuke','Ishikawa','43033','Yosuke.Ishikawa@ul.com','5581df15d6ed221be9f9580a2b8f6a985032d4bd','00610785','','','','Asia/Tokyo','en_us',1,'2019-07-23 07:57:47','2019-07-23 07:57:47',NULL,1,NULL,NULL,NULL,0,NULL,0.00,NULL),(102,'Kenichi','Adachi','40787','Kenichi.Adachi@ul.com','b14eb517f06dff0b6d595c9c74da44871f3b5155','0d78925a','','','','Asia/Tokyo','en_us',1,'2019-07-23 07:57:47','2019-07-23 07:57:47',NULL,1,NULL,NULL,NULL,0,NULL,0.00,NULL),(103,'Takahiro','Suzuki','40712','Takahiro.Suzuki@ul.com','62ec5a8d1e0cfca586c9cb7e8e8e1cf86d3b37b3','19c765a8','','','','Asia/Tokyo','en_us',1,'2019-07-23 07:57:47','2019-07-23 07:57:47',NULL,1,NULL,NULL,NULL,0,NULL,0.00,NULL),(104,'Yohsuke','Matsuzawa','21039','Yohsuke.Matsuzawa@ul.com','1abe54eef1bdbbd157db20e91ba16fbfd4cf6251','3ad4d4b6','','','','Asia/Tokyo','en_us',1,'2019-07-23 07:57:47','2019-07-23 07:57:47',NULL,1,NULL,NULL,NULL,0,NULL,0.00,NULL),(105,'Hiroshi','Naka','40698','Hiroshi.Naka@ul.com','0caf9cd8775fcd1efc58784ea04b8ac058b63c42','359437b3','','','','Asia/Tokyo','en_us',1,'2019-07-23 07:57:47','2019-07-23 07:57:47',NULL,1,NULL,NULL,NULL,0,NULL,0.00,NULL),(106,'Hiromasa','Sato','14136','Hiromasa.Sato@ul.com','15995b95a69c17b324b4a19194c5834be66b4cfa','3adfcf4c','','','','Asia/Tokyo','en_us',1,'2019-07-23 07:57:47','2019-07-23 07:57:47',NULL,1,NULL,NULL,NULL,0,NULL,0.00,NULL),(107,'Masahide','Ozaki','14168','Masahide.Ozaki@ul.com','dc6a095ead6241d48b6b981b5f6f98ffb1739c8d','19564190','','','','Asia/Tokyo','en_us',1,'2019-07-23 07:57:47','2019-07-23 07:57:48',NULL,1,NULL,NULL,NULL,0,NULL,0.00,NULL),(108,'Shuma','Terasawa','22423','Shuma.Terasawa@ul.com','40185fe6d1d34e76b0fea719469e0ee5d3579866','601aabf4','','','','Asia/Tokyo','en_us',1,'2019-07-23 07:57:48','2019-07-23 07:57:48',NULL,1,NULL,NULL,NULL,0,NULL,0.00,NULL),(109,'Yasumasa','Owaki','13835','Yasumasa.Owaki@ul.com','e98ffc2389e90b692073b128a2dd911700481692','2894b7d7','','','','Asia/Tokyo','en_us',1,'2019-07-23 07:57:48','2019-07-23 07:57:48',NULL,1,NULL,NULL,NULL,0,NULL,0.00,NULL),(110,'Takashi','Konno','06048','Takashi.Konno@ul.com','2c6ebefff31e1679c9a4c4a72678c7c9caeb0b9c','5ee554d6','','','','Asia/Tokyo','en_us',1,'2019-07-23 07:57:48','2019-07-23 07:57:48',NULL,1,NULL,NULL,NULL,0,NULL,0.00,NULL),(111,'Yusuke','Tanikawara','43035','Yusuke.Tanikawara@ul.com','8d6860f7b84f53527c8feac7f3c1db4a40fba20a','759ef5e8','','','','Asia/Tokyo','en_us',1,'2019-07-23 07:57:48','2019-07-23 07:57:48',NULL,1,NULL,NULL,NULL,0,NULL,0.00,NULL),(112,'Shunsaku','Yumi','50574','Shunsaku.Yumi@ul.com','c53264263f2499c460f01a0d93a0a999f5330baf','44c653e3','','','','Asia/Tokyo','en_us',1,'2019-07-23 07:57:48','2019-07-23 07:57:48',NULL,1,NULL,NULL,NULL,0,NULL,0.00,NULL),(113,'Kazuya','Noda','51250','Kazuya.Noda@ul.com','d70cbc364f94235458add2f7d5b081aa09d48cd9','1651089a','','','','Asia/Tokyo','en_us',1,'2019-07-23 07:57:48','2019-07-23 07:57:48',NULL,1,NULL,NULL,NULL,0,NULL,0.00,NULL),(114,'Kouki','Yamada','14118','Kouki.Yamada@ul.com','8c7a099d9dc9d0b4bb839483b93b5eaafd9e8ed5','77c67cc6','','','','Asia/Tokyo','en_us',1,'2019-07-23 07:57:48','2019-07-23 07:57:48',NULL,1,NULL,NULL,NULL,0,NULL,0.00,NULL),(115,'Takahiro','Kawakami','14161','Takahiro.Kawakami@ul.com','ad686676c05241cf0b4f0a4116056d1ef74ca9e6','4bfb261d','','','','Asia/Tokyo','en_us',1,'2019-07-23 07:57:48','2019-07-23 07:57:48',NULL,1,NULL,NULL,NULL,0,NULL,0.00,NULL),(116,'Daisuke','Mitake','81878','Daisuke.Mitake@ul.com','94180d4cabcbc33ba070ed2c5f36baf9e3cd6f01','145f11fb','','','','Asia/Tokyo','en_us',1,'2019-07-23 07:57:48','2019-07-23 07:57:48',NULL,1,NULL,NULL,NULL,0,NULL,0.00,NULL),(117,'Kaoru','Minori','83322','Kaoru.Minori@ul.com','7a609db78c5a93f9e45b3bfe91047a437f0ea89c','2fb3102c','','','','Asia/Tokyo','en_us',1,'2019-07-23 07:57:48','2019-07-23 07:57:48',NULL,1,NULL,NULL,NULL,0,NULL,0.00,NULL),(118,'Sakiko','Inafuku','83314','Sakiko.Inafuku@ul.com','6cbd9319bb66598a6b03daeb9d08ec525e4c0a86','316129ca','','','','Asia/Tokyo','en_us',1,'2019-07-23 07:57:48','2019-07-23 07:57:48',NULL,1,NULL,NULL,NULL,0,NULL,0.00,NULL),(119,'Takafumi','Kurosawa','41368','Takafumi.Kurosawa@ul.com','4e72350ab54db34231b2da90f708fe516d9e6ce4','42410d96','','','','Asia/Tokyo','en_us',1,'2019-07-23 07:57:48','2019-07-23 07:57:48',NULL,1,NULL,NULL,NULL,0,NULL,0.00,NULL),(120,'Ulrich','Faber','39009','Ulrich.Faber@ul.com','a0b7dcf37e614a33055839329528134f83440185','0cf88287','','','','Asia/Tokyo','en_us',1,'2019-07-23 07:57:48','2019-07-23 07:57:48',NULL,1,NULL,NULL,NULL,0,NULL,0.00,NULL),(121,'Takayuki','Kobayashi','51241','Takayuki.Kobayashi@ul.com','729777c60107ba4e758a04bc139f00531181ce4e','68771fe8','','','','Asia/Tokyo','en_us',1,'2019-07-23 07:57:49','2019-07-23 07:57:49',NULL,1,NULL,NULL,NULL,0,NULL,0.00,NULL),(122,'Hiroshi','Arakawa','47049','Hiroshi.Arakawa@ul.com','247a1d5aa30180016f3399d295739a3e576a2fd2','74aaf50e','','','','Asia/Tokyo','en_us',1,'2019-07-23 07:57:49','2019-07-23 07:57:49',NULL,1,NULL,NULL,NULL,0,NULL,0.00,NULL),(123,'Mayumi','Inoue','21877','Mayumi.Inoue@ul.com','7bebcc1f6a68ea17e9de8e4847c516f448dfc631','7ddb813c','','','','Asia/Tokyo','en_us',1,'2019-07-23 07:57:49','2019-07-23 07:57:49',NULL,1,NULL,NULL,NULL,0,NULL,0.00,NULL),(124,'Masako','Mochihara','82362','Masako.Mochihara@ul.com','514cf9d20af350325c11809cdb5e67d0fd51fb90','686f146e','','','','Asia/Tokyo','en_us',1,'2019-07-23 07:57:49','2019-07-23 07:57:49',NULL,1,NULL,NULL,NULL,0,NULL,0.00,NULL),(125,'Go','Ishiwata','07765','Go.Ishiwata@ul.com','32df215b024a6c46db8c8df8859d008e909fda3a','079cb104','','','','Asia/Tokyo','en_us',1,'2019-07-23 07:57:49','2019-07-23 07:57:49',NULL,1,NULL,NULL,NULL,0,NULL,0.00,NULL),(126,'Osamu','Watatani','40642','Osamu.Watatani@ul.com','cb6ad366f5d2bf64dfd0f763e8b54ef0e4f26a55','49c8c97f','','','','Asia/Tokyo','en_us',1,'2019-07-23 07:57:49','2019-07-23 07:57:49',NULL,1,NULL,NULL,NULL,0,NULL,0.00,NULL),(127,'Hiroaki','Shimoda','48099','Hiroaki.Shimoda@ul.com','6b5d90a3429716c22ee1657b37ad089e90e90d25','1bbb0594','','','','Asia/Tokyo','en_us',1,'2019-07-23 07:57:49','2019-07-23 07:57:49',NULL,1,NULL,NULL,NULL,0,NULL,0.00,NULL),(128,'Makoto','Toyoda','04342','Makoto.Toyoda@ul.com','01e1d4cb4f537bffcbfcaacd7c14a5de88084c49','5660d715','','','','Asia/Tokyo','en_us',1,'2019-07-23 08:07:58','2019-07-23 08:07:58',NULL,1,NULL,NULL,NULL,0,NULL,0.00,NULL),(129,'Makoto','Kashishita','07612','Makoto.Kashishita@ul.com','c4e56bd2e286b2d984663293ea5ee1b19d61cd33','23639fab','','','','Asia/Tokyo','en_us',1,'2019-07-23 08:07:58','2019-07-23 08:07:58',NULL,1,NULL,NULL,NULL,0,NULL,0.00,NULL),(130,'Yasunori','Hashizume','51243','Yasunori.Hashizume@ul.com','c6fc976670a58de73e37150f947c2f8088c72c7f','6fdc3836','','','','Asia/Tokyo','en_us',1,'2019-07-23 08:07:58','2019-07-23 08:07:58',NULL,1,NULL,NULL,NULL,0,NULL,0.00,NULL),(131,'Daigo','Hamaguchi','04128','Daigo.Hamaguchi@ul.com','a195026c2c2b9dda0349b194b05ae11056d0f00f','7a52ac00','','','','Asia/Tokyo','en_us',1,'2019-07-23 08:07:58','2019-07-23 08:07:58',NULL,1,NULL,NULL,NULL,0,NULL,0.00,NULL),(132,'Seigo','Kakehi','40656','Seigo.Kakehi@ul.com','ac90ad27f1fb357599d2dec7e1bc98f4852dc3fa','02476f18','','','','Asia/Tokyo','en_us',1,'2019-07-23 08:07:59','2019-07-23 08:07:59',NULL,1,NULL,NULL,NULL,0,NULL,0.00,NULL),(133,'Hiroki','Numata','14102','Hiroki.Numata@ul.com','b0dec97b9cc0ddb5223e8a5269660c83e9ad853f','4faa7091','','','','Asia/Tokyo','en_us',1,'2019-07-23 08:07:59','2019-07-23 08:07:59',NULL,1,NULL,NULL,NULL,0,NULL,0.00,NULL),(134,'Jun','Ito','14069','Jun.Ito@ul.com','e86645136358f7464dd552d8115ac8459fe257f8','5baf9cd6','','','','Asia/Tokyo','en_us',1,'2019-07-23 08:07:59','2019-07-23 08:07:59',NULL,1,NULL,NULL,NULL,0,NULL,0.00,NULL),(135,'Hiroka','Nakano','40681','Hiroka.Nakano@ul.com','b2f768d827ef28876b1f8bea4b8438584d70b0cc','46cc510c','','','','Asia/Tokyo','en_us',1,'2019-07-23 08:07:59','2019-07-23 08:07:59',NULL,1,NULL,NULL,NULL,0,NULL,0.00,NULL),(136,'Yusuke','Ueda','20386','Yusuke.Ueda@ul.com','bbddeda71772f4c86b1e126d3bbc116f5d2d739e','264b0a9e','','','','Asia/Tokyo','en_us',1,'2019-07-23 08:07:59','2019-07-23 08:07:59',NULL,1,NULL,NULL,NULL,0,NULL,0.00,NULL),(137,'Misae','Nakaseko','40636','Misae.Nakaseko@ul.com','ff05139d86b5d4512c5ce34ac5fc2c752b5d93bf','3c6cfffc','','','','Asia/Tokyo','en_us',1,'2019-07-23 08:07:59','2019-07-23 08:07:59',NULL,1,NULL,NULL,NULL,0,NULL,0.00,NULL),(138,'Takeshi','Narukawa','40705','Takeshi.Narukawa@ul.com','02e11db3e13a12fc71a5116dcc19a2342b792ca8','56802019','','','','Asia/Tokyo','en_us',1,'2019-07-23 08:07:59','2019-07-23 08:07:59',NULL,1,NULL,NULL,NULL,0,NULL,0.00,NULL),(139,'Tetsuya','Uemura','07664','Tetsuya.Uemura@ul.com','b08f999861fe2eef61b37c0fb1967c6af25042ee','271146ef','','','','Asia/Tokyo','en_us',1,'2019-07-23 08:07:59','2019-07-23 08:07:59',NULL,1,NULL,NULL,NULL,0,NULL,0.00,NULL),(140,'Kosuke','Yamagishi','47447','Kosuke.Yamagishi@ul.com','a3d575a6cabf236ec5cfc4ce61545a2e02f477d0','603cd52b','','','','Asia/Tokyo','en_us',1,'2019-07-23 08:07:59','2019-07-23 08:07:59',NULL,1,NULL,NULL,NULL,0,NULL,0.00,NULL),(141,'Hiromichi','Nakai','03433','Hiromichi.Nakai@ul.com','cda76feb0580c48f191a15ceb8a6393ed7d79e34','4223b4b5','','','','Asia/Tokyo','en_us',1,'2019-07-23 08:07:59','2019-07-23 08:07:59',NULL,1,NULL,NULL,NULL,0,NULL,0.00,NULL),(142,'Kiyoshiro','Okazaki','14104','Kiyoshiro.Okazaki@ul.com','5c4ee3d642184cfc121b6ad9af208b120834c216','2bab807b','','','','Asia/Tokyo','en_us',1,'2019-07-23 08:07:59','2019-07-23 08:07:59',NULL,1,NULL,NULL,NULL,0,NULL,0.00,NULL),(143,'Takahiro','Tanaka','20387','Takahiro.Tanaka@ul.com','8239f5e596642bc93fea8162e8f797e228b516b7','1b465522','','','','Asia/Tokyo','en_us',1,'2019-07-23 08:07:59','2019-07-23 08:07:59',NULL,1,NULL,NULL,NULL,0,NULL,0.00,NULL),(144,'Kentaro','Iihoshi','14056','Kentaro.Iihoshi@ul.com','431e4675d58c0874760d93d722fdffac1ad93465','4d9b5bbc','','','','Asia/Tokyo','en_us',1,'2019-07-23 08:07:59','2019-07-23 08:08:00',NULL,1,NULL,NULL,NULL,0,NULL,0.00,NULL),(145,'Kayo','Sakakibara','17348','Kayo.Sakakibara@ul.com','1bf13b4f1df0820c2ba6bc6894b85e1a575652ac','2d049af4','','','','Asia/Tokyo','en_us',1,'2019-07-23 08:08:00','2019-07-23 08:08:00',NULL,1,NULL,NULL,NULL,0,NULL,0.00,NULL),(146,'Rie','Oka','19772','Rie.Oka@ul.com','ba8793399e8a3d3da5e3f4b7684deea8a9120069','26fcf84d','','','','Asia/Tokyo','en_us',1,'2019-07-23 08:08:00','2019-07-23 08:08:00',NULL,1,NULL,NULL,NULL,0,NULL,0.00,NULL),(147,'Miyuki','Tsujimura','51239','Miyuki.Tsujimura@ul.com','e7681aa866a3830e6a8aaa205e943176762c3983','419bee15','','','','Asia/Tokyo','en_us',1,'2019-07-23 08:08:00','2019-07-23 08:08:00',NULL,1,NULL,NULL,NULL,0,NULL,0.00,NULL),(148,'Matthew','Nielsen','10604','Matthew.Nielsen@ul.com','1f2f615f8b81010c34bb8d011e31d058db19230b','114ca1da','','','','America/Los_Angeles','en_us',1,'2019-07-23 09:34:20','2019-07-23 09:34:20',NULL,1,NULL,NULL,NULL,0,NULL,0.00,NULL),(149,'Abdella','Ahmed','10628','Abdella.Ahmed@ul.com','a0e71d1be54bbdc30766dfd6764eb40ab1c45139','7ba73946','','','','America/Los_Angeles','en_us',1,'2019-07-23 09:34:20','2019-07-23 09:34:20',NULL,1,NULL,NULL,NULL,0,NULL,0.00,NULL),(150,'Ray','Li','10629','Ray.Li@ul.com','dd787099b8a9d0900fdbce9608d598724f92d5a8','73f62827','','','','America/Los_Angeles','en_us',1,'2019-07-23 09:34:20','2019-07-23 09:34:20',NULL,1,NULL,NULL,NULL,0,NULL,0.00,NULL),(151,'Phil','Deming','10632','Phil.Deming@ul.com','fb5366eb35b736198e2d920a38bc9b2ea04f8c40','008709b0','','','','America/Los_Angeles','en_us',1,'2019-07-23 09:34:20','2019-07-23 09:34:20',NULL,1,NULL,NULL,NULL,0,NULL,0.00,NULL),(152,'jason','Ross','10649','jason.x.ross@ul.com','6a77167844d0cd9226c9c87ddced2ab65853f03e','080d02fc','','','','America/Los_Angeles','en_us',1,'2019-07-23 09:34:20','2019-07-23 09:34:20',NULL,1,NULL,NULL,NULL,0,NULL,0.00,NULL),(153,'Lynette','Sandoval','12446','Lynette.Sandoval@ul.com','6196f9808a6a7a1375d58a99171f12d2d7aca699','00784344','','','','America/Los_Angeles','en_us',1,'2019-07-23 09:34:20','2019-07-23 09:34:20',NULL,1,NULL,NULL,NULL,0,NULL,0.00,NULL),(154,'Gerardo','Abrego','12485','Gerardo.Abrego@ul.com','806caf90e4514792a16e3a7cbb569b034fe6e55d','4400040e','','','','America/Los_Angeles','en_us',1,'2019-07-23 09:34:20','2019-10-12 09:49:26',NULL,1,NULL,NULL,NULL,0,NULL,0.00,NULL),(155,'Irene','Rademacher','12488','Irene.Rademacher@ul.com','c03a30f028d603e6eed88ac4b5d1543e45346cb1','23b5cbc0','','','','America/Los_Angeles','en_us',1,'2019-07-23 09:34:20','2019-07-23 09:34:20',NULL,1,NULL,NULL,NULL,0,NULL,0.00,NULL),(156,'Jose','Martinez','12506','Jose.Martinez@ul.com','4f04ae93cd5249eb286beb584ae9955d9aab5fe1','53c7df46','','','','America/Los_Angeles','en_us',1,'2019-07-23 09:34:20','2019-07-23 09:34:20',NULL,1,NULL,NULL,NULL,0,NULL,0.00,NULL),(157,'michael','romero','12511','michael.romero@ul.com','8b2c9c7e2b49b6161bde797294145f827df3d3b4','1956b97a','','','','America/Los_Angeles','en_us',1,'2019-07-23 09:34:20','2019-07-23 09:34:20',NULL,1,NULL,NULL,NULL,0,NULL,0.00,NULL),(158,'Matthew','Marotto','12527','Matthew.J.Marotto@ul.com','7b1f501947e1f4b560f1faf239fbc5842753cff4','121c4f80','','','','America/Los_Angeles','en_us',1,'2019-07-23 09:34:20','2019-07-23 09:34:20',NULL,1,NULL,NULL,NULL,0,NULL,0.00,NULL),(159,'Sandhya','Chinnaraju','12549','Sandhya.Chinnaraju@ul.com','05357fb612bfa6a84a132321a83e0299b6e32179','475cc828','','','','America/Los_Angeles','en_us',1,'2019-07-23 09:34:20','2019-07-23 09:34:21',NULL,1,NULL,NULL,NULL,0,NULL,0.00,NULL),(160,'Ana','Aumentado','12701','Ana.M.Aumentado@ul.com','e72b4664771ff0376e45d3ab74f42bb9007eb45f','204f08ef','','','','America/Los_Angeles','en_us',1,'2019-07-23 09:34:21','2019-07-23 09:34:21',NULL,1,NULL,NULL,NULL,0,NULL,0.00,NULL),(161,'Joe','What','12746','Joe.What@ul.com','2e01d7d2b93b90d089e59d676ee96465ddfa81c1','69512e16','','','','America/Los_Angeles','en_us',1,'2019-07-23 09:34:21','2019-07-23 09:34:21',NULL,1,NULL,NULL,NULL,0,NULL,0.00,NULL),(162,'Michael','Kriegbaum','12891','Michael.E.Kriegbaum@ul.com','514aefa8440113785b3123f9fe125f205c98eef6','2bfbaf31','','','','America/Los_Angeles','en_us',1,'2019-07-23 09:34:21','2019-07-23 09:34:21',NULL,1,NULL,NULL,NULL,0,NULL,0.00,NULL),(163,'Jonathan','Ayala','12987','Jonathan.Ayala@ul.com','3e610a85b4f6dea8a6a65f7b2780a7bdb63d264e','497ec49e','','','','America/Los_Angeles','en_us',1,'2019-07-23 09:34:21','2019-07-23 09:34:21',NULL,1,NULL,NULL,NULL,0,NULL,0.00,NULL),(164,'Harold','Wells','13263','Harold.Wells@ul.com','e1d115d7fc82a8e7b406f8d8f256edae9b0a9098','58827ef8','','','','America/Los_Angeles','en_us',1,'2019-07-23 09:34:21','2019-07-23 09:34:21',NULL,1,NULL,NULL,NULL,0,NULL,0.00,NULL),(165,'David','Weaver','13383','David.Weaver@ul.com','666dd73ea55d641381338566385ce07297ccdd3b','46018af0','','','','America/Los_Angeles','en_us',1,'2019-07-23 09:34:21','2019-07-23 09:34:21',NULL,1,NULL,NULL,NULL,0,NULL,0.00,NULL),(166,'Ron','Paiva','13704','Ron.S.Paiva@ul.com','cbe930b1e0c3aafd0b3f8e9da082c115b5ff660f','48ee0ed9','','','','America/Los_Angeles','en_us',1,'2019-07-23 09:34:21','2019-07-23 09:34:21',NULL,1,NULL,NULL,NULL,0,NULL,0.00,NULL),(167,'Cynthia','Wang','16104','Cynthia.Wang@ul.com','5d38082d7c90d35dfdf837d5bbf101a12f6ff0e1','105c5bf5','','','','America/Los_Angeles','en_us',1,'2019-07-23 09:34:21','2019-07-23 09:34:21',NULL,1,NULL,NULL,NULL,0,NULL,0.00,NULL),(168,'Miguel','Llamas','17774','Miguel.X.Llamas@ul.com','0ef17762b2dced81d2c1b3e8dcd0c4b683345a90','199467b1','','','','America/Los_Angeles','en_us',1,'2019-07-23 09:34:21','2019-07-23 09:34:21',NULL,1,NULL,NULL,NULL,0,NULL,0.00,NULL),(169,'Sharon','Schell','18070','Sharon.A.Schell@ul.com','031d7a429b166964ff3b12e6c1a98a74f4e1551e','4d6e653c','','','','America/Los_Angeles','en_us',1,'2019-07-23 09:34:21','2019-07-23 09:34:21',NULL,1,NULL,NULL,NULL,0,NULL,0.00,NULL),(170,'steven','north','19410','steven.north@ul.com','4b6b79989278200d366e047d0cc9b344e42e769b','397310b2','','','','America/Los_Angeles','en_us',1,'2019-07-23 09:34:21','2019-07-23 09:34:21',NULL,1,NULL,NULL,NULL,0,NULL,0.00,NULL),(171,'eduardo','rodriguez','19498','eduardo.rodriguez@ul.com','4fef6162fb1ea68236c43a88bd9955e1a706d431','7658669a','','','','America/Los_Angeles','en_us',1,'2019-07-23 09:34:21','2019-07-23 09:34:21',NULL,1,NULL,NULL,NULL,0,NULL,0.00,NULL),(172,'Edgard','Rincand','19803','Edgard.Rincand@ul.com','5bb54c7e9bec777fcefaf0fa02af5adeab940427','101873a3','','','','America/Los_Angeles','en_us',1,'2019-07-23 09:34:21','2019-07-23 09:34:21',NULL,1,NULL,NULL,NULL,0,NULL,0.00,NULL),(173,'Grace','Rincand','19840','Grace.Rincand@ul.com','694b116713dd34ded6d1541d120ec2e89511db8a','7f6c2d41','','','','America/Los_Angeles','en_us',1,'2019-07-23 09:34:22','2019-07-23 09:34:22',NULL,1,NULL,NULL,NULL,0,NULL,0.00,NULL),(174,'Hironobu','Ohnishi','20046','Hironobu.Ohnishi@ul.com','04e26ea5e217dc442366770e36f7d8bbd517d35d','44657274','','','','America/Los_Angeles','en_us',1,'2019-07-23 09:34:22','2019-07-23 09:34:22',NULL,1,NULL,NULL,NULL,0,NULL,0.00,NULL),(175,'Kenton','Wong','20726','Kenton.Wong@ul.com','b8ed38511e9b4695811014a042da496e7cda0997','17785598','','','','America/Los_Angeles','en_us',1,'2019-07-23 09:34:22','2019-07-23 09:34:22',NULL,1,NULL,NULL,NULL,0,NULL,0.00,NULL),(176,'Pam','Galvan','20731','Pam.Galvan@ul.com','f858724100130ac9da3c978db0b4f71b49935dd4','3e66fcf2','','','','America/Los_Angeles','en_us',1,'2019-07-23 09:34:22','2019-07-23 09:34:22',NULL,1,NULL,NULL,NULL,0,NULL,0.00,NULL),(177,'John','Wu','20743','John.Wu@ul.com','fb2dd9e6f9f6b8c579f3c14aeea27a103c085561','2a90e5f5','','','','America/Los_Angeles','en_us',1,'2019-07-23 09:34:22','2019-07-23 09:34:22',NULL,1,NULL,NULL,NULL,0,NULL,0.00,NULL),(178,'Jennifer','Herlevi','20744','Jennifer.Herlevi@ul.com','0cec499298d6308a5dd2d2f0cca72c2cd2119b9a','7f609fb6','','','','America/Los_Angeles','en_us',1,'2019-07-23 09:34:22','2019-07-23 09:34:22',NULL,1,NULL,NULL,NULL,0,NULL,0.00,NULL),(179,'David','Ayala','20747','David.Ayala@ul.com','52eff4b9cd343a95a8f4b32418597cd390b4f793','54859ef1','','','','America/Los_Angeles','en_us',1,'2019-07-23 09:34:22','2019-07-23 09:34:22',NULL,1,NULL,NULL,NULL,0,NULL,0.00,NULL),(180,'christopher','wong','20756','christopher.wong@ul.com','75b2ac0ea5a2d66aa34692696a6779c212897035','329e8f4b','','','','America/Los_Angeles','en_us',1,'2019-07-23 09:34:22','2019-07-23 09:34:22',NULL,1,NULL,NULL,NULL,0,NULL,0.00,NULL),(181,'Christy','Tong','20762','Christy.Tong@ul.com','b4e2ce01dcb0e6c2732987302eb617acf2ee716a','76f6671e','','','','America/Los_Angeles','en_us',1,'2019-07-23 09:34:22','2019-07-23 09:34:22',NULL,1,NULL,NULL,NULL,0,NULL,0.00,NULL),(182,'kim','Nguyen','20792','kim.x.nguyen@ul.com','f4aedef59e800308ff3249669e036f8b73b7575c','68465dec','','','','America/Los_Angeles','en_us',1,'2019-07-23 09:34:22','2019-07-23 09:34:22',NULL,1,NULL,NULL,NULL,0,NULL,0.00,NULL),(183,'david','collins','23653','david.collins@ul.com','f57f3f7c0ac057df1986083e779c8c247e308ce2','33708a74','','','','America/Los_Angeles','en_us',1,'2019-07-23 09:34:22','2019-07-23 09:34:22',NULL,1,NULL,NULL,NULL,0,NULL,0.00,NULL),(184,'Carter','Welker','24160','Carter.Welker@ul.com','736674fb9f3f83ce7545041291b4b3da346b32da','0dcb6ac3','','','','America/Los_Angeles','en_us',1,'2019-07-23 09:34:22','2019-07-23 09:34:22',NULL,1,NULL,NULL,NULL,0,NULL,0.00,NULL),(185,'Claire','Hoque','29418','Claire.Hoque@ul.com','3da961f350ea91a62aea0f3d7611215a6b53d62c','12de45c9','','','','America/Los_Angeles','en_us',1,'2019-07-23 09:34:22','2019-07-23 09:34:22',NULL,1,NULL,NULL,NULL,0,NULL,0.00,NULL),(186,'Michael','Heckrotte','29419','Michael.Heckrotte@ul.com','33645f9e682448e8266e7220fd27758b8b569508','04c5b11e','','','','America/Los_Angeles','en_us',1,'2019-07-23 09:34:22','2019-07-23 09:34:23',NULL,1,NULL,NULL,NULL,0,NULL,0.00,NULL),(187,'Thu','Chan','29421','Thu.Chan@ul.com','53155bda1fa21f92bc8a8e0b419a55ef2d46f0f0','7517c41f','','','','America/Los_Angeles','en_us',1,'2019-07-23 09:34:23','2019-07-23 09:34:23',NULL,1,NULL,NULL,NULL,0,NULL,0.00,NULL),(188,'Oliver','Su','29422','Oliver.Su@ul.com','0421e4e4dbefefabf628ac7f2af6dcf67fc59045','4671d232','','','','America/Los_Angeles','en_us',1,'2019-07-23 09:34:23','2019-07-23 09:34:23',NULL,1,NULL,NULL,NULL,0,NULL,0.00,NULL),(189,'Frank','Ibrahim','29424','Frank.Ibrahim@ul.com','d4467054b0824824311fe3c4d3d56b9d9b4a4db6','09055aae','','','','America/Los_Angeles','en_us',1,'2019-07-23 09:34:23','2019-07-23 09:34:23',NULL,1,NULL,NULL,NULL,0,NULL,0.00,NULL),(190,'Sunny','Shih','29425','Sunny.Shih@ul.com','2e8e79fff122918be51301af48b443be7e230369','114a4f01','','','','America/Los_Angeles','en_us',1,'2019-07-23 09:34:23','2019-07-23 09:34:23',NULL,1,NULL,NULL,NULL,0,NULL,0.00,NULL),(191,'Chin','Pang','29426','Chin.Pang@ul.com','b3eccc161cc52b8d2e3868f0c653c75a974d56f1','0311fd00','','','','America/Los_Angeles','en_us',1,'2019-07-23 09:34:23','2019-07-23 09:34:23',NULL,1,NULL,NULL,NULL,0,NULL,0.00,NULL),(192,'Thanh','Nguyen','29427','Thanh.Nguyen@ul.com','14fd8edaa3883fcbc1b57416169fc9fb3fd4f718','2ea3d12b','','','','America/Los_Angeles','en_us',1,'2019-07-23 09:34:23','2019-07-23 09:34:23',NULL,1,NULL,NULL,NULL,0,NULL,0.00,NULL),(193,'Vien','Tran','29428','Vien.Tran@ul.com','efc3e9e4f8bc630ddc183e1de34454fce12a3658','53a25852','','','','America/Los_Angeles','en_us',1,'2019-07-23 09:34:23','2019-07-23 09:34:23',NULL,1,NULL,NULL,NULL,0,NULL,0.00,NULL),(194,'Ekta','Budhbhatti','29434','Ekta.Budhbhatti@ul.com','312d40b9faa517a22680fc1f6d99287c4ca5939c','1980e805','','','','America/Los_Angeles','en_us',1,'2019-07-23 09:34:23','2019-07-23 09:34:23',NULL,1,NULL,NULL,NULL,0,NULL,0.00,NULL),(195,'Tom','Chen','29435','Tom.C.Chen@ul.com','29029e1f206a19978e0c9234ac1f250c7e166872','5a4d610f','','','','America/Los_Angeles','en_us',1,'2019-07-23 09:34:23','2019-07-23 09:34:23',NULL,1,NULL,NULL,NULL,0,NULL,0.00,NULL),(196,'Tina','chu','29439','Tina.chu@ul.com','fea328a889d36b66aa20d0f5e6273b4d322d9128','293896ca','','','','America/Los_Angeles','en_us',1,'2019-07-23 09:34:23','2019-07-23 09:34:23',NULL,1,NULL,NULL,NULL,0,NULL,0.00,NULL),(197,'Mengistu','mekuria','29444','Mengistu.mekuria@ul.com','078a936fa647c6a15c52ad29bc99396b1901c9b6','4cbdb2ad','','','','America/Los_Angeles','en_us',1,'2019-07-23 09:34:23','2019-07-23 09:34:23',NULL,1,NULL,NULL,NULL,0,NULL,0.00,NULL),(198,'Douglas','anderson','29445','Douglas.anderson@ul.com','9cfbc8b7b9bc381265813f124758cf7f52e6fcb6','041e66dc','','','','America/Los_Angeles','en_us',1,'2019-07-23 09:34:23','2019-07-23 09:34:23',NULL,1,NULL,NULL,NULL,0,NULL,0.00,NULL),(199,'Devin','chang','29446','Devin.chang@ul.com','caa592542577bfd947ef7f9f6ba14856f7bf5d92','3b8be648','','','','America/Los_Angeles','en_us',1,'2019-07-23 09:34:23','2019-07-23 09:34:23',NULL,1,NULL,NULL,NULL,0,NULL,0.00,NULL),(200,'David','Garcia','30267','David.Garcia@ul.com','1016351855168e6626e42c8803239665f5521ac0','4c729888','','','','America/Los_Angeles','en_us',1,'2019-07-23 09:34:24','2019-07-23 09:34:24',NULL,1,NULL,NULL,NULL,0,NULL,0.00,NULL),(201,'Tri','Pham','30554','Tri.Pham@ul.com','1fe325371f560343db8dc17178b85cc83fa9a1e4','1a26eb35','','','','America/Los_Angeles','en_us',1,'2019-07-23 09:34:24','2019-07-23 09:34:24',NULL,1,NULL,NULL,NULL,0,NULL,0.00,NULL),(202,'Chakrit','Thammanavarat','30568','Chakrit.Thammanavarat@ul.com','d4bb15e738a906a75b4f306721e281a188b279f3','3f5df8a7','','','','America/Los_Angeles','en_us',1,'2019-07-23 09:34:24','2019-10-17 03:45:33',NULL,1,NULL,NULL,NULL,0,NULL,0.00,NULL),(203,'Hung','Thai','30606','Hung.Thai@ul.com','4ce36105be43a13d3eca8ae391ca53af6ac639f7','4cdc911a','','','','America/Los_Angeles','en_us',1,'2019-07-23 09:34:24','2019-07-23 09:34:24',NULL,1,NULL,NULL,NULL,0,NULL,0.00,NULL),(204,'Andy','Wong','30915','Andy.Wong@ul.com','a7b9880f1c52181213ea776ecc7e5d7434c2a871','1f7d453c','','','','America/Los_Angeles','en_us',1,'2019-07-23 09:34:24','2019-07-23 09:34:24',NULL,1,NULL,NULL,NULL,0,NULL,0.00,NULL),(205,'Steve','Aguilar','31016','Steve.Aguilar@ul.com','3ec1c7ce826a6ac8e8440d11f39c683aa4f0b1f7','5277e15b','','','','America/Los_Angeles','en_us',1,'2019-07-23 09:34:24','2019-07-23 09:34:24',NULL,1,NULL,NULL,NULL,0,NULL,0.00,NULL),(206,'Mark','Briggs','31256','Mark.Briggs@ul.com','81a96a5fe511607e67b048bdb2f23a7fe8965952','0b646e40','','','','America/Los_Angeles','en_us',1,'2019-07-23 09:34:24','2019-07-23 09:34:24',NULL,1,NULL,NULL,NULL,0,NULL,0.00,NULL),(207,'Ray','Su','31300','Ray.Su@ul.com','92b170880a09f9063b0f861cb3f103873d7eaa6d','15615e3f','','','','America/Los_Angeles','en_us',1,'2019-07-23 09:34:24','2019-07-23 09:34:24',NULL,1,NULL,NULL,NULL,0,NULL,0.00,NULL),(208,'Paul','Blackett','31433','Paul.Blackett@ul.com','1af0d56157aa08d89b91e318fb57c182fff6dc41','1414094c','','','','America/Los_Angeles','en_us',1,'2019-07-23 09:34:24','2019-07-23 09:34:24',NULL,1,NULL,NULL,NULL,0,NULL,0.00,NULL),(209,'Seth','Bafford','34517','Seth.Bafford@ul.com','863d5f8fec4d4454f335c23890be8e753b4bac35','2230e530','','','','America/Los_Angeles','en_us',1,'2019-07-23 09:34:24','2019-07-23 09:34:24',NULL,1,NULL,NULL,NULL,0,NULL,0.00,NULL),(210,'Matt','Cocchiarella','34584','Matt.Cocchiarella@ul.com','d68c9f53301817150266c9db4d0a2124b5f23382','4e5d4d53','','','','America/Los_Angeles','en_us',1,'2019-07-23 09:34:24','2019-07-23 09:34:24',NULL,1,NULL,NULL,NULL,0,NULL,0.00,NULL),(211,'Francisco','deAnda','37291','Francisco.deAnda@ul.com','a7d1039ab314ad6971ddb228665818547fb1af9f','508f36df','','','','America/Los_Angeles','en_us',1,'2019-07-23 09:34:24','2019-07-23 09:34:24',NULL,1,NULL,NULL,NULL,0,NULL,0.00,NULL),(212,'Lance','Fleischer','37433','Lance.Fleischer@ul.com','6408bc711af6b595af98aaa3223245d0a5356b63','57b82acf','','','','America/Los_Angeles','en_us',1,'2019-07-23 09:34:24','2019-07-23 09:34:24',NULL,1,NULL,NULL,NULL,0,NULL,0.00,NULL),(213,'Remi','Rodberg','38206','Remi.Rodberg@ul.com','88a865905e2cf0d446ff415e978855b631e61963','21902135','','','','America/Los_Angeles','en_us',1,'2019-07-23 09:34:24','2019-07-23 09:34:25',NULL,1,NULL,NULL,NULL,0,NULL,0.00,NULL),(214,'AJ','Newcomer','38515','AJ.Newcomer@ul.com','86eb029e438f5eae345e7dad46d52ff22950029e','5277c831','','','','America/Los_Angeles','en_us',1,'2019-07-23 09:34:25','2019-07-23 09:34:25',NULL,1,NULL,NULL,NULL,0,NULL,0.00,NULL),(215,'Tony','Wang','38602','Tony.Wang@ul.com','965736139b3c813862271b24df12ffc19658977e','280dd4d9','','','','America/Los_Angeles','en_us',1,'2019-07-23 09:34:25','2019-07-23 09:34:25',NULL,1,NULL,NULL,NULL,0,NULL,0.00,NULL),(216,'Mona','Hua','38806','Mona.Hua@ul.com','6e715e10dd00d776682d7c00874f04783b723524','3137cf91','','','','America/Los_Angeles','en_us',1,'2019-07-23 09:34:25','2019-07-23 09:34:25',NULL,1,NULL,NULL,NULL,0,NULL,0.00,NULL),(217,'Mark','Balauro','38866','Mark.Balauro@ul.com','8079431ccf30a185e8404711ac08f6d30b23a46a','315e4aca','','','','America/Los_Angeles','en_us',1,'2019-07-23 09:34:25','2019-07-23 09:34:25',NULL,1,NULL,NULL,NULL,0,NULL,0.00,NULL),(218,'Lieu','Nguyen','39004','Lieu.Nguyen@ul.com','a5d247a4840df1e250069a781d12bbbf0950352d','17702d26','','','','America/Los_Angeles','en_us',1,'2019-07-23 09:34:25','2019-07-23 09:34:25',NULL,1,NULL,NULL,NULL,0,NULL,0.00,NULL),(219,'Rolly','Alegre','39005','Rolly.Alegre@ul.com','9a3c986c058577973183e0c5adca700e31c9e51a','51f4a288','','','','America/Los_Angeles','en_us',1,'2019-07-23 09:34:25','2019-07-23 09:34:25',NULL,1,NULL,NULL,NULL,0,NULL,0.00,NULL),(220,'Ali','Poushnejad','39006','Ali.Poushnejad@ul.com','42cfa04eaa41de96287eb5f886f6f7b0b428b092','46c3944b','','','','America/Los_Angeles','en_us',1,'2019-07-23 09:34:25','2019-07-23 09:34:25',NULL,1,NULL,NULL,NULL,0,NULL,0.00,NULL),(221,'Nathan','Sousa','39315','Nathan.Sousa@ul.com','98aff93717dfd7617aad6ca203be2bfbe8fcd552','6df31fe2','','','','America/Los_Angeles','en_us',1,'2019-07-23 09:34:25','2019-07-23 09:34:25',NULL,1,NULL,NULL,NULL,0,NULL,0.00,NULL),(222,'Chris','Xiong','39316','Chris.Xiong@ul.com','04a825f0ab57f534e5407148444a6511a32d7999','582b7193','','','','America/Los_Angeles','en_us',1,'2019-07-23 09:34:25','2019-07-23 09:34:25',NULL,1,NULL,NULL,NULL,0,NULL,0.00,NULL),(223,'Steven','Tran','39317','Steven.Tran@ul.com','59d6edc69081d2fa2269df5ac9ff55ce57a070bf','50a09c49','','','','America/Los_Angeles','en_us',1,'2019-07-23 09:34:25','2019-07-23 09:34:25',NULL,1,NULL,NULL,NULL,0,NULL,0.00,NULL),(224,'Kenneth','Mak','39339','Kenneth.C.Mak@ul.com','77f6eb19455ff1dfa0acf4dd7b78057404daf4dc','3c5a04c2','','','','America/Los_Angeles','en_us',1,'2019-07-23 09:34:25','2019-07-23 09:34:25',NULL,1,NULL,NULL,NULL,0,NULL,0.00,NULL),(225,'Francisco','Guarnero','39472','Francisco.Guarnero@ul.com','e8266b89d33d12263ad411f67cdb39593d07286a','04a97cc4','','','','America/Los_Angeles','en_us',1,'2019-07-23 09:34:25','2019-07-23 09:34:25',NULL,1,NULL,NULL,NULL,0,NULL,0.00,NULL),(226,'Craig','Asano','39588','Craig.Asano@ul.com','01aa01550c1199c10c991e4cb93c59d382b64c2d','31290bc8','','','','America/Los_Angeles','en_us',1,'2019-07-23 09:34:25','2019-07-23 09:34:26',NULL,1,NULL,NULL,NULL,0,NULL,0.00,NULL),(227,'Kiya','Kedida','39703','Kiya.Kedida@ul.com','b4fd9c0981655b8cbbfe4429d008cf6232ea7bf3','09693d08','','','','America/Los_Angeles','en_us',1,'2019-07-23 09:34:26','2019-07-23 09:34:26',NULL,1,NULL,NULL,NULL,0,NULL,0.00,NULL),(228,'Joe','Vang','39919','Joe.Vang@ul.com','9d0f00d2f21998f30a14529ac054d1b471603d12','01ea8347','','','','America/Los_Angeles','en_us',1,'2019-07-23 09:34:26','2019-07-23 09:34:26',NULL,1,NULL,NULL,NULL,0,NULL,0.00,NULL),(229,'Casey','Dial','39951','Casey.Dial@ul.com','a85f80c75abd86c372ada6423d49938bb0319e54','3a1617e0','','','','America/Los_Angeles','en_us',1,'2019-07-23 09:34:26','2019-07-23 09:34:26',NULL,1,NULL,NULL,NULL,0,NULL,0.00,NULL),(230,'Bob','Ma','40805','Bob.Ma@ul.com','191ef55cff0e01cdf7944b3725f1786e115bc02a','144680ec','','','','America/Los_Angeles','en_us',1,'2019-07-23 09:34:26','2019-07-23 09:34:26',NULL,1,NULL,NULL,NULL,0,NULL,0.00,NULL),(231,'Coltyce','Sanders','40814','Coltyce.Sanders@ul.com','7e9d8e790c33acec3e4e3f283b06be614bcbfc08','7d7af973','','','','America/Los_Angeles','en_us',1,'2019-07-23 09:34:26','2019-07-23 09:34:26',NULL,1,NULL,NULL,NULL,0,NULL,0.00,NULL),(232,'Doan','Chen','40816','Doan.Chen@ul.com','441ae817e1a954b3c6c1d8f8fe860d56ebd8f0fb','46af0d48','','','','America/Los_Angeles','en_us',1,'2019-07-23 09:34:26','2019-07-23 09:34:26',NULL,1,NULL,NULL,NULL,0,NULL,0.00,NULL),(233,'Conan','Cheung','40820','Conan.Cheung@ul.com','3b1c5823e01a03a9cd1ca19b574f783133135fdc','27e54685','','','','America/Los_Angeles','en_us',1,'2019-07-23 09:34:26','2019-07-23 09:34:26',NULL,1,NULL,NULL,NULL,0,NULL,0.00,NULL),(234,'Kevin','Scallion','40822','Kevin.Scallion@ul.com','92b9d7511b7748f6fa74297c44b427fe795ca3d9','63fb8d93','','','','America/Los_Angeles','en_us',1,'2019-07-23 09:34:26','2019-07-23 09:34:26',NULL,1,NULL,NULL,NULL,0,NULL,0.00,NULL),(235,'William','Young','42468','William.Young@ul.com','175a21fc9b4faca6d89b20ac7b67594572b24073','7e8942b4','','','','America/Los_Angeles','en_us',1,'2019-07-23 09:34:26','2019-07-23 09:34:26',NULL,1,NULL,NULL,NULL,0,NULL,0.00,NULL),(236,'Florencio','Pesigan','42497','Florencio.Pesigan@ul.com','bca267e49c7a99b577b5bf2e3ed13f864dcc1754','46890718','','','','America/Los_Angeles','en_us',1,'2019-07-23 09:34:26','2019-07-23 09:34:26',NULL,1,NULL,NULL,NULL,0,NULL,0.00,NULL),(237,'Eric','Yu','43573','Eric.Yu@ul.com','fbf12f7988927069e75a94c733ef0a87cd73de5c','17c96cca','','','','America/Los_Angeles','en_us',1,'2019-07-23 09:34:26','2019-07-23 09:34:26',NULL,1,NULL,NULL,NULL,0,NULL,0.00,NULL),(238,'Oren','Stoelting','43575','Oren.Stoelting@ul.com','94819cf6241910f1e541259608f8d818e6396d82','15904ce1','','','','America/Los_Angeles','en_us',1,'2019-07-23 09:34:26','2019-07-23 09:34:26',NULL,1,NULL,NULL,NULL,0,NULL,0.00,NULL),(239,'Tony','Soares','43576','Tony.Soares@ul.com','f3e31e15256689e587747b1adddb95fe164043ff','3d300409','','','','America/Los_Angeles','en_us',1,'2019-07-23 09:34:26','2019-07-23 09:34:26',NULL,1,NULL,NULL,NULL,0,NULL,0.00,NULL),(240,'Glenn','Escano','43578','Glenn.Escano@ul.com','109e97567ca4ff534eba80fe9317103eab0e78c5','6fa88187','','','','America/Los_Angeles','en_us',1,'2019-07-23 09:34:27','2019-07-23 09:34:27',NULL,1,NULL,NULL,NULL,0,NULL,0.00,NULL),(241,'Dan','Coronia','43582','Dan.Coronia@ul.com','89c88166da934c7d19134d9cd615a4866f300df6','7849b94a','','','','America/Los_Angeles','en_us',1,'2019-07-23 09:34:27','2019-07-23 09:34:27',NULL,1,NULL,NULL,NULL,0,NULL,0.00,NULL),(242,'Nancy','Wu','43584','Nancy.Wu@ul.com','8e793e17db7e3717b5ab7b1df0f41ccecae6cd5f','015a6814','','','','America/Los_Angeles','en_us',1,'2019-07-23 09:34:27','2019-07-23 09:34:27',NULL,1,NULL,NULL,NULL,0,NULL,0.00,NULL),(243,'Jason','Kuo','44351','Jason.Kuo@ul.com','47cb83b6c115a4a932806064a4e6aefc6cb159be','65f38080','','','','America/Los_Angeles','en_us',1,'2019-07-23 09:34:27','2019-07-23 09:34:27',NULL,1,NULL,NULL,NULL,0,NULL,0.00,NULL),(244,'Henry','Lau','44352','Henry.Lau@ul.com','cce53a31a7935b74056ba6bb155e6f6f60d1f5a4','21847ddb','','','','America/Los_Angeles','en_us',1,'2019-07-23 09:34:27','2019-07-23 09:34:27',NULL,1,NULL,NULL,NULL,0,NULL,0.00,NULL),(245,'Jingang','Li','44353','Jingang.Li@ul.com','3431bd13e485c68fe0563e0fa2071adc2f7eb6e9','5a0b19ec','','','','America/Los_Angeles','en_us',1,'2019-07-23 09:34:27','2019-07-23 09:34:27',NULL,1,NULL,NULL,NULL,0,NULL,0.00,NULL),(246,'Jake','West','44355','Jake.West@ul.com','5e5d58ab3c7f421c60fd00f1be4ad70111e21adc','2906ff05','','','','America/Los_Angeles','en_us',1,'2019-07-23 09:34:27','2019-07-23 09:34:27',NULL,1,NULL,NULL,NULL,0,NULL,0.00,NULL),(247,'Henry','Wong','44357','Henry.Wong@ul.com','d7913a70383ef179591b068a16e991cb81472609','25b07691','','','','America/Los_Angeles','en_us',1,'2019-07-23 09:34:27','2019-07-23 09:34:27',NULL,1,NULL,NULL,NULL,0,NULL,0.00,NULL),(248,'Tony','Li','44366','Tony.X.Li@ul.com','2d4f445c18f147a23be8c39fb4931f381166a8fb','0534df8c','','','','America/Los_Angeles','en_us',1,'2019-07-23 09:34:27','2019-07-23 09:34:27',NULL,1,NULL,NULL,NULL,0,NULL,0.00,NULL),(249,'Vanessa','Moestopo','44410','Vanessa.Moestopo@ul.com','9168d00dbfd39765df342d90490edd8b547d5776','70fde00b','','','','America/Los_Angeles','en_us',1,'2019-07-23 09:34:27','2019-07-23 09:34:27',NULL,1,NULL,NULL,NULL,0,NULL,0.00,NULL),(250,'Huy','Nguyen','44488','Huy.Nguyen@ul.com','f2ce4c3ddd4303b6d82f682f2f5bf74289e59c6a','576393b2','','','','America/Los_Angeles','en_us',1,'2019-07-23 09:34:27','2019-07-23 09:34:27',NULL,1,NULL,NULL,NULL,0,NULL,0.00,NULL),(251,'Wei-Wei','Lee','44742','Wei-Wei.Lee@ul.com','3ebb5f329da23f76e529e17bf76339a1eb0e5625','090e3188','','','','America/Los_Angeles','en_us',1,'2019-07-23 09:34:27','2019-07-23 09:34:27',NULL,1,NULL,NULL,NULL,0,NULL,0.00,NULL),(252,'Bell','Nguyen','45195','Bell.Nguyen@ul.com','846b391ddf02d9869ee810fc70504641ab8a8bbf','0257b866','','','','America/Los_Angeles','en_us',1,'2019-07-23 09:34:27','2019-07-23 09:34:27',NULL,1,NULL,NULL,NULL,0,NULL,0.00,NULL),(253,'Mike','Kriege','45207','Mike.Kriege@ul.com','f3c44f6281563b8cc390d54859e4a1a7cc9d70ae','1eb5a659','','','','America/Los_Angeles','en_us',1,'2019-07-23 09:34:27','2019-07-23 09:34:28',NULL,1,NULL,NULL,NULL,0,NULL,0.00,NULL),(254,'Heli','Patel','45241','Heli.Patel@ul.com','83a90a7a641ec7c82bfabdc55617c1efe02b806f','20755cc1','','','','America/Los_Angeles','en_us',1,'2019-07-23 09:34:28','2019-07-23 09:34:28',NULL,1,NULL,NULL,NULL,0,NULL,0.00,NULL),(255,'Tina','Feng','45244','Tina.Feng@ul.com','22ded1c8a49735204463416542ca604c914b23bb','5551aecf','','','','America/Los_Angeles','en_us',1,'2019-07-23 09:34:28','2019-07-23 09:34:28',NULL,1,NULL,NULL,NULL,0,NULL,0.00,NULL),(256,'Jordan','Bailey','45256','Jordan.Bailey@ul.com','5714f4767519b3e8f54fe5d9bfa44ac7bacec8bd','629909c7','','','','America/Los_Angeles','en_us',1,'2019-07-23 09:34:28','2019-07-23 09:34:28',NULL,1,NULL,NULL,NULL,0,NULL,0.00,NULL),(257,'John','Ly','45258','John.Ly@ul.com','eb1664c4b94f339a90b8bb8f5fc8c388b0c8f338','316c8274','','','','America/Los_Angeles','en_us',1,'2019-07-23 09:34:28','2019-07-23 09:34:28',NULL,1,NULL,NULL,NULL,0,NULL,0.00,NULL),(258,'Erica','Li','45262','Erica.Li@ul.com','d5cec21d7f8e5f47a2b77ea2cb3f57a17f974a40','67310c53','','','','America/Los_Angeles','en_us',1,'2019-07-23 09:34:28','2019-07-23 09:34:28',NULL,1,NULL,NULL,NULL,0,NULL,0.00,NULL),(259,'Lenny','Hantz','45265','Lenny.Hantz@ul.com','f530aa9b8eaa26ce0e9c9b796e4d63f1629036f2','5183e7a7','','','','America/Los_Angeles','en_us',1,'2019-07-23 09:34:28','2019-07-23 09:34:28',NULL,1,NULL,NULL,NULL,0,NULL,0.00,NULL),(260,'Brady','Hayes','45274','Brady.Hayes@ul.com','527a817a2e9591c95e6be21df36ee9de41fd80d8','0fdf998c','','','','America/Los_Angeles','en_us',1,'2019-07-23 09:34:28','2019-07-23 09:34:28',NULL,1,NULL,NULL,NULL,0,NULL,0.00,NULL),(261,'Joseph','Miller','45416','Joseph.Miller@ul.com','0c17f609095e8ac08043033a5635346028c385d9','6a3aec7b','','','','America/Los_Angeles','en_us',1,'2019-07-23 09:34:28','2019-07-23 09:34:28',NULL,1,NULL,NULL,NULL,0,NULL,0.00,NULL),(262,'daryl','kay','50782','daryl.kay@ul.com','4e2b71f7e1968d015ca4cbdaee27bd299e655c84','28183333','','','','America/Los_Angeles','en_us',1,'2019-07-23 09:34:28','2019-07-23 09:34:28',NULL,1,NULL,NULL,NULL,0,NULL,0.00,NULL),(263,'Eddie','Pavlu','50812','Eddie.Pavlu@ul.com','701229a5ada08017b1ae338578b994ec67fcf6da','26ce8b59','','','','America/Los_Angeles','en_us',1,'2019-07-23 09:34:28','2019-07-23 09:34:28',NULL,1,NULL,NULL,NULL,0,NULL,0.00,NULL),(264,'Craig','Mensinger','50813','Craig.Mensinger@ul.com','ae58fe56ba5ee633b27b28e8487b3fbf3d3196fc','42762d90','','','','America/Los_Angeles','en_us',1,'2019-07-23 09:34:28','2019-07-23 09:34:28',NULL,1,NULL,NULL,NULL,0,NULL,0.00,NULL),(265,'Joshua','Meserth','50814','Joshua.Meserth@ul.com','fb1a456396403db480ab8e170e382fc6c4583116','20027c2a','','','','America/Los_Angeles','en_us',1,'2019-07-23 09:34:28','2019-07-23 09:34:28',NULL,1,NULL,NULL,NULL,0,NULL,0.00,NULL),(266,'Ellen','Chu','50820','Ellen.Chu@ul.com','9ac2f79d8606e7e53b43870d4d477356bb8e3171','1cf725c4','','','','America/Los_Angeles','en_us',1,'2019-07-23 09:34:28','2019-07-23 09:34:29',NULL,1,NULL,NULL,NULL,0,NULL,0.00,NULL),(267,'Tewodros','Woldemichael','50822','Tewodros.Woldemichael@ul.com','1faddd3d783d62cc5b08cadf6838e0ee69e0c1a6','68c91ef6','','','','America/Los_Angeles','en_us',1,'2019-07-23 09:34:29','2019-07-23 09:34:29',NULL,1,NULL,NULL,NULL,0,NULL,0.00,NULL),(268,'Dilip','Patel','50830','Dilip.Patel@ul.com','a484d9e8e873f90e40e7c2430ae57c6ef9c5bb18','2d232c60','','','','America/Los_Angeles','en_us',1,'2019-07-23 09:34:29','2019-07-23 09:34:29',NULL,1,NULL,NULL,NULL,0,NULL,0.00,NULL),(269,'Bryan','com','50864','bryan.silva@ul.com','0b1365be0447d7a4381612529b69636a338c8df6','39b8f789','','','','America/Los_Angeles','en_us',1,'2019-07-23 09:34:29','2019-07-23 09:34:29',NULL,1,NULL,NULL,NULL,0,NULL,0.00,NULL),(270,'Sheareen','Jacobs','50873','Sheareen.Jacobs@ul.com','07dba539663804bb69b18d062d08514407da6124','528f2091','','','','America/Los_Angeles','en_us',1,'2019-07-23 09:34:29','2019-07-23 09:34:29',NULL,1,NULL,NULL,NULL,0,NULL,0.00,NULL),(271,'gregory','landowski','50877','gregory.landowski@ul.com','b12b338f67c60b8ceaa76ec391e565fd161ebf38','4bc68538','','','','America/Los_Angeles','en_us',1,'2019-07-23 09:34:29','2019-07-23 09:34:29',NULL,1,NULL,NULL,NULL,0,NULL,0.00,NULL),(272,'Robert','Falco','50894','Robert.Falco@ul.com','46022ca00fcde886a7e61bbc99ca34813a177b69','3a305e3c','','','','America/Los_Angeles','en_us',1,'2019-07-23 09:34:29','2019-07-23 09:34:29',NULL,1,NULL,NULL,NULL,0,NULL,0.00,NULL),(273,'Bobby','Bayani','00362','Bobby.Bayani@ul.com','0e09ee7d6a00d8d8657c5e973523b2adf00dd6bc','666dcb48','','','','America/Los_Angeles','en_us',1,'2019-07-23 09:34:29','2019-07-23 09:34:29',NULL,1,NULL,NULL,NULL,0,NULL,0.00,NULL),(274,'Soledad','Kuwatani','02259','Soledad.U.Kuwatani@ul.com','adae2d6081d68679117a0a509643802bd17df129','19e4a2c3','','','','America/Los_Angeles','en_us',1,'2019-07-23 09:34:29','2019-07-23 09:34:29',NULL,1,NULL,NULL,NULL,0,NULL,0.00,NULL),(275,'Julie','Seal','02650','Julie.Seal@ul.com','f41b168057569726f53fe12428bbf5cb5b339451','4f84810b','','','','America/Los_Angeles','en_us',1,'2019-07-23 09:34:29','2019-07-23 09:34:29',NULL,1,NULL,NULL,NULL,0,NULL,0.00,NULL),(276,'Kimberly','Feldstein','02908','Kimberly.Feldstein@ul.com','6d92130b9dc37aa56632054ab66d91eb1bdb17ac','2bdbf5fa','','','','America/Los_Angeles','en_us',1,'2019-07-23 09:34:29','2019-07-23 09:34:29',NULL,1,NULL,NULL,NULL,0,NULL,0.00,NULL),(277,'Gia-piao','Chin','02970','Gia-piao.Chin@ul.com','28ff47879b707547522b5c1172eb1b70e89df04a','5fdf3259','','','','America/Los_Angeles','en_us',1,'2019-07-23 09:34:29','2019-07-23 09:34:29',NULL,1,NULL,NULL,NULL,0,NULL,0.00,NULL),(278,'Wyatt','Brannan','03341','Wyatt.Brannan@ul.com','a008bd1983bc90f95ff352a55f5ee14689dc5de7','7302fd49','','','','America/Los_Angeles','en_us',1,'2019-07-23 09:34:29','2019-07-23 09:34:29',NULL,1,NULL,NULL,NULL,0,NULL,0.00,NULL),(279,'Kiran','Patel','03916','Kiran.B.Patel@ul.com','5106b0da1a65dec988c6735631914c059f25b9d9','5c5d529e','','','','America/Los_Angeles','en_us',1,'2019-07-23 09:34:29','2019-07-23 09:34:29',NULL,1,NULL,NULL,NULL,0,NULL,0.00,NULL),(280,'Blanca','Roman','04099','blanca.roman@ul.com','b8522aa8e9e6dc0f267380fa5a95702577d582c6','3616510d','','','','America/Los_Angeles','en_us',1,'2019-07-23 09:34:30','2019-07-23 09:34:30',NULL,1,NULL,NULL,NULL,0,NULL,0.00,NULL),(281,'Darren','Rust','36882','Darren.Rust@ul.com','1af92c0bdaae82a0b8d4fd0bceb5e6990ae8f040','51cbba3d','Management','Operations Manager','','EUROPE/LONDON','en_us',1,'2019-07-23 09:48:39','2019-07-23 09:48:39',NULL,1,NULL,NULL,NULL,0,NULL,0.00,NULL),(282,'Malcolm','Rich','18776','Malcolm.Rich@ul.com','c0d06ea661ed3dd8a6a1ca105d10f869b8b72f29','478dceac','Management','Regional Operations Manager','','EUROPE/LONDON','en_us',1,'2019-07-23 09:48:39','2019-07-23 09:48:39',NULL,1,NULL,NULL,NULL,0,NULL,0.00,NULL),(283,'David','Brewer','10671','David.Brewer@ul.com','d2a39f4781cf67e2cf3f15c0d8525cf998dec259','3f8c5818','RPT Group','RPT Group Lead','','EUROPE/LONDON','en_us',1,'2019-07-23 09:48:39','2019-07-23 09:48:39',NULL,1,NULL,NULL,NULL,0,NULL,0.00,NULL),(284,'Ben','Mercer','30121','Ben.Mercer@ul.com','bf11176a8b8f8ac80bfe052c122b327473cfe805','450e8e37','RPT Group','Senior Engineer','','Europe/London','en_us',2,'2019-07-23 09:48:39','2019-10-15 10:16:37','2019-10-15 10:13:15',1,NULL,NULL,'77f901e1ce30d47c3a5b',0,35,0.00,NULL),(285,'Matthew','Owen','30129','matthew.owen@ul.com','45946c7667a3c9b535fd1f5aab22450d99e5bc2e','1721a298','EMC Group','EMC Group Lead','','EUROPE/LONDON','en_us',1,'2019-07-23 09:48:39','2019-07-23 09:48:39',NULL,1,NULL,NULL,NULL,0,NULL,0.00,NULL),(286,'Andrew','Graham','30102','andrew.graham@ul.com','e48b1bf506dc157da6850f9e3ba7293a70278635','33d214c8','EMC Group','Senior Project Engineer','','EUROPE/LONDON','en_us',1,'2019-07-23 09:48:39','2019-08-15 13:24:19','2019-08-15 13:20:16',1,NULL,NULL,'6a05d08ffc2b28020dec',0,NULL,0.00,NULL),(287,'Naseer','Mirza','30122','Naseer.Mirza@ul.com','10bb734e00934e6c779f861ed3a251a49cf5a962','298ef5bc','SAR Group','SAR Group Lead','','EUROPE/LONDON','en_us',1,'2019-07-23 09:48:39','2019-08-16 09:15:36','2019-08-16 09:15:36',1,NULL,NULL,'ffba5bc03f0066a4e307',0,NULL,0.00,NULL),(288,'Sarah','Williams','31280','Sarah.Williams@ul.com','3648df8b778f7bf15d816e69fdf005da4a3c9199','737cc733','RPT Group','Senior Engineer','','EUROPE/LONDON','en_us',1,'2019-07-23 09:48:39','2019-10-11 14:46:56','2019-10-11 14:46:56',1,NULL,NULL,'32d22a7059bc97e8b30d',0,27,0.00,NULL),(289,'Ian','Watch','30075','Ian.Watch@ul.com','94bf850004918592a8432b9e48d16d8a8adb50a9','563705ea','RPT Group','Senior Engineer','','EUROPE/LONDON','en_us',1,'2019-07-23 09:48:39','2019-07-23 09:48:39',NULL,1,NULL,NULL,NULL,0,NULL,0.00,NULL),(290,'David','Doyle','33949','David.Doyle@ul.com','b48f2f5021cdad11286d8660c26b62f31a5755cc','622522b2','RPT Group','Test Engineer','','EUROPE/LONDON','en_us',1,'2019-07-23 09:48:39','2019-07-23 09:48:40',NULL,1,NULL,NULL,NULL,0,NULL,0.00,NULL),(291,'Andrew','Edwards','30094','Andrew.Edwards@ul.com','1bad1feeae9995d2d05e70172b4c18b352dd3f4c','6797e338','RPT Group','Test Engineer','','EUROPE/LONDON','en_us',1,'2019-07-23 09:48:40','2019-07-23 09:48:40',NULL,1,NULL,NULL,NULL,0,NULL,0.00,NULL),(292,'Mohamed','Toubella','10685','Mohamed.Toubella@ul.com','00d311b0bfa7910ed1d4f0e6c6986b868544f44d','70c3b419','RPT Group','Test Engineer','','EUROPE/LONDON','en_us',1,'2019-07-23 09:48:40','2019-07-23 09:48:40',NULL,1,NULL,NULL,NULL,0,NULL,0.00,NULL),(293,'Stefan','Ho','51973','Stefan.Ho@ul.com','38cf0461e62fb32cf33065d2036c30ddfdb4660d','2397ab47','RPT Group','Test Engineer','','EUROPE/LONDON','en_us',1,'2019-07-23 09:48:40','2019-07-23 09:48:40',NULL,1,NULL,NULL,NULL,0,NULL,0.00,NULL),(294,'Patrick','Jones','03877','Patrick.Jones@ul.com','4937855384c112c0625354ac1ce7e4f0f6028e0a','271973bc','RPT Group','Test Engineer','','EUROPE/LONDON','en_us',1,'2019-07-23 09:48:40','2019-07-23 09:48:40',NULL,1,NULL,NULL,NULL,0,NULL,0.00,NULL),(295,'Max','Passell','03887','Max.Passell@ul.com','00ea217b335011fe6c7d1eb27964db9fbd2539d5','5c1db7f8','RPT Group','Test Engineer','','EUROPE/LONDON','en_us',1,'2019-07-23 09:48:40','2019-07-23 09:48:40',NULL,1,NULL,NULL,NULL,0,NULL,0.00,NULL),(296,'Andrew','Harding','13760','Andrew.Harding@ul.com','6c1aa98f86e5159e16ceaad01e109c2267900bf5','2413d5c1','RPT Group','Test Engineer','','EUROPE/LONDON','en_us',1,'2019-07-23 09:48:40','2019-07-23 09:48:40',NULL,1,NULL,NULL,NULL,0,NULL,0.00,NULL),(297,'Mark','Perry','51980','Mark.Perry@ul.com','9f31b35edeed0e8e4d0474d9542fb38679b9e891','43464b67','RPT Group','Test Engineer','','EUROPE/LONDON','en_us',1,'2019-07-23 09:48:40','2019-07-23 09:48:40',NULL,1,NULL,NULL,NULL,0,NULL,0.00,NULL),(298,'James','Oreilly','30127','James.Oreilly@ul.com','f3411f26da5e31ec4086e8d31c69ca571a051355','0c5f3bcb','RPT Group','Test Engineer','','EUROPE/LONDON','en_us',1,'2019-07-23 09:48:40','2019-10-12 14:39:43',NULL,1,NULL,NULL,NULL,0,NULL,0.00,NULL),(299,'Victor','Carmon','10680','Victor.Carmon@ul.com','4a96f8413bfadfba387ced63fad67302f37b7bda','179d63c6','RPT Group','Test Engineer','','EUROPE/LONDON','en_us',1,'2019-07-23 09:48:40','2019-07-23 09:48:40',NULL,1,NULL,NULL,NULL,0,NULL,0.00,NULL),(300,'Alison','Johnston','18694','Alison.Johnston@ul.com','1d7b6b94eb603250af42070b55707d1fde14bfe3','4ddc6892','RPT Group','Test Engineer','','EUROPE/LONDON','en_us',1,'2019-07-23 09:48:41','2019-07-23 09:48:41',NULL,1,NULL,NULL,NULL,0,NULL,0.00,NULL),(301,'John','Ferdinand','49262','John.Ferdinand@ul.com','b37925c1e1244d8b729f00fc09630e6646302a04','5d8baae0','RPT Group','Test Engineer','','EUROPE/LONDON','en_us',1,'2019-07-23 09:48:41','2019-07-23 09:48:41',NULL,1,NULL,NULL,NULL,0,NULL,0.00,NULL),(302,'Tom','Sleigh','18684','Tom.Sleigh@ul.com','a8800b291c3d4f2ab8e0db89c4880fee8ec53542','5b7e8a4f','RPT Group','Test Engineer','','EUROPE/LONDON','en_us',1,'2019-07-23 09:48:41','2019-07-23 09:48:41',NULL,1,NULL,NULL,NULL,0,NULL,0.00,NULL),(303,'Marco','Zunarelli','18689','Marco.Zunarelli@ul.com','69798667900df694e0ef7199462963697700b1ed','56eddcdd','RPT Group','Test Engineer','','EUROPE/LONDON','en_us',1,'2019-07-23 09:48:41','2019-07-23 09:48:41',NULL,1,NULL,NULL,NULL,0,NULL,0.00,NULL),(304,'Eric','Phiri','30132','eric.phiri@ul.com','1fd777b9039da1bf3de73a5be3450aad86cdd9ce','4f530c20','EMC Group','Senior Test Engineer','','EUROPE/LONDON','en_us',1,'2019-07-23 09:48:41','2019-07-23 09:48:41',NULL,1,NULL,NULL,NULL,0,NULL,0.00,NULL),(305,'Lewis','Hu','37506','EikPei.Hu@ul.com','271a0a50ec9e310ce7e085a53aa5ea21527a07e6','0d18128d','EMC Group','Test Engineer','','EUROPE/LONDON','en_us',1,'2019-07-23 09:48:41','2019-07-23 09:48:41',NULL,1,NULL,NULL,NULL,0,NULL,0.00,NULL),(306,'Adam','Brown','42453','adam.brown@ul.com','0ddfbbefb996368116a56169a423c50e04c62625','6f353ac1','EMC Group','Test Engineer','','EUROPE/LONDON','en_us',1,'2019-07-23 09:48:41','2019-10-14 07:14:12','2019-10-14 07:14:12',1,NULL,NULL,'dbea32ce16be7b75ba17',0,NULL,0.00,NULL),(307,'Pete','Fox','51976','pete.fox@ul.com','729c4cd6cb8b42e274356484ccea3274b24aa224','37544916','EMC Group','Test Engineer','','EUROPE/LONDON','en_us',1,'2019-07-23 09:48:41','2019-07-23 09:48:41',NULL,1,NULL,NULL,NULL,0,NULL,0.00,NULL),(308,'Nick','Raptopoulos','51977','Nick.Raptopoulos@ul.com','1c11a8baecc623850495c010c167ce2db0898239','362581d2','EMC Group','Test Engineer','','EUROPE/LONDON','en_us',1,'2019-07-23 09:48:41','2019-07-23 09:48:41',NULL,1,NULL,NULL,NULL,0,NULL,0.00,NULL),(309,'Nigel','Clift','10662','nigel.clift@ul.com','27fe50d2b67417718cce07a8965bc5d9d0d47fa0','33740aa4','EMC Group','Test Engineer','','EUROPE/LONDON','en_us',1,'2019-07-23 09:48:41','2019-07-23 09:48:41',NULL,1,NULL,NULL,NULL,0,NULL,0.00,NULL),(310,'Engin','Kodal','10674','engin.kodal@ul.com','31b65903a181655d21d934ec2633b8b75fac2d2a','16387d28','EMC Group','Senior Test Engineer','','Europe/London','en_us',2,'2019-07-23 09:48:41','2019-10-23 07:37:09','2019-10-23 07:37:09',1,NULL,NULL,'4944fc3b644506a6a4ab',0,26,0.00,NULL),(311,'Bahar','Kordi-Borojeni','10679','Bahar.Kordiborojeni@ul.com','ed2f5e585cef722513c361de22c270097b169fe3','1a8bab5c','EMC Group','Test Engineer','','EUROPE/LONDON','en_us',1,'2019-07-23 09:48:41','2019-07-23 09:48:41',NULL,1,NULL,NULL,NULL,0,NULL,0.00,NULL),(312,'Pawel','Zackiewicz','18690','Pawel.Zackiewicz@ul.com','d1bf8ea68a353f6aa1f7f8fa2362ee8eb0e22833','263285c6','EMC Group','Test Engineer','','EUROPE/LONDON','en_us',1,'2019-07-23 09:48:41','2019-07-23 09:48:41',NULL,1,NULL,NULL,NULL,0,NULL,0.00,NULL),(313,'Ivan','Alonso','18685','Ivan.Alonso@ul.com','5cf5df2dbbca3fcd33cecc9422d8419c82fbaf23','4be544bd','EMC Group','Test Engineer','','EUROPE/LONDON','en_us',1,'2019-07-23 09:48:42','2019-07-23 09:48:42',NULL,1,NULL,NULL,NULL,0,NULL,0.00,NULL),(314,'Nick','Le Bas','18758','Nick.LeBas@ul.com','51c57f6bee1c463a7a3a7808323119072b885069','52f348c0','EMC Group','Test Engineer','','EUROPE/LONDON','en_us',1,'2019-07-23 09:48:42','2019-07-23 09:48:42',NULL,1,NULL,NULL,NULL,0,NULL,0.00,NULL),(315,'Davide','Orlandini','18760','Davide.Orlandini@ul.com','0f1df9069e3d13ccc6ac91116ef463c5b971ebbe','629d857b','EMC Group','Test Engineer','','EUROPE/LONDON','en_us',1,'2019-07-23 09:48:42','2019-07-23 09:48:42',NULL,1,NULL,NULL,NULL,0,NULL,0.00,NULL),(316,'Marc','Montserrat','44314','marc.montserrat@ul.com','388b3ff244da0a63f3cb5533ee24475463f05f3e','032f0fe2','SAR Group','Senior Test Engineer','','EUROPE/LONDON','en_us',1,'2019-07-23 09:48:42','2019-07-23 09:48:42',NULL,1,NULL,NULL,NULL,0,NULL,0.00,NULL),(317,'Chanthu','Theverajah','42458','Chanthu.Thevarajah@ul.com','53c1bf85474de7b0d74820a6b1376c96745a9e04','7b6bc1d9','SAR Group','Senior Test Engineer','','EUROPE/LONDON','en_us',1,'2019-07-23 09:48:42','2019-07-23 09:48:42',NULL,1,NULL,NULL,NULL,0,NULL,0.00,NULL),(318,'Masood','Khan','10670','Masood.Khan@ul.com','aad78368093964d266c0f4e23d60da3970310063','77501b24','SAR Group','Test Engineer','','EUROPE/LONDON','en_us',1,'2019-07-23 09:48:42','2019-07-23 09:48:42',NULL,1,NULL,NULL,NULL,0,NULL,0.00,NULL),(319,'Harmohan','Sahota','18700','Harmohan.Sahota@ul.com','9b1a1a869430afd35bb534ee5ffdba49834ce79e','2d3c93c9','SAR Group','Test Engineer','','EUROPE/LONDON','en_us',1,'2019-07-23 09:48:42','2019-07-23 09:48:42',NULL,1,NULL,NULL,NULL,0,NULL,0.00,NULL),(320,'Ravish','Foolchund','18709','Ravish.Foolchund@ul.com','6c01ba856329b240320dc7f5170466e734a34647','67938ff5','SAR Group','Test Engineer','','EUROPE/LONDON','en_us',1,'2019-07-23 09:48:42','2019-07-23 09:48:42',NULL,1,NULL,NULL,NULL,0,NULL,0.00,NULL),(321,'Carl','Hunt','31157','carl.hunt@ul.com','592146e330f2a99dc2055ff326684d06b31b3bb6','462ae38c','TPM Group','TPM Group Lead','','Europe/London','en_us',1,'2019-07-23 09:48:42','2019-10-17 08:46:07','2019-10-17 08:43:42',1,NULL,NULL,'859aaae228e1c112f1f7',0,26,0.00,NULL),(322,'Kevin','Tappin','03880','kevin.tappin@ul.com','0396d1243f951a5ef34c4b2d67d16ab4e1b7211b','46ba963d','TPM Group','Project Engineer','','EUROPE/LONDON','en_us',1,'2019-07-23 09:48:42','2019-10-17 10:27:00','2019-10-17 10:26:32',1,NULL,NULL,'dfcc474b97f24738eb98',0,NULL,0.00,NULL),(323,'Stuart','Martin','00972','stuart.martin@ul.com','48870c367b5fffbd648a0ca247beb079778b5870','443ee7ce','TPM Group','Project Engineer','','EUROPE/LONDON','en_us',1,'2019-07-23 09:48:42','2019-07-23 09:48:42',NULL,1,NULL,NULL,NULL,0,NULL,0.00,NULL),(324,'Ilona','Bormane','82457','ilona.bormane@ul.com','6a92c5f5a494188b44641a12961732e012bf9168','01138f13','TPM Group','Project Engineer','','EUROPE/LONDON','en_us',1,'2019-07-23 09:48:42','2019-10-21 09:03:08','2019-10-21 09:03:08',1,NULL,NULL,'9186d78520752a62abbc',0,NULL,0.00,NULL),(325,'Sandhya','Menon','33948','sandhya.menon@ul.com','d1d893032dcbcd718240327ad82f9cfe6152126b','6334c4a4','TPM Group','Project Engineer','','EUROPE/LONDON','en_us',1,'2019-07-23 09:48:42','2019-07-23 09:48:42',NULL,1,NULL,NULL,NULL,0,NULL,0.00,NULL),(326,'KyoungJin','Chae','91041','KyoungJin.Chae@ul.com','bd1240e077349f0cddd5b7a4ebbd729525b32765','4c8141a0','','','','ASIA/SEOUL','en_us',1,'2019-07-23 09:59:03','2019-10-17 00:19:24','2019-10-17 00:19:24',1,NULL,NULL,'d91f17c90b2b16a6d63b',0,NULL,0.00,NULL),(327,'Daye','Baek','11302','Daye.Baek@ul.com','c47fc57d49cbd9de0f9d03bfe02ea8871c42e1e4','0f841bc4','','','','ASIA/SEOUL','en_us',1,'2019-07-23 09:59:03','2019-07-23 09:59:03',NULL,1,NULL,NULL,NULL,0,NULL,0.00,NULL),(328,'SuHyun','Jo','46902','SuHyun.Jo@ul.com','b3ac8a08acc96ff881475da7eaf0ccb2c7025c5c','172e077e','','','','ASIA/SEOUL','en_us',1,'2019-07-23 09:59:03','2019-07-23 09:59:03',NULL,1,NULL,NULL,NULL,0,NULL,0.00,NULL),(329,'CY','Choi','43209','CY.Choi@ul.com','bfdd9e1457d68fe2c930d944ff7d11c78bef46df','7f7a159f','','','','ASIA/SEOUL','en_us',1,'2019-07-23 09:59:03','2019-07-23 09:59:03',NULL,1,NULL,NULL,NULL,0,NULL,0.00,NULL),(330,'Steven','Kim','45574','Steven.Kim@ul.com','ef66d8131d49b2c8bd44bb0f9f65461248adac43','17748342','','','','ASIA/SEOUL','en_us',1,'2019-07-23 09:59:04','2019-10-17 00:04:02','2019-10-17 00:04:02',1,NULL,NULL,'37272545753eb02fdd6b',0,NULL,0.00,NULL),(331,'Junwhan','Lee','46916','Junwhan.Lee@ul.com','4d38f70bb655e789007b4cb216f9f3448b20d5b9','529ffe07','','','','ASIA/SEOUL','en_us',1,'2019-07-23 09:59:04','2019-07-23 09:59:04',NULL,1,NULL,NULL,NULL,0,NULL,0.00,NULL),(332,'SungGil','Park','46906','Sunggil.Park@ul.com','a8c6e13cd9cf0478b088293f7337296445a8b80d','57192e7e','','','','ASIA/SEOUL','en_us',1,'2019-07-23 09:59:04','2019-07-23 09:59:04',NULL,1,NULL,NULL,NULL,0,NULL,0.00,NULL),(333,'SungHoon','Kim','46917','Sunghoon.Kim@ul.com','eb44e03961c5fcc9ceda844200a91535a0215fd8','514aed53','','','','ASIA/SEOUL','en_us',1,'2019-07-23 09:59:04','2019-10-02 07:15:08','2019-10-02 07:15:08',1,NULL,NULL,'e75a97ee0ac2701335e0',0,NULL,0.00,NULL),(334,'Justin','Park','43211','Justin.Park@ul.com','b82f56022ae0ad86ceae3b43a75612dfec8311e3','699e9859','','','','ASIA/SEOUL','en_us',1,'2019-07-23 09:59:04','2019-10-02 07:16:36','2019-10-02 07:15:03',1,NULL,NULL,'ca34a8925610982e2033',0,NULL,0.00,NULL),(335,'Geunbeom','Jang','20881','Geunbeom.Jang@ul.com','192885850c6183176c48509aa99eb4eabe3559de','6210281b','','','','ASIA/SEOUL','en_us',1,'2019-07-23 09:59:04','2019-07-23 09:59:04',NULL,1,NULL,NULL,NULL,0,NULL,0.00,NULL),(336,'Hyeyoung','Kim','20882','Hyeyoung.Kim@ul.com','dca535877ae54f5512f6a0b57dbcc7606ece71b4','74e642e6','','','','ASIA/SEOUL','en_us',1,'2019-07-23 09:59:04','2019-07-23 09:59:04',NULL,1,NULL,NULL,NULL,0,NULL,0.00,NULL),(337,'Jaehyun','Oh','20890','Jaehyun.Oh@ul.com','c1be147bf150b7250329007305c1f4c8e62c370b','5e941b0e','','','','ASIA/SEOUL','en_us',1,'2019-07-23 09:59:04','2019-07-23 09:59:04',NULL,1,NULL,NULL,NULL,0,NULL,0.00,NULL),(338,'JiHyeon','Park','45585','JiHyeon.Park@ul.com','ceb639182e977f1996a361405fcec67dc202ce70','3879ba66','','','','ASIA/SEOUL','en_us',1,'2019-07-23 09:59:04','2019-07-23 09:59:04',NULL,1,NULL,NULL,NULL,0,NULL,0.00,NULL),(339,'Sieun','Park','20896','Sieun.Park@ul.com','5e6005ab7c4d739bddc106b379217277a8e345a9','50319c45','','','','ASIA/SEOUL','en_us',1,'2019-07-23 09:59:04','2019-07-23 09:59:04',NULL,1,NULL,NULL,NULL,0,NULL,0.00,NULL),(340,'Seokhwan','Hong','46918','Seokhwan.Hong@ul.com','104de5712feefca5051f19a3d640ab5539ba2898','3719e839','','','','ASIA/SEOUL','en_us',1,'2019-07-23 09:59:04','2019-07-23 09:59:04',NULL,1,NULL,NULL,NULL,0,NULL,0.00,NULL),(341,'Sungeun','Lee','22933','SunGeun.Lee@ul.com','26cfd5f28f07294c778b7bd0011a1159dd9451a8','7e1eba97','','','','ASIA/SEOUL','en_us',1,'2019-07-23 09:59:04','2019-07-23 09:59:04',NULL,1,NULL,NULL,NULL,0,NULL,0.00,NULL),(342,'Yeonhee','Lim','47989','Yeonhee.Lim@ul.com','3c530fb1b5647001f1df3d22a7b829dba9c8dccc','625cfefe','','','','ASIA/SEOUL','en_us',1,'2019-07-23 09:59:04','2019-07-23 09:59:04',NULL,1,NULL,NULL,NULL,0,NULL,0.00,NULL),(343,'Dexter','Yun','51078','Dexter.Yun@ul.com','45ad5d60815a9ebb5afb388b352e38d1cc597fd4','511576aa','','','','ASIA/SEOUL','en_us',1,'2019-07-23 09:59:04','2019-07-23 09:59:04',NULL,1,NULL,NULL,NULL,0,NULL,0.00,NULL),(344,'Eunji','Choi','47987','Eunji.Choi@ul.com','e208e3777e08cf3ea8b2f841b51a32f79ef9d775','40ef0a7f','','','','ASIA/SEOUL','en_us',1,'2019-07-23 09:59:05','2019-07-23 09:59:05',NULL,1,NULL,NULL,NULL,0,NULL,0.00,NULL),(345,'Seungyeon','Kim','20883','SeungYeon.Kim@ul.com','fece1a0c6c95008966d8697d175fce48499b3bfb','1b47396c','','','','ASIA/SEOUL','en_us',1,'2019-07-23 09:59:05','2019-07-23 09:59:05',NULL,1,NULL,NULL,NULL,0,NULL,0.00,NULL),(346,'SangHwa','Lee','46901','SangHwa.Lee@ul.com','32a2e8bd739a0f6c797fb18ebc8b465366df3741','63a9383f','','','','ASIA/SEOUL','en_us',1,'2019-07-23 09:59:05','2019-07-23 09:59:05',NULL,1,NULL,NULL,NULL,0,NULL,0.00,NULL),(347,'SeongGon','Lee','47991','Seonggon.Lee@ul.com','14f59f82355fbb1d4bcb6b1babf013d30949388e','5dacd8e5','','','','ASIA/SEOUL','en_us',1,'2019-07-23 09:59:05','2019-07-23 09:59:05',NULL,1,NULL,NULL,NULL,0,NULL,0.00,NULL),(348,'Jeongyeon','Won','46913','jeongyeon.won@ul.com','1efe79d2644c69497f6ac0ae8cec9a62ad1cbfea','3b1be51b','','','','ASIA/SEOUL','en_us',1,'2019-07-23 09:59:05','2019-07-23 09:59:05',NULL,1,NULL,NULL,NULL,0,NULL,0.00,NULL),(349,'Eunhee','Yang','20893','Eunhee.Yang@ul.com','73f3c055a5327fbbc2ee6efcd0b5d8fb7ecadfd7','5764d571','','','','ASIA/SEOUL','en_us',1,'2019-07-23 09:59:05','2019-07-23 09:59:05',NULL,1,NULL,NULL,NULL,0,NULL,0.00,NULL),(350,'Anthony','Kim','41345','Anthony.Kim@ul.com','ea7dab4484ecceaa5d37069756ca037cf070f2cb','6761b052','','','','ASIA/SEOUL','en_us',1,'2019-07-23 09:59:05','2019-07-23 09:59:05',NULL,1,NULL,NULL,NULL,0,NULL,0.00,NULL),(351,'Neo','Lee','51072','Neo.Lee@ul.com','e76d9c496209b3c5904294b823cc68e94c310654','4819dcf2','','','','ASIA/SEOUL','en_us',1,'2019-07-23 09:59:05','2019-07-23 09:59:05',NULL,1,NULL,NULL,NULL,0,NULL,0.00,NULL),(352,'Robby','Lee','11281','Robby.Lee@ul.com','5880aa8a7b52d610eb80a545c417fa6a81141873','34f4cb81','','','','ASIA/SEOUL','en_us',1,'2019-07-23 09:59:05','2019-07-23 09:59:05',NULL,1,NULL,NULL,NULL,0,NULL,0.00,NULL),(353,'Niklas','Haydon','44389','Niklas.Haydon@ul.com','95d194c45fa50a30da704eb1182fbd445364b49c','418c4893','MOR','Engineer','919-549-1421','America/New_York','en_us',1,'2019-07-23 10:08:52','2019-10-03 14:38:07','2019-10-03 14:38:07',1,NULL,NULL,'e11ebe4e2f57472dd734',0,NULL,0.00,NULL),(354,'Lariah','Ijames','48445','Lariah.Ijames@ul.com','94f44f68144e029cf01f4a9c45b968f1cc4344dd','542bcc3b','MOR','Project Handler I','919-549-0945','America/New_York','en_us',1,'2019-07-23 10:08:53','2019-07-23 10:08:53',NULL,1,NULL,NULL,NULL,0,NULL,0.00,NULL),(355,'Rick','Jankovics','21193','Richard.Jankovics@ul.com','28ac8bb39e63b7305bb0707d341f0132ae6b3c9a','17413453','MOR','Operations Leader','919-549-1301','America/New_York','en_us',1,'2019-07-23 10:08:53','2019-07-23 10:08:53',NULL,1,NULL,NULL,NULL,0,NULL,0.00,NULL),(356,'Brian','Kiewra','37903','Brian.Kiewra@ul.com','638882f401c1518766ccc04e000b4778908d5397','5626a2be','MOR','Project Engineer','919-549-1332','America/New_York','en_us',1,'2019-07-23 10:08:53','2019-07-23 10:08:53',NULL,1,NULL,NULL,NULL,0,NULL,0.00,NULL),(357,'Cristian','Melara','24293','Cristian.Melara@ul.com','becc026fa3cfa7b211c4e97a49076836dc58e357','77e7bfcf','MOR','Engineer','919-316-5189','America/New_York','en_us',1,'2019-07-23 10:08:53','2019-07-23 10:08:53',NULL,1,NULL,NULL,NULL,0,NULL,0.00,NULL),(358,'Mark','Nolting','17051','Mark.Nolting@ul.com','181a5f625dec559a86c74d6cc2c5fb6da35fac2c','09bdda5b','MOR','Test Engineer','919-549-1984','America/New_York','en_us',1,'2019-07-23 10:08:53','2019-07-23 10:08:53',NULL,1,NULL,NULL,NULL,0,NULL,0.00,NULL),(359,'Jeff','Moser','16758','Jeffrey.D.Moser@ul.com','0d63c40c8d6abd72798c3d1d60fe99fc7fcb0eac','52361b91','MOR','Operations Leader','919-549-1364','America/New_York','en_us',1,'2019-07-23 10:08:53','2019-07-23 10:08:53',NULL,1,NULL,NULL,NULL,0,NULL,0.00,NULL),(360,'Alison','Ferguson','11970','Alison.Ferguson@ul.com','d2edbd67932964d2cce508ae0b99900c21512868','5ba2009e','RTP','Project Engineer','919-549-1505','America/New_York','en_us',1,'2019-07-23 10:08:53','2019-07-23 10:08:53',NULL,1,NULL,NULL,NULL,0,NULL,0.00,NULL),(361,'Mark','Learner','49497','Mark.Learner@ul.com','b400022ea91386bfd2163f68c11606738d2ef75d','02dc54c7','RTP','Test Engineer','919-549-1354','America/New_York','en_us',1,'2019-07-23 10:08:53','2019-07-23 10:08:53',NULL,1,NULL,NULL,NULL,0,NULL,0.00,NULL),(362,'Michael','Ferrer','07203','Michael.Ferrer@ul.com','33ccc9fc000b1e013db468fc81c883544fc1e5f5','4e09b1f4','RTP','Operations Leader','919-549-1330','America/New_York','en_us',1,'2019-07-23 10:08:53','2019-10-14 13:57:15','2019-10-14 13:54:44',1,NULL,NULL,'d3dd3009d10f0999e834',0,NULL,0.00,NULL),(363,'Vic','Powley','04197','victor.m.powley@ul.com','743ecb4035855d328748cba8f40535289a47d176','611e2c4c','RTP','Operations Leader','19195491580','America/New_York','en_us',1,'2019-07-23 10:08:53','2019-07-23 10:08:53',NULL,1,NULL,NULL,NULL,0,NULL,0.00,NULL),(364,'Graham','Allen','46726','Graham.Allen@ul.com','9f3a093a6d0d5d9a1bdd3edc28ff527b8e5c93b2','32fab6a3','MOR','Laboratory Techinican','','America/New_York','en_us',1,'2019-07-23 10:08:53','2019-07-23 10:08:53',NULL,1,NULL,NULL,NULL,0,NULL,0.00,NULL),(365,'Jeff','Cabrera','40882','Jeffrey.Cabrera@ul.com','7604da6831347d8c29023e6dde3fcff3a1af13c0','71882ed7','MOR','Laboratory Techinican','','America/New_York','en_us',1,'2019-07-23 10:08:53','2019-07-23 10:08:53',NULL,1,NULL,NULL,NULL,0,NULL,0.00,NULL),(366,'John','Manser','46722','John.Manser@ul.com','9778dceb4d40ea9589b33ab1096c0e96f70689e1','603927ff','MOR','Laboratory Techinican','','America/New_York','en_us',1,'2019-07-23 10:08:53','2019-07-23 10:08:53',NULL,1,NULL,NULL,NULL,0,NULL,0.00,NULL),(367,'Eric','McCalister','11993','Eric.Mccalister@ul.com','18d8c94a7fd6d4df4a14c5c2e5bf9cf43d1819e0','123be505','MOR','Laboratory Techinican','','America/New_York','en_us',1,'2019-07-23 10:08:54','2019-07-23 10:08:54',NULL,1,NULL,NULL,NULL,0,NULL,0.00,NULL),(368,'Malik','Williams','83471','Malik.Williams@ul.com','4566ff4bfc3bf5a78f7fe6dc29f4dd2d7c4887b6','4c993a8a','MOR','Contractor','','America/New_York','en_us',1,'2019-07-23 10:08:54','2019-07-23 10:08:54',NULL,1,NULL,NULL,NULL,0,NULL,0.00,NULL),(369,'Matt','Vann','16812','matthew.r.vann@ul.com','5c40d6d889faa24313bc1902253e368b9fbb70bb','4b3d05f7','RTP','Lead Project Engineer','19195491682','America/New_York','en_us',1,'2019-07-23 10:08:54','2019-07-23 10:08:54',NULL,1,NULL,NULL,NULL,0,NULL,0.00,NULL),(370,'Ellen','Moles','11930','ellen.moles@ul.com','fdea62b18ffc9a6760f9d81ec08c6965aacb26cf','0d19c67e','RTP','Laboratory Engineer','19195491023','America/New_York','en_us',1,'2019-07-23 10:08:54','2019-07-23 10:08:54',NULL,1,NULL,NULL,NULL,0,NULL,0.00,NULL),(371,'Ron','Reichard','46729','ronald.reichard@ul.com','9f7310bd9ab768f4ffb6ddd763f4943f99503390','17e2c18e','RTP','Lead Project Engineer','19195491561','America/New_York','en_us',1,'2019-07-23 10:08:54','2019-07-23 10:08:54',NULL,1,NULL,NULL,NULL,0,NULL,0.00,NULL),(372,'Marion','Pierce','34426','marion.pierce@ul.com','0a5fe7b2fa376b7a5474a88b66991250866138b1','2878304c','RTP','Test Engineer','19195491335','America/New_York','en_us',1,'2019-07-23 10:08:54','2019-07-23 10:08:54',NULL,1,NULL,NULL,NULL,0,NULL,0.00,NULL),(373,'Christopher','Rose','01159','christopher.s.rose@ul.com','322bceb27e7c79996672eb45b6a7b0d254dfee75','02177bbe','RTP','Senior Test Engineer','19195491713','America/New_York','en_us',1,'2019-07-23 10:08:54','2019-07-23 10:08:54',NULL,1,NULL,NULL,NULL,0,NULL,0.00,NULL),(374,'Phil','Foote','11775','philip.foote@ul.com','8920636c5583ff27167e35b7e97a184f57ac727e','00d412a1','RTP','Test Engineer','19195490917','America/New_York','en_us',1,'2019-07-23 10:08:54','2019-07-23 10:08:54',NULL,1,NULL,NULL,NULL,0,NULL,0.00,NULL),(375,'John','Cooley','48424','john.cooley@ul.com','1d9b9021363aee5a38390d14094254b996696947','763cb9cc','RTP','Senior Laboratory Technician','9193165118','America/New_York','en_us',1,'2019-07-23 10:08:54','2019-07-23 10:08:54',NULL,1,NULL,NULL,NULL,0,NULL,0.00,NULL),(376,'Laddy','Pokorny','19289','ladislav.pokorny@ul.com','da2307ed2fbe10fab529a309c21c68ccecd4751f','7ea4fca7','RTP','Laboratory Technician','19193165000','America/New_York','en_us',1,'2019-07-23 10:08:54','2019-07-23 10:08:54',NULL,1,NULL,NULL,NULL,0,NULL,0.00,NULL),(377,'Richard','Ramey','16866','richard.l.ramey@ul.com','583efe54399765f24d777ba9631187921f6463b5','0b187c6d','RTP','Test Engineer','19195490999','America/New_York','en_us',1,'2019-07-23 10:08:54','2019-07-23 10:08:54',NULL,1,NULL,NULL,NULL,0,NULL,0.00,NULL),(378,'Larry','Kay','80747','larry.kay@ul.com','9fe61d541237d4df22cf6dec5ec5816cd467616b','6b0dad42','RTP','Laboratory Technician','','America/New_York','en_us',1,'2019-07-23 10:08:54','2019-07-23 10:08:54',NULL,1,NULL,NULL,NULL,0,NULL,0.00,NULL),(379,'Jackson','Daniel','49503','jackson.daniel@ul.com','06e6ebd10b077b9d22dbccb03c1bae2814744fa2','55871f78','RTP','Laboratory Technician','','America/New_York','en_us',1,'2019-07-23 10:08:54','2019-07-23 10:08:54',NULL,1,NULL,NULL,NULL,0,NULL,0.00,NULL),(380,'Sarah','Thomson','40838','sarah.thomson@ul.com','e7fce51485d0e9433687037086e85f53f4786b69','6d6fa80e','RTP','Senior Laboratory Technician','','America/New_York','en_us',1,'2019-07-23 10:08:54','2019-07-23 10:08:54',NULL,1,NULL,NULL,NULL,0,NULL,0.00,NULL),(381,'Andy','French','17025','raymond.french@ul.com','aa6f8b01c55da095dd49719d98091df4f8263622','609232af','RTP','Test Engineer','19195491586','America/New_York','en_us',1,'2019-07-23 10:08:55','2019-07-23 10:08:55',NULL,1,NULL,NULL,NULL,0,NULL,0.00,NULL),(382,'John','Bainlardi','01301','john.bainlardi@ul.com','be35ebb48a529008c35ea258abcc78c3f7ab41cb','7deda1ea','RTP','Laboratory Technician','','America/New_York','en_us',1,'2019-07-23 10:08:55','2019-07-23 10:08:55',NULL,1,NULL,NULL,NULL,0,NULL,0.00,NULL),(383,'Frank','Lewis','09377','franklin.d.lewis@ul.com','c5ceeb188bdd746e7dd183577f6ce0adf90d8865','4b64d3b3','RTP','Test Engineer','19192446872','America/New_York','en_us',1,'2019-07-23 10:08:55','2019-07-23 10:08:55',NULL,1,NULL,NULL,NULL,0,NULL,0.00,NULL),(384,'Luis','Antigua','24296','luis.antigua@ul.com','d81cf7ec5075304ee4f63d6c917a61fae9b5bce8','157494b2','RTP','Laboratory Technician','19193165146','America/New_York','en_us',1,'2019-07-23 10:08:55','2019-07-23 10:08:55',NULL,1,NULL,NULL,NULL,0,NULL,0.00,NULL),(385,'David','Cox','19329','david.cox@ul.com','d3b5ef5bf81a9c7ffdab6220db4f6029ebd8cd09','6bb948bb','RTP','Laboratory Technician','','America/New_York','en_us',1,'2019-07-23 10:08:55','2019-07-23 10:08:55',NULL,1,NULL,NULL,NULL,0,NULL,0.00,NULL),(386,'Gerard','Paul','10130','gerard.paul@ul.com','b2a584ab6e056153bb5a5db577b12891fb972f66','18ebb53a','RTP','Staff Engineer','19195491405','America/New_York','en_us',1,'2019-07-23 10:08:55','2019-10-02 15:33:17','2019-10-02 15:33:17',1,NULL,NULL,'6575952759f3fb6d24c8',0,NULL,0.00,NULL),(387,'Shawn','Wen','49094','Shawn.Wen@ul.com','823fec17802bd07efe2f5800f67ad90354dddf57','4444aa66','SON Group','SON Group Lead','','Asia/Shanghai','en_us',1,'2019-07-23 10:20:41','2019-07-23 10:20:41',NULL,1,NULL,NULL,NULL,0,NULL,0.00,NULL),(388,'Echo','Yin','20512','Echo.Yin@ul.com','06974e99bdcb02c58148d8df5f3f1aa38b552e19','5ed7317b','SON Group','Test Engineer','','Asia/Shanghai','en_us',1,'2019-07-23 10:20:41','2019-07-23 10:20:41',NULL,1,NULL,NULL,NULL,0,NULL,0.00,NULL),(389,'Wing','Liang','49111','Wing.Liang@ul.com','f2dfa68371b6b46771558289b4126c005a801888','78269304','SON Group','Test Engineer','','Asia/Shanghai','en_us',1,'2019-07-23 10:20:41','2019-07-23 10:20:41',NULL,1,NULL,NULL,NULL,0,NULL,0.00,NULL),(390,'Susan','Liu','49114','Susan.Liu@ul.com','88bf76ec3ebd4a4d0564ca9a2fd825a33077342c','46e4d600','SON Group','Test Engineer','','Asia/Shanghai','en_us',1,'2019-07-23 10:20:42','2019-07-23 10:20:42',NULL,1,NULL,NULL,NULL,0,NULL,0.00,NULL),(391,'Vicky','Gao','50008','Vicky.Gao@ul.com','06ed0ccc039b1f3d85fa273a46261f38e824055b','41bdd62f','SON Group','Test Engineer','','Asia/Shanghai','en_us',1,'2019-07-23 10:20:42','2019-07-23 10:20:42',NULL,1,NULL,NULL,NULL,0,NULL,0.00,NULL),(392,'Colin','Yu','02002','Colin.Yu@ul.com','7e279c59c696477c0e2f05ac1a40697e18719a46','38c64b25','SON Group','Test Engineer','','Asia/Shanghai','en_us',1,'2019-07-23 10:20:42','2019-07-23 10:20:42',NULL,1,NULL,NULL,NULL,0,NULL,0.00,NULL),(393,'Leal','Xue','20427','Leal.Xue@ul.com','3f27fadf6e50976abb3630e37f3b2115a05456c3','5094bb84','SON Group','Test Engineer','','Asia/Shanghai','en_us',1,'2019-07-23 10:20:42','2019-07-23 10:20:42',NULL,1,NULL,NULL,NULL,0,NULL,0.00,NULL),(394,'Dean','Hua','49089','Dean.Hua@ul.com','e6b167bdff3a16d80b43fa114cb5867c0308c65f','62304f62','SON Group','Test Engineer','','Asia/Shanghai','en_us',1,'2019-07-23 10:20:42','2019-07-23 10:20:42',NULL,1,NULL,NULL,NULL,0,NULL,0.00,NULL),(395,'James','Qin','49091','James.Qin@ul.com','5d24815fb3028d0521d3d676cec2608db726eb0a','40822f6d','SON Group','Test Engineer','','Asia/Shanghai','en_us',1,'2019-07-23 10:20:42','2019-07-23 10:20:42',NULL,1,NULL,NULL,NULL,0,NULL,0.00,NULL),(396,'Andy','Xiong','49104','Andy.Xiong@ul.com','0cfbdc015c93f9bd01152d51f55691fbdac13752','3f28fa5e','SON Group','Test Engineer','','Asia/Shanghai','en_us',1,'2019-07-23 10:20:42','2019-07-23 10:20:42',NULL,1,NULL,NULL,NULL,0,NULL,0.00,NULL),(397,'Denny','Huang','49177','Denny.Huang@ul.com','7cfb326dccc5562e3ef4b4a96980e569f5146265','2232e1b1','SON Group','Test Engineer','','Asia/Shanghai','en_us',1,'2019-07-23 10:20:42','2019-07-23 10:20:42',NULL,1,NULL,NULL,NULL,0,NULL,0.00,NULL),(398,'Gary','Zhang','50090','Gary.Zhang@ul.com','5d9573728e23df53fa01f47238147aaa3eea3fe0','5445b5c5','SON Group','Test Engineer','','Asia/Shanghai','en_us',1,'2019-07-23 10:20:42','2019-07-23 10:20:42',NULL,1,NULL,NULL,NULL,0,NULL,0.00,NULL),(399,'Kebo','ZHang','00066','Kebo.Zhang@ul.com','9a0451439a0c5bb9b009dc3b34406c7c52ff8cf5','00c04af1','SON Group','Test Engineer','','Asia/Shanghai','en_us',1,'2019-07-23 10:20:42','2019-07-23 10:20:42',NULL,1,NULL,NULL,NULL,0,NULL,0.00,NULL),(400,'Andy','Wan','01975','Andy.Wan@ul.com','be396de9177a3058819d6c13348696660122727b','1dbfcd19','SON Group','Test Engineer','','Asia/Shanghai','en_us',1,'2019-07-23 10:20:42','2019-07-23 10:20:42',NULL,1,NULL,NULL,NULL,0,NULL,0.00,NULL),(401,'Jacky','Jiang','06474','Jacky.Jiang@ul.com','e5cc9f5f2510b5a5fd771e1d22916750a1f3205b','793fd5c9','SON Group','Test Engineer','','Asia/Shanghai','en_us',1,'2019-07-23 10:20:42','2019-07-23 10:20:42',NULL,1,NULL,NULL,NULL,0,NULL,0.00,NULL),(402,'Fanny','Huang','13202','Fanny.Huang@ul.com','f66f423bddba0a06f11c45cf11798dc2401a8d07','20202344','SON Group','Test Engineer','','Asia/Shanghai','en_us',1,'2019-07-23 10:20:42','2019-07-23 10:20:42',NULL,1,NULL,NULL,NULL,0,NULL,0.00,NULL),(403,'Desmond','Li','20513','Desmond.Li@ul.com','249ebce2207e389864bf8ac633fa94e45565ebba','52bb2b2c','SON Group','Test Engineer','','Asia/Shanghai','en_us',1,'2019-07-23 10:20:43','2019-07-23 10:20:43',NULL,1,NULL,NULL,NULL,0,NULL,0.00,NULL),(404,'Mick','Zhang','23063','Mick.Zhang@ul.com','5d47804673096269fe53c6ad6a0854bd60dd58f2','1375507d','SON Group','Test Engineer','','Asia/Shanghai','en_us',1,'2019-07-23 10:20:43','2019-07-23 10:20:43',NULL,1,NULL,NULL,NULL,0,NULL,0.00,NULL),(405,'Welbol','Feng','34632','Welbol.Feng@ul.com','138af6da356c69645321a4c86d2aa959753b79c9','1fc6e9b5','SON Group','Test Engineer','','Asia/Shanghai','en_us',1,'2019-07-23 10:20:43','2019-07-23 10:20:43',NULL,1,NULL,NULL,NULL,0,NULL,0.00,NULL),(406,'Zain','Zhong','20434','Zain.Zhong@ul.com','7cb6f40cae2e585d826a68288de675f185cdde11','734bcf04','SON Group','Test Engineer','','Asia/Shanghai','en_us',1,'2019-07-23 10:20:43','2019-07-23 10:20:43',NULL,1,NULL,NULL,NULL,0,NULL,0.00,NULL),(407,'Rui','Wang','20431','Rui.Wang@ul.com','77ef90667e3327b8e50ff36154cf38a5fe1bef9e','0f690e35','SON Group','Test Engineer','','Asia/Shanghai','en_us',1,'2019-07-23 10:20:43','2019-07-23 10:20:43',NULL,1,NULL,NULL,NULL,0,NULL,0.00,NULL),(408,'Leon','Lin','49998','Leon.Lin@ul.com','3eb53c355c26d9ef9e49de8359fe8f734ed7ec9a','286ccb6e','SON Group','Test Engineer','','Asia/Shanghai','en_us',1,'2019-07-23 10:20:43','2019-07-23 10:20:43',NULL,1,NULL,NULL,NULL,0,NULL,0.00,NULL),(409,'Ziliang','Lu','06529','Ziliang.Lu@ul.com','578f61e1bc76f0e2c1da6a95e6dba390caf9751e','171b0f0d','SON Group','Test Engineer','','Asia/Shanghai','en_us',1,'2019-07-23 10:20:43','2019-07-23 10:20:43',NULL,1,NULL,NULL,NULL,0,NULL,0.00,NULL),(410,'Jason','Liu','22060','Jason.J.Liu@ul.com','16627f712af75c0d36dcfc4b2b10774ec54af5ec','5fcfad42','SON Group','Test Engineer','','Asia/Shanghai','en_us',1,'2019-07-23 10:20:43','2019-07-23 10:20:43',NULL,1,NULL,NULL,NULL,0,NULL,0.00,NULL),(411,'Roy','Chen','11031','Roy.chen@ul.com','b941e313abeae73e0e2f53836b049cecf30406b8','28798976','Hsinchu Group','Hsinchu Group Lead','','Asia/Taipei','en_us',1,'2019-07-23 10:28:49','2019-07-23 10:28:49',NULL,1,NULL,NULL,NULL,0,NULL,0.00,NULL),(412,'Stanley','Wu','16404','Stanley.wu@ul.com','ac3235476ba84971fc1bcc0e7b96678854a3d687','584819f1','Hsinchu Group','Senior Project engineer','','Asia/Taipei','en_us',1,'2019-07-23 10:28:49','2019-07-23 10:28:49',NULL,1,NULL,NULL,NULL,0,NULL,0.00,NULL),(413,'Hank','Yang','11002','Hank.yang@ul.com','a0eccfaf43204383b09a73c3f0a69423c88b7a01','0cd5b4e2','Hsinchu Group','Test Engineer','','Asia/Taipei','en_us',1,'2019-07-23 10:28:49','2019-07-23 10:28:49',NULL,1,NULL,NULL,NULL,0,NULL,0.00,NULL),(414,'Sky','Zhou','14027','Sky.Zhou@ul.com','545f0baf4f726f7b4264cc08d2934ee7c92a1858','1a35ed40','Hsinchu Group','Test Engineer','','Asia/Taipei','en_us',1,'2019-07-23 10:28:49','2019-07-23 10:28:49',NULL,1,NULL,NULL,NULL,0,NULL,0.00,NULL),(415,'Dylan','Yang','16416','Dylan.yang@ul.com','feb9c678a05005f2c005f375cafcf8eca648eadd','7f531a59','Hsinchu Group','Project Engineer','','Asia/Taipei','en_us',1,'2019-07-23 10:28:49','2019-10-21 06:37:07','2019-10-21 06:37:07',1,NULL,NULL,'20fed65547065f947521',0,NULL,0.00,NULL),(416,'Edison','Lin','16385','Edison.lin@ul.com','6dc1b516f5c26686121405d93f4a290dad8acf68','3c21375e','Hsinchu Group','Test Engineer','','Asia/Taipei','en_us',1,'2019-07-23 10:28:50','2019-07-23 10:28:50',NULL,1,NULL,NULL,NULL,0,NULL,0.00,NULL),(417,'Eric','Fan','04899','Eric.T.Fan@ul.com','2e7987dbf3d81995476d24b35ea0f9f6f6d9079e','66592bae','Hsinchu Group','Test Engineer','','Asia/Taipei','en_us',1,'2019-07-23 10:28:50','2019-07-23 10:28:50',NULL,1,NULL,NULL,NULL,0,NULL,0.00,NULL),(418,'Howard','Kao','16417','Howard.Kao@ul.com','7bf4370a75cc56e916006570b6fcedb6fc3f3f1d','47a35657','Hsinchu Group','Project Engineer','','Asia/Taipei','en_us',1,'2019-07-23 10:28:50','2019-10-15 07:34:45','2019-10-15 07:34:45',1,NULL,NULL,'3fde46847c24ac0d902c',0,NULL,0.00,NULL),(419,'Will','Chen','20245','Will.Chen@ul.com','215235e46f0a85a753a41844e5606574e5ba0eec','6c378007','Hsinchu Group','Test Engineer','','Asia/Taipei','en_us',1,'2019-07-23 10:28:50','2019-10-22 05:59:28','2019-10-22 05:59:28',1,NULL,NULL,'49ad4c0546d211b5e2a2',0,NULL,0.00,NULL),(420,'Wayne','Chen','04904','Wayne.Chen@ul.com','a148cd8c1e048a47b1c4b8aef5f2c7acfa4e7979','2b6a630b','Hsinchu Group','Test Engineer','','Asia/Taipei','en_us',1,'2019-07-23 10:28:50','2019-10-15 08:18:32','2019-10-15 08:18:32',1,NULL,NULL,'bc6ec65d21164e324951',0,NULL,0.00,NULL),(421,'Waternil','Guan','16384','Waternil.Guan@ul.com','35cfdc759a88d0bd24c789e5804d1ea5fbd8656e','759ac3da','Hsinchu Group','Test Engineer','','Asia/Taipei','en_us',1,'2019-07-23 10:28:50','2019-07-23 10:28:50',NULL,1,NULL,NULL,NULL,0,NULL,0.00,NULL),(422,'Bernd','Woerl','51762','bernd.woerl@ul.com','527a099d33087236d073e822015f8799ec1c0180','6e038cc0','EMC team','Operations Leader','','Europe/Berlin','en_us',1,'2019-07-23 10:35:22','2019-07-23 10:35:22',NULL,1,NULL,NULL,NULL,0,NULL,0.00,NULL),(423,'Ajit','Phadtare','12917','Ajit.Phadtare@ul.com','9beed36d49d19c42dd8f17ca96c665c9621af328','7217d89c','Radio team','Lead Test Engineer','','Europe/Berlin','en_us',1,'2019-07-23 10:35:22','2019-07-23 10:35:22',NULL,1,NULL,NULL,NULL,0,NULL,0.00,NULL),(424,'Jakob','Reschke','51763','Jakob.Reschke@ul.com','26c4a34eebfc4a863c3c23c07ac70ff817947ba4','52d8d6ad','TPM team','Project Engineer','','Europe/Berlin','en_us',1,'2019-07-23 10:35:22','2019-07-23 10:35:22',NULL,1,NULL,NULL,NULL,0,NULL,0.00,NULL),(425,'Asim','Shahzad','01158','asim.shahzad@ul.com','fd0d5deff37a012fb2b4ee48f4688f2a989f17d7','569298a8','EMC team','Associate Test Engineer','','Europe/Berlin','en_us',1,'2019-07-23 10:35:22','2019-07-23 10:35:22',NULL,1,NULL,NULL,NULL,0,NULL,0.00,NULL),(426,'Vladimir','Eppel','01125','Vladimir.Eppel@ul.com','e7bf93968f1a75e64de6c085cf136ed9d3f5e7f0','3aca3908','EMC team','Associate Test Engineer','','Europe/Berlin','en_us',1,'2019-07-23 10:35:22','2019-07-23 10:35:22',NULL,1,NULL,NULL,NULL,0,NULL,0.00,NULL),(427,'Devang','Chauhan','23452','Devang.Chauhan@ul.com','12323c1bc756a86d0c3f9567f6eadb669a69af43','4be67032','EMC team','Laboratory Engineer','','Europe/Berlin','en_us',1,'2019-07-23 10:35:22','2019-07-23 10:35:22',NULL,1,NULL,NULL,NULL,0,NULL,0.00,NULL),(428,'Krume','Ivanov','20864','Krume.Ivanov@ul.com','39eeaf9ddfc0153a334ae1d24ec84e0df26278aa','0aca4579','Radio team','Laboratory Engineer','','Europe/Berlin','en_us',1,'2019-07-23 10:35:22','2019-07-23 10:35:22',NULL,1,NULL,NULL,NULL,0,NULL,0.00,NULL),(429,'Abdou','Salifou','01167','Abdoufataou.Salifou@ul.com','42d1e90e49c80f529f9aa9ee7d59a0e3cf0f25f7','09283c1e','Radio team','Laboratory Engineer','','Europe/Berlin','en_us',1,'2019-07-23 10:35:22','2019-07-23 10:35:22',NULL,1,NULL,NULL,NULL,0,NULL,0.00,NULL),(430,'Tsubasa','Takayama','40769','Tsubasa.Takayama@ul.com','4becbb41952ce8510924c688a370b4fcd1d6768d','71a04424','',NULL,NULL,'Asia/Tokyo','en_us',1,'2019-07-29 07:42:23','2019-10-04 03:42:12','2019-10-04 03:42:12',1,NULL,NULL,'3fedbacb1b39f6921967',0,NULL,0.00,NULL),(431,'Alvin','Capil','81766','81766@ul.com','43b42269480d43bd4814a8e80f198a083fd87eaf','7f4d7c5f','','','','America/New_York','en_us',1,'2019-07-31 09:12:15','2019-10-16 09:14:58','2019-10-16 09:14:58',1,NULL,NULL,'d3d37de932759da47fe9',0,NULL,0.00,NULL),(432,'Andy','Piercy','31420','Andy.Piercy@ul.com','99383d25a8897344e5f05b8485d01506da44cabe','6aaef625','',NULL,NULL,'Europe/London','en_us',1,'2019-08-01 08:45:26','2019-08-01 08:45:26',NULL,1,NULL,NULL,NULL,0,NULL,0.00,NULL),(433,'David','Schumann','60161','David.Schumann@ul.com','d6b6c17f7bb4f1a580f24b14149520aa83ed0a2a','11338214','',NULL,NULL,'Europe/London','en_us',1,'2019-08-01 08:46:26','2019-08-01 08:46:26',NULL,1,NULL,NULL,NULL,0,NULL,0.00,NULL),(434,'Meliza','Reyes','49011','Meliza.Reyes@ul.com','76db1644a36a184ef36949b6c98d37ecb3ca790c','67564c3d','',NULL,NULL,'Asia/Taipei','en_us',1,'2019-08-01 08:48:11','2019-08-01 08:48:11',NULL,1,NULL,NULL,NULL,0,NULL,0.00,NULL),(435,'Lucia','Villasenor','49012','Lucia.Villasenor@ul.com','b04d7948ce33ced67a71f95b4f2a9ee67fddcdbe','2e7458b8','',NULL,NULL,'Asia/Taipei','en_us',1,'2019-08-01 08:49:09','2019-08-01 08:49:09',NULL,1,NULL,NULL,NULL,0,NULL,0.00,NULL),(436,'Dennis','Concepcion','82462','Dennis.Concepcion@ul.com','fcccbfb5c80e4a0e0381fd79d8c741ac3cc3ce96','54b0f259','',NULL,NULL,'Asia/Taipei','en_us',1,'2019-08-01 08:50:10','2019-08-01 08:50:10',NULL,1,NULL,NULL,NULL,0,NULL,0.00,NULL),(437,'Justin','Boffemmyer','20378','Justin.Boffemmyer@ul.com','b55483fa9605afabb16845e69d1b2b54348c5e5e','6c3bf721','','','','Asia/Tokyo','en_us',1,'2019-08-14 12:07:57','2019-10-02 06:08:24','2019-10-02 06:08:24',1,NULL,NULL,'dca98e002324b8d3b298',0,NULL,0.00,NULL),(438,'Ken','Fujita','37706','Ken.Fujita@ul.com','abc57e1a3d946e4898c3d44a56a47e9f795d7d81','76e5189f','','','','Asia/Tokyo','en_us',1,'2019-08-14 12:07:57','2019-08-14 12:07:57',NULL,1,NULL,NULL,NULL,0,NULL,0.00,NULL),(439,'Rie','Fujiwara','40682','Rie.Fujiwara@ul.com','8cc31c8cc330b91edaeedb5da748bd4235023242','6be7b534','','','','Asia/Tokyo','en_us',1,'2019-08-14 12:07:57','2019-08-14 12:07:57',NULL,1,NULL,NULL,NULL,0,NULL,0.00,NULL),(440,'Yasuyuki','Fukui','2523','Yasuyuki.Fukui@ul.com','201afaaad99c8fd4a44c3d3849b507224bca5680','075138b6','','','','Asia/Tokyo','en_us',1,'2019-08-14 12:07:57','2019-08-14 12:07:57',NULL,1,NULL,NULL,NULL,0,NULL,0.00,NULL),(441,'Hiroyuki','Furutaka','21616','Hiroyuki.Furutaka@ul.com','c7c83d32e39567d6e0187a17ff9d055a47db5371','68f5b556','','','','Asia/Tokyo','en_us',1,'2019-08-14 12:07:57','2019-08-14 12:07:57',NULL,1,NULL,NULL,NULL,0,NULL,0.00,NULL),(442,'Norihisa','Hashimoto','40789','Norihisa.Hashimoto@ul.com','8374fd71c453f63650736f97cce10221c592218b','0a973f45','','','','Asia/Tokyo','en_us',1,'2019-08-14 12:07:57','2019-08-14 12:07:57',NULL,1,NULL,NULL,NULL,0,NULL,0.00,NULL),(443,'Akiyo','Hayashi','37366','Akiyo.Hayashi@ul.com','11e37154880c9b9019fe6070124cf8cd401756f0','1eb04665','','','','Asia/Tokyo','en_us',1,'2019-08-14 12:07:57','2019-08-14 12:07:57',NULL,1,NULL,NULL,NULL,0,NULL,0.00,NULL),(444,'Aya','Hiraga','13132','Aya.Hiraga@ul.com','3b515e7fd8cf9770598932e36e5c49ba49741d2a','673a388b','','','','Asia/Tokyo','en_us',1,'2019-08-14 12:07:57','2019-08-14 12:07:57',NULL,1,NULL,NULL,NULL,0,NULL,0.00,NULL),(445,'Takeshi','Hiyaji','14574','Takeshi.Hiyaji@ul.com','8ff6d2b52ae5898f945f26d541400f8cce287789','32fc85c4','','','','Asia/Tokyo','en_us',1,'2019-08-14 12:07:57','2019-08-14 12:07:57',NULL,1,NULL,NULL,NULL,0,NULL,0.00,NULL),(446,'Motoya','Imura','7976','Motoya.Imura@ul.com','f7dc81874d1835c3fff9d64878f09cef1a1fd75e','5b5d4b78','','','','Asia/Tokyo','en_us',1,'2019-08-14 12:07:57','2019-08-14 12:07:57',NULL,1,NULL,NULL,NULL,0,NULL,0.00,NULL),(447,'Masamichi','Ishii','40745','Masamichi.Ishii@ul.com','79f92f9e2df322de27d42c65e4bca518b28beda0','0cd36cf4','','','','Asia/Tokyo','en_us',1,'2019-08-14 12:07:58','2019-08-14 12:07:58',NULL,1,NULL,NULL,NULL,0,NULL,0.00,NULL),(448,'Yayoi','Ito','82887','Yayoi.Ito@ul.com','87ce6d855169e7bff657ef0ed9ce77f9ff87b2ed','533b7847','','','','Asia/Tokyo','en_us',1,'2019-08-14 12:07:58','2019-08-14 12:07:58',NULL,1,NULL,NULL,NULL,0,NULL,0.00,NULL),(449,'Yukari','Ito','40720','Yukari.Ito@ul.com','f7b9f725784a813a5bd5eb88e49152f8fa2c962b','6e76bc20','','','','Asia/Tokyo','en_us',1,'2019-08-14 12:07:58','2019-08-14 12:07:58',NULL,1,NULL,NULL,NULL,0,NULL,0.00,NULL),(450,'Yumi','Iwasaki','83144','Yumi.Iwasaki@ul.com','8681fed22b1352d9238922154aa8c21d397e23c0','785fbcac','','','','Asia/Tokyo','en_us',1,'2019-08-14 12:07:58','2019-08-14 12:07:58',NULL,1,NULL,NULL,NULL,0,NULL,0.00,NULL),(451,'Machiko','Kado','40653','Machiko.Kado@ul.com','b76eecba05ca60e744b4fa9b009fe17e26403ca2','5a4d8c09','','','','Asia/Tokyo','en_us',1,'2019-08-14 12:07:58','2019-08-14 12:07:58',NULL,1,NULL,NULL,NULL,0,NULL,0.00,NULL),(452,'Yuichi','Kaneyama','1146','Yuichi.Kaneyama@ul.com','e9a734090afe92a5a8e97ab4c52e5cafe94384ba','1a7a9f7a','','','','Asia/Tokyo','en_us',1,'2019-08-14 12:07:58','2019-08-14 12:07:58',NULL,1,NULL,NULL,NULL,0,NULL,0.00,NULL),(453,'Nachi','Konegawa','22422','Nachi.Konegawa@ul.com','ba67e511e3b39012cab5517b456f7aa82ce1104f','345e52e7','','','','Asia/Tokyo','en_us',1,'2019-08-14 12:07:58','2019-08-14 12:07:58',NULL,1,NULL,NULL,NULL,0,NULL,0.00,NULL),(454,'Kumiko','Kunimitsu','83093','Kumiko.Kunimitsu@ul.com','c0b9c4730cfa6d8eabfbf110df475584bc3b103d','1f0d7e48','','','','Asia/Tokyo','en_us',1,'2019-08-14 12:07:58','2019-08-14 12:07:58',NULL,1,NULL,NULL,NULL,0,NULL,0.00,NULL),(455,'Akihiko','Maeda','01505','Akihiko.Maeda@ul.com','34fe3be1632569193c3acc5a0fe592d29dc441e9','71cba8f2','','','','Asia/Tokyo','en_us',1,'2019-08-14 12:07:58','2019-08-14 12:07:58',NULL,1,NULL,NULL,NULL,0,NULL,0.00,NULL),(456,'Satofumi','Matsuyama','16158','Satofumi.Matsuyama@ul.com','b230f6c8d37863f024cdf13672f089f0c0f5b5d7','131cc73a','','','','Asia/Tokyo','en_us',1,'2019-08-14 12:07:58','2019-08-14 12:07:58',NULL,1,NULL,NULL,NULL,0,NULL,0.00,NULL),(457,'Masaya','Minami','40779','Masaya.Minami@ul.com','029db5272955ae0fe0244e8811a828e2d509e237','26f307f8','','','','Asia/Tokyo','en_us',1,'2019-08-14 12:07:58','2019-08-14 12:07:58',NULL,1,NULL,NULL,NULL,0,NULL,0.00,NULL),(458,'Shinichi','Miyazono','31570','Shinichi.Miyazono@ul.com','b84b192adf10ed8870b31712037c88210d27eeeb','0134d93e','','','','Asia/Tokyo','en_us',1,'2019-08-14 12:07:58','2019-08-14 12:07:58',NULL,1,NULL,NULL,NULL,0,NULL,0.00,NULL),(459,'Yuta','Moriya','37405','Yuta.Moriya@ul.com','82bfe87b1aaa26ca83e4854ff4a4b4fbbb5e9cfe','493961e3','','','','Asia/Tokyo','en_us',1,'2019-08-14 12:07:58','2019-08-14 12:07:58',NULL,1,NULL,NULL,NULL,0,NULL,0.00,NULL),(460,'Chiaki','Nabeshima','40739','Chiaki.Nabeshima@ul.com','5e2ec83bd62cc4088234b7ab52e66200dd86c944','7df2c61d','','','','Asia/Tokyo','en_us',1,'2019-08-14 12:07:59','2019-08-14 12:07:59',NULL,1,NULL,NULL,NULL,0,NULL,0.00,NULL),(461,'Junki','Nagatomi','02191','Junki.Nagatomi@ul.com','4428c2b499825e4bb7c8a7e8fd615187eea86505','1084c1d9','','','','Asia/Tokyo','en_us',1,'2019-08-14 12:07:59','2019-08-14 12:07:59',NULL,1,NULL,NULL,NULL,0,NULL,0.00,NULL),(462,'Tomohisa','Nakagawa','18619','Tomohisa.Nakagawa@ul.com','a96807d927aed016e405d6ea639b15f2454eceff','406b4bc5','','','','Asia/Tokyo','en_us',1,'2019-08-14 12:07:59','2019-08-14 12:07:59',NULL,1,NULL,NULL,NULL,0,NULL,0.00,NULL),(463,'Ayumi','Nakamura','43037','Ayumi.Nakamura@ul.com','debfe1af651d7c66b6b7c9e1ef619fde7bc6d0f1','6a4c4c54','','','','Asia/Tokyo','en_us',1,'2019-08-14 12:07:59','2019-08-14 12:07:59',NULL,1,NULL,NULL,NULL,0,NULL,0.00,NULL),(464,'Masatoshi','Nishiguchi','31641','Masatoshi.Nishiguchi@ul.com','067c93900f7fb9061a24d490f3824ad5de1ef2f4','52955b31','','','','Asia/Tokyo','en_us',1,'2019-08-14 12:07:59','2019-08-14 12:07:59',NULL,1,NULL,NULL,NULL,0,NULL,0.00,NULL),(465,'Akiko','Nishimura','40701','Akiko.Nishimura@ul.com','deb5aba070169128fb5407e66b9192d516d86cb6','54e35d3a','','','','Asia/Tokyo','en_us',1,'2019-08-14 12:07:59','2019-08-14 12:07:59',NULL,1,NULL,NULL,NULL,0,NULL,0.00,NULL),(466,'Takafumi','Noguchi','43031','Takafumi.Noguchi@ul.com','7ebaee9a7aa66434e55254451f879b88800027bf','023d5a7c','','','','Asia/Tokyo','en_us',1,'2019-08-14 12:07:59','2019-08-14 12:07:59',NULL,1,NULL,NULL,NULL,0,NULL,0.00,NULL),(467,'Yuko','Noguchi','19770','Yuko.Noguchi@ul.com','1e1240467485d0f6a6a586bf484add2fdcac0296','0ca5747b','','','','Asia/Tokyo','en_us',1,'2019-08-14 12:07:59','2019-08-14 12:07:59',NULL,1,NULL,NULL,NULL,0,NULL,0.00,NULL),(468,'Naomi','Nonaka','82878','Naomi.Nonaka@ul.com','e32daa2c289c99b9b96e669c84a9f33d553b9a26','326e59b0','','','','Asia/Tokyo','en_us',1,'2019-08-14 12:07:59','2019-08-14 12:07:59',NULL,1,NULL,NULL,NULL,0,NULL,0.00,NULL),(469,'Mamoru','Ohkawa','53455','Mamoru.Ohkawa@ul.com','dcd1ccb7ddc555a49a0e86167b0065d38331789c','1fdeb771','','','','Asia/Tokyo','en_us',1,'2019-08-14 12:07:59','2019-08-14 12:07:59',NULL,1,NULL,NULL,NULL,0,NULL,0.00,NULL),(470,'Akiyo','Ohnishi','20385','Akiyo.Ohnishi@ul.com','e746a5dbf993663f431697e667e5de5455984d41','7473524f','','','','Asia/Tokyo','en_us',1,'2019-08-14 12:07:59','2019-08-14 12:07:59',NULL,1,NULL,NULL,NULL,0,NULL,0.00,NULL),(471,'Shuichi','Ohyama','41353','Shuichi.Ohyama@ul.com','e7f02f0cb36a92041cbc4e69b196d147bc1ed8b0','01b579b5','','','','Asia/Tokyo','en_us',1,'2019-08-14 12:07:59','2019-08-14 12:07:59',NULL,1,NULL,NULL,NULL,0,NULL,0.00,NULL),(472,'Junya','Okuno','14163','Junya.Okuno@ul.com','7089ea32df8b8e14ce82c87100d327355909a71a','1e539adf','','','','Asia/Tokyo','en_us',1,'2019-08-14 12:07:59','2019-08-14 12:07:59',NULL,1,NULL,NULL,NULL,0,NULL,0.00,NULL),(473,'Hisayoshi','Sato','04495','Hisayoshi.Sato@ul.com','ad481fdae5f9c48e4b88387df26681f0c8c2a7b8','02fd66db','','','','Asia/Tokyo','en_us',1,'2019-08-14 12:08:00','2019-08-14 12:08:00',NULL,1,NULL,NULL,NULL,0,NULL,0.00,NULL),(474,'Takayuki','Shimada','14566','Takayuki.Shimada@ul.com','b9f73c1cf8b197375035077e517fba0723354120','1cbacccc','','','','Asia/Tokyo','en_us',1,'2019-08-14 12:08:00','2019-08-14 12:08:00',NULL,1,NULL,NULL,NULL,0,NULL,0.00,NULL),(475,'Takumi','Shimada','04450','Takumi.Shimada@ul.com','a6590ea8e439bd5d219a4cd820b5d4d3ab262c49','22398ace','','','','Asia/Tokyo','en_us',1,'2019-08-14 12:08:00','2019-08-14 12:08:00',NULL,1,NULL,NULL,NULL,0,NULL,0.00,NULL),(476,'Mayuko','Tokuda','19800','Mayuko.Tokuda@ul.com','6825381ac31708061f25e6d8236b7c17c930a079','76b65cec','','','','Asia/Tokyo','en_us',1,'2019-08-14 12:08:00','2019-08-14 12:08:00',NULL,1,NULL,NULL,NULL,0,NULL,0.00,NULL),(477,'Shinya','Watanabe','07651','Shinya.Watanabe@ul.com','f7625fd71228a563f99086e811a1df41f41c95ca','38482612','','','','Asia/Tokyo','en_us',1,'2019-08-14 12:08:00','2019-08-14 12:08:00',NULL,1,NULL,NULL,NULL,0,NULL,0.00,NULL),(478,'Koji','Yamamoto','33754','Koji.X.Yamamoto@ul.com','dad8bf87556d5e238fd5854052b5ff242c54c0b0','2cced62d','','','','Asia/Tokyo','en_us',1,'2019-08-14 12:08:00','2019-08-14 12:08:00',NULL,1,NULL,NULL,NULL,0,NULL,0.00,NULL),(479,'Ryota','Yamanaka','48100','Ryota.Yamanaka@ul.com','4a01314d3f282578f8ff53ce7f65fbc7e49088cb','6f253c6e','','','','Asia/Tokyo','en_us',1,'2019-08-14 12:08:00','2019-08-14 12:08:00',NULL,1,NULL,NULL,NULL,0,NULL,0.00,NULL),(480,'Takahiro','Yamazaki','43218','Takahiro.Yamazaki@ul.com','1142ea6031b4664f33195bbeffdb1bbbe93e668d','653778c8','','','','Asia/Tokyo','en_us',1,'2019-08-14 12:08:00','2019-08-14 12:08:00',NULL,1,NULL,NULL,NULL,0,NULL,0.00,NULL),(481,'Yuichiro','Yamazaki','11146','Yuichiro.Yamazaki@ul.com','758c78eec933cada1de2fae3e175d8e12d15e95e','71722dd7','','','','Asia/Tokyo','en_us',1,'2019-08-14 12:08:00','2019-08-14 12:08:00',NULL,1,NULL,NULL,NULL,0,NULL,0.00,NULL),(482,'Toshifumi','Yoneshige','02525','Toshifumi.Yoneshige@ul.com','26005619d634649e0dd3d7bf1295baaee9b5758f','4ee37351','','','','Asia/Tokyo','en_us',1,'2019-08-14 12:08:00','2019-08-14 12:08:00',NULL,1,NULL,NULL,NULL,0,NULL,0.00,NULL),(483,'Yutaka','Yoshida','40749','Yutaka.Yoshida@ul.com','ebd53008ddc2df2229085305125ba53f74a5c09c','1dc2effa','','','','Asia/Tokyo','en_us',1,'2019-08-14 12:08:00','2019-08-14 12:08:00',NULL,1,NULL,NULL,NULL,0,NULL,0.00,NULL),(484,'Yuya','Ohira','22438','Yuya.Ohira@ul.com','b063d91a1b2045892b62c41e9847d55d135a5a7b','3628c5a8','','','','Asia/Tokyo','en_us',1,'2019-08-14 12:08:00','2019-08-14 12:08:00',NULL,1,NULL,NULL,NULL,0,NULL,0.00,NULL),(485,'Vincent','Oellyzas','vince','vincentarmedilla@yahoo.com','c19827a2d510b9e5161903df8407e3cadd675ca0','757e47f8','','','','Africa/Abidjan','en_us',1,'2019-08-15 13:19:02','2019-10-12 11:06:26',NULL,1,NULL,NULL,NULL,0,NULL,0.00,NULL),(486,'Dan','Cieplik','14082','dan.cieplik@ul.com','249236788ad92be7d0c63e413d58de89c2274b37','72eb72d0','NBK EMC','Operation Leader','','America/Chicago','en_us',1,'2019-10-03 07:25:27','2019-10-03 07:25:27',NULL,1,NULL,NULL,NULL,0,NULL,0.00,NULL),(487,'Bart','Mucha','6740','Bartlomiej.Mucha@ul.com','60cc2f098cb3321ec0a4327aa29ca509a889d36d','3984f5c6','NBK EMC','Staff Engineer','','America/Chicago','en_us',1,'2019-10-03 07:31:54','2019-10-03 07:31:55',NULL,1,NULL,NULL,NULL,0,NULL,0.00,NULL),(488,'Mark','Mynes','6536','Mark.Mynes@ul.com','8eeb725436ac909e7168b44ae9df13fa165b6348','704e090e','NBK EMC','Lead Test Engineer','','America/Chicago','en_us',1,'2019-10-03 07:31:55','2019-10-03 07:31:56',NULL,1,NULL,NULL,NULL,0,NULL,0.00,NULL),(489,'Angel','Adan','5832','Angel.Adan@ul.com','ad12f992c47975192a88cfb139e4446552f4200c','0cda9beb','NBK EMC','Lab Tech','','America/Chicago','en_us',1,'2019-10-03 07:31:56','2019-10-03 07:31:56',NULL,1,NULL,NULL,NULL,0,NULL,0.00,NULL),(490,'Manny','Adan','24681','Emmanuel.Adan@ul.com','f1f468f490d2573d648fa55fc08c30d4214d5795','47018ad7','NBK EMC','Lab Assistant','','America/Chicago','en_us',1,'2019-10-03 07:31:56','2019-10-03 07:31:57',NULL,1,NULL,NULL,NULL,0,NULL,0.00,NULL),(491,'Kamel','Atia','11813','Kamel.Atia@ul.com','7d75a30f94ff0b2657020de65d00a072829b956b','42aad5e2','NBK EMC','Engineering Project Handler','','America/Chicago','en_us',1,'2019-10-03 07:31:57','2019-10-03 07:31:58',NULL,1,NULL,NULL,NULL,0,NULL,0.00,NULL),(492,'Garrett','Brucato','39777','Garrett.Brucato@ul.com','0e120b9ff9b8dce7a9176931a4de6d83b0e60b0d','62cf9481','NBK EMC','Senior Lab Tech','','America/Chicago','en_us',1,'2019-10-03 07:31:58','2019-10-03 07:31:59',NULL,1,NULL,NULL,NULL,0,NULL,0.00,NULL),(493,'Mike','Fick','51803','Michael.Fick@ul.com','83ca500859f20d8930fe780bdaf434063daf29a7','42b18e5e','NBK EMC','Lab Tech','','America/Chicago','en_us',1,'2019-10-03 07:31:59','2019-10-03 07:31:59',NULL,1,NULL,NULL,NULL,0,NULL,0.00,NULL),(494,'Mike','Keeler','31193','Michael.Keeler@ul.com','03dc62cbcb36df2ac844f16224452d5430b7470e','1ee9ecf0','NBK EMC','Engineer','','America/Chicago','en_us',1,'2019-10-03 07:32:00','2019-10-03 07:32:00',NULL,1,NULL,NULL,NULL,0,NULL,0.00,NULL),(495,'Mark','Kosinski','41941','Mark.Kosinski@ul.com','f5847a849eee3a14c82c991cc3d17fe50945bf92','3f7e64ec','NBK EMC','Lab Engineer','','America/Chicago','en_us',1,'2019-10-03 07:32:00','2019-10-03 07:32:01',NULL,1,NULL,NULL,NULL,0,NULL,0.00,NULL),(496,'Joe','McWilliams','05397','Joseph.McWilliams@ul.com','a9ff03b0f8ca0e3d92ebcd4682d9101de6d6dc09','3ae768be','NBK EMC','Staff Engineer','','America/Chicago','en_us',1,'2019-10-03 07:32:01','2019-10-23 12:30:33',NULL,1,NULL,NULL,NULL,0,NULL,0.00,NULL),(497,'Luis','Miramontes','6925','Luis.Miramontes@ul.com','db65cef4e7636355ee3fc48af592f2a2b4cd5964','438bc9b2','NBK EMC','Senior Project Engineer','','America/Chicago','en_us',1,'2019-10-03 07:32:02','2019-10-03 07:32:03',NULL,1,NULL,NULL,NULL,0,NULL,0.00,NULL),(498,'Vincent','Sabalvaor','31601','Vincent.Sabalvaro.IV@ul.com','f0ede63a208b2e7a593e30b78f1c1d3f05a6b7f5','2fef7526','NBK EMC','Project Engineer','','America/Chicago','en_us',1,'2019-10-03 07:32:03','2019-10-03 07:32:03',NULL,1,NULL,NULL,NULL,0,NULL,0.00,NULL),(499,'Adam','Voracek','5863','Adam.Voracek@ul.com','21697985d58a7ead00ff3a0adc5b72591bc14d67','0ab4b135','NBK EMC','Senior Project Engineer','','America/Chicago','en_us',1,'2019-10-03 07:32:03','2019-10-03 07:32:04',NULL,1,NULL,NULL,NULL,0,NULL,0.00,NULL),(500,'Ma. Cristina','Nicanor','83798','MaCristina.Nicanor@ul.com','3dc473c00fa26cdc37bce94b899a5f02f88f9f6a','7600f5dc','','','','America/Chicago','en_us',1,'2019-10-04 02:55:41','2019-10-23 09:27:32','2019-10-23 09:27:32',1,NULL,NULL,'90df77525814ab145801',0,NULL,0.00,NULL),(501,'Shinichi','Deoka','43219','Shinichi.Deoka@ul.com','c5241962ad0b0eb6c51e6904100dce8ba26adc53','6e1acfe8','','','','Asia/Tokyo','en_us',1,'2019-10-04 07:12:56','2019-10-04 07:12:56',NULL,1,NULL,NULL,NULL,0,NULL,0.00,NULL),(502,'Manabu','Sekino','43240','Manabu.Sekino@ul.com','bd466f4271c3190257d6eaa8cdcae08e45cc342e','4a095ddb','','','','Asia/Tokyo','en_us',1,'2019-10-04 07:14:36','2019-10-04 07:14:36',NULL,1,NULL,NULL,NULL,0,NULL,0.00,NULL),(503,'Tadashi','Kuroda','43221','Tadashi.Kuroda@ul.com','f43698c3ac44890e1bf9eea0a877fa3579a7dedc','45121836','','','','Africa/Abidjan','en_us',1,'2019-10-04 07:15:13','2019-10-04 07:15:13',NULL,1,NULL,NULL,NULL,0,NULL,0.00,NULL),(504,'Atsushi','Ishige','43225','Atsushi.Ishige@ul.com','936a2ae99b5b35daac307fde5a5ebb55a8e05076','1ee67826','','','','Asia/Tokyo','en_us',1,'2019-10-04 07:16:23','2019-10-04 07:16:23',NULL,1,NULL,NULL,NULL,0,NULL,0.00,NULL),(505,'Hiroyuki','Ayuta','43242','Hiroyuki.Ayuta@ul.com','d603b046fbe78c7b8e3952f5d7b67ff1fef2490d','70653ada','','','','Asia/Tokyo','en_us',1,'2019-10-04 07:17:11','2019-10-04 07:17:11',NULL,1,NULL,NULL,NULL,0,NULL,0.00,NULL),(506,'John','Hernandez','44702','john.hernandez@ul.com','5d28dfbf0c77e3b1231c51982e31631067ff5a5e','3820669b','EMC Group','Senior Test Engineer','','Europe/London','en_us',1,'2019-10-07 02:30:12','2019-10-07 02:31:42',NULL,1,NULL,NULL,NULL,0,NULL,0.00,NULL),(507,'Ricardo','Camara','51324','ricardomartin.camara@ul.com','a7b711200f3a8020cd3c48f39ff73f7026982ec1','7dfdbb7e','','','','Asia/Singapore','en_us',1,'2019-10-14 07:17:44','2019-10-17 02:38:29','2019-10-17 02:38:29',1,NULL,NULL,'8a4132758cfdaf3e7306',0,NULL,0.00,NULL),(508,'Sercan','Usta','23464','Sercan.Usta@ul.com','05831d88c7932a7f5b01995852dd88a0e88e2783','30f94e0f','Radio team','Laboratory Engineer','','Europe/Berlin','en_us',1,'2019-10-17 02:01:12','2019-10-17 02:01:12',NULL,1,NULL,NULL,NULL,0,NULL,0.00,NULL),(509,'San','Lin','23827','San.Lin@ul.com','993cf6b7a31ce9cce9bbf62a86947cf639838958','032df612','','Engineer Project Associate','','Asia/Taipei','en_us',1,'2019-10-17 02:06:20','2019-10-22 02:31:50','2019-10-22 02:31:50',1,NULL,NULL,'bbe9f0d877d55887626e',0,NULL,0.00,NULL),(510,'Sean','Drobinski','14642','Sean.Drobinski@ul.com','6bd0ff8c6c27a4996b5cc3636b601e9d7f72ab00','579d61b4','NBK EMC','Test Engineer','','America/Chicago','en_us',1,'2019-10-17 05:51:54','2019-10-17 05:51:54',NULL,1,NULL,NULL,NULL,0,NULL,0.00,NULL);
/*!40000 ALTER TABLE `users` ENABLE KEYS */;
UNLOCK TABLES;
/*!40103 SET TIME_ZONE=@OLD_TIME_ZONE */;

/*!40101 SET SQL_MODE=@OLD_SQL_MODE */;
/*!40014 SET FOREIGN_KEY_CHECKS=@OLD_FOREIGN_KEY_CHECKS */;
/*!40014 SET UNIQUE_CHECKS=@OLD_UNIQUE_CHECKS */;
/*!40101 SET CHARACTER_SET_CLIENT=@OLD_CHARACTER_SET_CLIENT */;
/*!40101 SET CHARACTER_SET_RESULTS=@OLD_CHARACTER_SET_RESULTS */;
/*!40101 SET COLLATION_CONNECTION=@OLD_COLLATION_CONNECTION */;
/*!40111 SET SQL_NOTES=@OLD_SQL_NOTES */;

-- Dump completed on 2019-10-23 23:28:13
